eclip_id	gt_out_folder	pos_bed	neg_bed	mode_settings	num_pos	min_pos	max_pos	mean_pos	median_pos	num_neg	min_neg	max_neg	mean_neg	median_neg
AATF_K562_ENCSR819XBT	rnaprot_gt_out/AATF_K562_ENCSR819XBT_varlen_ext20_gt_out	rnaprot_gt_out/pos_neg_fasta_out/AATF_K562_ENCSR819XBT.varlen_ext20.positives.bed	rnaprot_gt_out/pos_neg_fasta_out/AATF_K562_ENCSR819XBT.varlen_ext20.negatives.bed	--max-len 300 --mode 2 --seq-ext 20 --seed 1	708	61	232	99.79802259887006	95.0	708	61	229	100.19209039548022	96.0
ADAR_K562_ENCSR202LKI	rnaprot_gt_out/ADAR_K562_ENCSR202LKI_varlen_ext20_gt_out	rnaprot_gt_out/pos_neg_fasta_out/ADAR_K562_ENCSR202LKI.varlen_ext20.positives.bed	rnaprot_gt_out/pos_neg_fasta_out/ADAR_K562_ENCSR202LKI.varlen_ext20.negatives.bed	--max-len 300 --mode 2 --seq-ext 20 --seed 1	746	61	235	95.92761394101876	91.0	746	61	235	95.47721179624665	91.0
ADAT1_K562_ENCSR750YOM	rnaprot_gt_out/ADAT1_K562_ENCSR750YOM_varlen_ext20_gt_out	rnaprot_gt_out/pos_neg_fasta_out/ADAT1_K562_ENCSR750YOM.varlen_ext20.positives.bed	rnaprot_gt_out/pos_neg_fasta_out/ADAT1_K562_ENCSR750YOM.varlen_ext20.negatives.bed	--max-len 300 --mode 2 --seq-ext 20 --seed 1	668	61	276	119.02694610778443	117.0	668	61	254	118.18263473053892	115.5
AGGF1_HepG2_ENCSR543TPH	rnaprot_gt_out/AGGF1_HepG2_ENCSR543TPH_varlen_ext20_gt_out	rnaprot_gt_out/pos_neg_fasta_out/AGGF1_HepG2_ENCSR543TPH.varlen_ext20.positives.bed	rnaprot_gt_out/pos_neg_fasta_out/AGGF1_HepG2_ENCSR543TPH.varlen_ext20.negatives.bed	--max-len 300 --mode 2 --seq-ext 20 --seed 1	1752	61	280	110.98801369863014	104.0	1752	61	280	110.95947488584476	103.0
AGGF1_K562_ENCSR725ARB	rnaprot_gt_out/AGGF1_K562_ENCSR725ARB_varlen_ext20_gt_out	rnaprot_gt_out/pos_neg_fasta_out/AGGF1_K562_ENCSR725ARB.varlen_ext20.positives.bed	rnaprot_gt_out/pos_neg_fasta_out/AGGF1_K562_ENCSR725ARB.varlen_ext20.negatives.bed	--max-len 300 --mode 2 --seq-ext 20 --seed 1	3457	61	300	109.80300838877639	101	3457	61	283	110.71709574775817	102
AGO2_K562_ENCSR048YXG	rnaprot_gt_out/AGO2_K562_ENCSR048YXG_varlen_ext20_gt_out	rnaprot_gt_out/pos_neg_fasta_out/AGO2_K562_ENCSR048YXG.varlen_ext20.positives.bed	rnaprot_gt_out/pos_neg_fasta_out/AGO2_K562_ENCSR048YXG.varlen_ext20.negatives.bed	--max-len 300 --mode 2 --seq-ext 20 --seed 1	8187	61	291	109.1772321973861	107	8187	61	291	108.95150848906803	107
AKAP1_HepG2_ENCSR356ZMO	rnaprot_gt_out/AKAP1_HepG2_ENCSR356ZMO_varlen_ext20_gt_out	rnaprot_gt_out/pos_neg_fasta_out/AKAP1_HepG2_ENCSR356ZMO.varlen_ext20.positives.bed	rnaprot_gt_out/pos_neg_fasta_out/AKAP1_HepG2_ENCSR356ZMO.varlen_ext20.negatives.bed	--max-len 300 --mode 2 --seq-ext 20 --seed 1	3484	61	295	112.99425947187142	106.0	3484	61	295	112.93226176808267	106.0
AKAP1_K562_ENCSR177QQY	rnaprot_gt_out/AKAP1_K562_ENCSR177QQY_varlen_ext20_gt_out	rnaprot_gt_out/pos_neg_fasta_out/AKAP1_K562_ENCSR177QQY.varlen_ext20.positives.bed	rnaprot_gt_out/pos_neg_fasta_out/AKAP1_K562_ENCSR177QQY.varlen_ext20.negatives.bed	--max-len 300 --mode 2 --seq-ext 20 --seed 1	1181	61	296	108.7502116850127	102	1181	61	296	108.19475021168502	102
AKAP8L_K562_ENCSR206RXT	rnaprot_gt_out/AKAP8L_K562_ENCSR206RXT_varlen_ext20_gt_out	rnaprot_gt_out/pos_neg_fasta_out/AKAP8L_K562_ENCSR206RXT.varlen_ext20.positives.bed	rnaprot_gt_out/pos_neg_fasta_out/AKAP8L_K562_ENCSR206RXT.varlen_ext20.negatives.bed	--max-len 300 --mode 2 --seq-ext 20 --seed 1	1852	61	268	110.05669546436285	105.0	1852	61	268	110.02861771058315	105.0
APEX1_HepG2_ENCSR554GSW	rnaprot_gt_out/APEX1_HepG2_ENCSR554GSW_varlen_ext20_gt_out	rnaprot_gt_out/pos_neg_fasta_out/APEX1_HepG2_ENCSR554GSW.varlen_ext20.positives.bed	rnaprot_gt_out/pos_neg_fasta_out/APEX1_HepG2_ENCSR554GSW.varlen_ext20.negatives.bed	--max-len 300 --mode 2 --seq-ext 20 --seed 1	349	61	330	106.36103151862464	103	349	61	245	109.39541547277938	106
APEX1_K562_ENCSR256NCI	rnaprot_gt_out/APEX1_K562_ENCSR256NCI_varlen_ext20_gt_out	rnaprot_gt_out/pos_neg_fasta_out/APEX1_K562_ENCSR256NCI.varlen_ext20.positives.bed	rnaprot_gt_out/pos_neg_fasta_out/APEX1_K562_ENCSR256NCI.varlen_ext20.negatives.bed	--max-len 300 --mode 2 --seq-ext 20 --seed 1	102	61	265	103.25490196078431	90.5	102	61	265	102.55882352941177	89.0
APOBEC3C_K562_ENCSR739VVT	rnaprot_gt_out/APOBEC3C_K562_ENCSR739VVT_varlen_ext20_gt_out	rnaprot_gt_out/pos_neg_fasta_out/APOBEC3C_K562_ENCSR739VVT.varlen_ext20.positives.bed	rnaprot_gt_out/pos_neg_fasta_out/APOBEC3C_K562_ENCSR739VVT.varlen_ext20.negatives.bed	--max-len 300 --mode 2 --seq-ext 20 --seed 1	853	61	333	101.78077373974209	98	853	61	333	101.8358733880422	98
AQR_HepG2_ENCSR018WPY	rnaprot_gt_out/AQR_HepG2_ENCSR018WPY_varlen_ext20_gt_out	rnaprot_gt_out/pos_neg_fasta_out/AQR_HepG2_ENCSR018WPY.varlen_ext20.positives.bed	rnaprot_gt_out/pos_neg_fasta_out/AQR_HepG2_ENCSR018WPY.varlen_ext20.negatives.bed	--max-len 300 --mode 2 --seq-ext 20 --seed 1	8952	61	319	104.53362377122431	98.0	8952	61	319	104.19291778373548	97.0
AQR_K562_ENCSR606BPV	rnaprot_gt_out/AQR_K562_ENCSR606BPV_varlen_ext20_gt_out	rnaprot_gt_out/pos_neg_fasta_out/AQR_K562_ENCSR606BPV.varlen_ext20.positives.bed	rnaprot_gt_out/pos_neg_fasta_out/AQR_K562_ENCSR606BPV.varlen_ext20.negatives.bed	--max-len 300 --mode 2 --seq-ext 20 --seed 1	17100	61	257	93.11959064327485	89.0	17100	61	257	92.90777777777778	89.0
BCCIP_HepG2_ENCSR485QCG	rnaprot_gt_out/BCCIP_HepG2_ENCSR485QCG_varlen_ext20_gt_out	rnaprot_gt_out/pos_neg_fasta_out/BCCIP_HepG2_ENCSR485QCG.varlen_ext20.positives.bed	rnaprot_gt_out/pos_neg_fasta_out/BCCIP_HepG2_ENCSR485QCG.varlen_ext20.negatives.bed	--max-len 300 --mode 2 --seq-ext 20 --seed 1	430	61	306	108.15813953488372	102.5	430	61	306	109.14651162790697	104.0
BCLAF1_HepG2_ENCSR876EYA	rnaprot_gt_out/BCLAF1_HepG2_ENCSR876EYA_varlen_ext20_gt_out	rnaprot_gt_out/pos_neg_fasta_out/BCLAF1_HepG2_ENCSR876EYA.varlen_ext20.positives.bed	rnaprot_gt_out/pos_neg_fasta_out/BCLAF1_HepG2_ENCSR876EYA.varlen_ext20.negatives.bed	--max-len 300 --mode 2 --seq-ext 20 --seed 1	23590	61	316	95.01801610852056	90.0	23590	61	316	94.95074183976261	89.0
BUD13_HepG2_ENCSR830BSQ	rnaprot_gt_out/BUD13_HepG2_ENCSR830BSQ_varlen_ext20_gt_out	rnaprot_gt_out/pos_neg_fasta_out/BUD13_HepG2_ENCSR830BSQ.varlen_ext20.positives.bed	rnaprot_gt_out/pos_neg_fasta_out/BUD13_HepG2_ENCSR830BSQ.varlen_ext20.negatives.bed	--max-len 300 --mode 2 --seq-ext 20 --seed 1	3903	61	284	102.64873174481168	98	3903	61	284	102.22316167050987	97
BUD13_K562_ENCSR663WES	rnaprot_gt_out/BUD13_K562_ENCSR663WES_varlen_ext20_gt_out	rnaprot_gt_out/pos_neg_fasta_out/BUD13_K562_ENCSR663WES.varlen_ext20.positives.bed	rnaprot_gt_out/pos_neg_fasta_out/BUD13_K562_ENCSR663WES.varlen_ext20.negatives.bed	--max-len 300 --mode 2 --seq-ext 20 --seed 1	8069	61	281	100.05961085636386	96	8069	61	281	99.85933820795637	96
CACTIN_HepG2_ENCSR150QBS	rnaprot_gt_out/CACTIN_HepG2_ENCSR150QBS_varlen_ext20_gt_out	rnaprot_gt_out/pos_neg_fasta_out/CACTIN_HepG2_ENCSR150QBS.varlen_ext20.positives.bed	rnaprot_gt_out/pos_neg_fasta_out/CACTIN_HepG2_ENCSR150QBS.varlen_ext20.negatives.bed	--max-len 300 --mode 2 --seq-ext 20 --seed 1	290	61	243	110.44137931034483	108.0	290	61	243	109.1103448275862	105.0
CACTIN_K562_ENCSR145KZO	rnaprot_gt_out/CACTIN_K562_ENCSR145KZO_varlen_ext20_gt_out	rnaprot_gt_out/pos_neg_fasta_out/CACTIN_K562_ENCSR145KZO.varlen_ext20.positives.bed	rnaprot_gt_out/pos_neg_fasta_out/CACTIN_K562_ENCSR145KZO.varlen_ext20.negatives.bed	--max-len 300 --mode 2 --seq-ext 20 --seed 1	277	61	225	90.90252707581227	86	277	61	225	90.57039711191335	85
CDC40_HepG2_ENCSR815VVI	rnaprot_gt_out/CDC40_HepG2_ENCSR815VVI_varlen_ext20_gt_out	rnaprot_gt_out/pos_neg_fasta_out/CDC40_HepG2_ENCSR815VVI.varlen_ext20.positives.bed	rnaprot_gt_out/pos_neg_fasta_out/CDC40_HepG2_ENCSR815VVI.varlen_ext20.negatives.bed	--max-len 300 --mode 2 --seq-ext 20 --seed 1	953	61	273	107.57922350472194	103	953	61	254	107.58342077649527	102
CPEB4_K562_ENCSR046JHH	rnaprot_gt_out/CPEB4_K562_ENCSR046JHH_varlen_ext20_gt_out	rnaprot_gt_out/pos_neg_fasta_out/CPEB4_K562_ENCSR046JHH.varlen_ext20.positives.bed	rnaprot_gt_out/pos_neg_fasta_out/CPEB4_K562_ENCSR046JHH.varlen_ext20.negatives.bed	--max-len 300 --mode 2 --seq-ext 20 --seed 1	143	61	207	107.18881118881119	102	143	61	195	106.00699300699301	102
CPSF6_K562_ENCSR532VUB	rnaprot_gt_out/CPSF6_K562_ENCSR532VUB_varlen_ext20_gt_out	rnaprot_gt_out/pos_neg_fasta_out/CPSF6_K562_ENCSR532VUB.varlen_ext20.positives.bed	rnaprot_gt_out/pos_neg_fasta_out/CPSF6_K562_ENCSR532VUB.varlen_ext20.negatives.bed	--max-len 300 --mode 2 --seq-ext 20 --seed 1	633	61	308	123.58767772511848	118	633	61	308	123.20695102685625	118
CSTF2T_HepG2_ENCSR919HSE	rnaprot_gt_out/CSTF2T_HepG2_ENCSR919HSE_varlen_ext20_gt_out	rnaprot_gt_out/pos_neg_fasta_out/CSTF2T_HepG2_ENCSR919HSE.varlen_ext20.positives.bed	rnaprot_gt_out/pos_neg_fasta_out/CSTF2T_HepG2_ENCSR919HSE.varlen_ext20.negatives.bed	--max-len 300 --mode 2 --seq-ext 20 --seed 1	15385	61	319	100.97699057523562	97	15385	61	278	100.93805654858629	97
CSTF2T_K562_ENCSR840DRD	rnaprot_gt_out/CSTF2T_K562_ENCSR840DRD_varlen_ext20_gt_out	rnaprot_gt_out/pos_neg_fasta_out/CSTF2T_K562_ENCSR840DRD.varlen_ext20.positives.bed	rnaprot_gt_out/pos_neg_fasta_out/CSTF2T_K562_ENCSR840DRD.varlen_ext20.negatives.bed	--max-len 300 --mode 2 --seq-ext 20 --seed 1	8849	61	310	110.65295513617357	107	8849	61	310	110.6397333031981	107
CSTF2_HepG2_ENCSR384MWO	rnaprot_gt_out/CSTF2_HepG2_ENCSR384MWO_varlen_ext20_gt_out	rnaprot_gt_out/pos_neg_fasta_out/CSTF2_HepG2_ENCSR384MWO.varlen_ext20.positives.bed	rnaprot_gt_out/pos_neg_fasta_out/CSTF2_HepG2_ENCSR384MWO.varlen_ext20.negatives.bed	--max-len 300 --mode 2 --seq-ext 20 --seed 1	2409	61	312	121.72353673723536	119	2409	61	248	121.89871315898714	119
DDX1_K562_ENCSR293FWY	rnaprot_gt_out/DDX1_K562_ENCSR293FWY_varlen_ext20_gt_out	rnaprot_gt_out/pos_neg_fasta_out/DDX1_K562_ENCSR293FWY.varlen_ext20.positives.bed	rnaprot_gt_out/pos_neg_fasta_out/DDX1_K562_ENCSR293FWY.varlen_ext20.negatives.bed	--max-len 300 --mode 2 --seq-ext 20 --seed 1	2996	61	330	118.37283044058745	114.0	2996	61	330	118.38417890520694	114.0
DDX24_K562_ENCSR999WKT	rnaprot_gt_out/DDX24_K562_ENCSR999WKT_varlen_ext20_gt_out	rnaprot_gt_out/pos_neg_fasta_out/DDX24_K562_ENCSR999WKT.varlen_ext20.positives.bed	rnaprot_gt_out/pos_neg_fasta_out/DDX24_K562_ENCSR999WKT.varlen_ext20.negatives.bed	--max-len 300 --mode 2 --seq-ext 20 --seed 1	8154	61	302	95.24650478292862	91.0	8154	61	302	95.1476575913662	91.0
DDX3X_HepG2_ENCSR648LAH	rnaprot_gt_out/DDX3X_HepG2_ENCSR648LAH_varlen_ext20_gt_out	rnaprot_gt_out/pos_neg_fasta_out/DDX3X_HepG2_ENCSR648LAH.varlen_ext20.positives.bed	rnaprot_gt_out/pos_neg_fasta_out/DDX3X_HepG2_ENCSR648LAH.varlen_ext20.negatives.bed	--max-len 300 --mode 2 --seq-ext 20 --seed 1	4973	61	318	113.54755680675649	108	4973	61	318	113.64005630404182	108
DDX3X_K562_ENCSR930BZL	rnaprot_gt_out/DDX3X_K562_ENCSR930BZL_varlen_ext20_gt_out	rnaprot_gt_out/pos_neg_fasta_out/DDX3X_K562_ENCSR930BZL.varlen_ext20.positives.bed	rnaprot_gt_out/pos_neg_fasta_out/DDX3X_K562_ENCSR930BZL.varlen_ext20.negatives.bed	--max-len 300 --mode 2 --seq-ext 20 --seed 1	4704	61	325	117.24702380952381	112.0	4704	61	325	116.98767006802721	112.0
DDX42_K562_ENCSR576SHT	rnaprot_gt_out/DDX42_K562_ENCSR576SHT_varlen_ext20_gt_out	rnaprot_gt_out/pos_neg_fasta_out/DDX42_K562_ENCSR576SHT.varlen_ext20.positives.bed	rnaprot_gt_out/pos_neg_fasta_out/DDX42_K562_ENCSR576SHT.varlen_ext20.negatives.bed	--max-len 300 --mode 2 --seq-ext 20 --seed 1	100	61	234	106.09	98.0	100	61	234	105.46	97.0
DDX43_K562_ENCSR008MQM	rnaprot_gt_out/DDX43_K562_ENCSR008MQM_varlen_ext20_gt_out	rnaprot_gt_out/pos_neg_fasta_out/DDX43_K562_ENCSR008MQM.varlen_ext20.positives.bed	rnaprot_gt_out/pos_neg_fasta_out/DDX43_K562_ENCSR008MQM.varlen_ext20.negatives.bed	--max-len 300 --mode 2 --seq-ext 20 --seed 1	7699	61	324	119.19612936745033	115	7699	61	324	119.40109105078582	115
DDX47_K562_ENCSR631HUN	rnaprot_gt_out/DDX47_K562_ENCSR631HUN_varlen_ext20_gt_out	rnaprot_gt_out/pos_neg_fasta_out/DDX47_K562_ENCSR631HUN.varlen_ext20.positives.bed	rnaprot_gt_out/pos_neg_fasta_out/DDX47_K562_ENCSR631HUN.varlen_ext20.negatives.bed	--max-len 300 --mode 2 --seq-ext 20 --seed 1	189	61	310	135.06349206349208	130	189	61	310	133.72486772486772	129
DDX51_K562_ENCSR145NLR	rnaprot_gt_out/DDX51_K562_ENCSR145NLR_varlen_ext20_gt_out	rnaprot_gt_out/pos_neg_fasta_out/DDX51_K562_ENCSR145NLR.varlen_ext20.positives.bed	rnaprot_gt_out/pos_neg_fasta_out/DDX51_K562_ENCSR145NLR.varlen_ext20.negatives.bed	--max-len 300 --mode 2 --seq-ext 20 --seed 1	349	61	262	104.75071633237822	98	349	61	262	104.34670487106017	98
DDX52_HepG2_ENCSR970FEW	rnaprot_gt_out/DDX52_HepG2_ENCSR970FEW_varlen_ext20_gt_out	rnaprot_gt_out/pos_neg_fasta_out/DDX52_HepG2_ENCSR970FEW.varlen_ext20.positives.bed	rnaprot_gt_out/pos_neg_fasta_out/DDX52_HepG2_ENCSR970FEW.varlen_ext20.negatives.bed	--max-len 300 --mode 2 --seq-ext 20 --seed 1	124	61	230	98.96774193548387	92.5	124	61	230	100.0241935483871	96.5
DDX52_K562_ENCSR154CSN	rnaprot_gt_out/DDX52_K562_ENCSR154CSN_varlen_ext20_gt_out	rnaprot_gt_out/pos_neg_fasta_out/DDX52_K562_ENCSR154CSN.varlen_ext20.positives.bed	rnaprot_gt_out/pos_neg_fasta_out/DDX52_K562_ENCSR154CSN.varlen_ext20.negatives.bed	--max-len 300 --mode 2 --seq-ext 20 --seed 1	1119	61	247	99.15907059874888	95	1119	61	247	98.7390527256479	95
DDX55_HepG2_ENCSR845VGB	rnaprot_gt_out/DDX55_HepG2_ENCSR845VGB_varlen_ext20_gt_out	rnaprot_gt_out/pos_neg_fasta_out/DDX55_HepG2_ENCSR845VGB.varlen_ext20.positives.bed	rnaprot_gt_out/pos_neg_fasta_out/DDX55_HepG2_ENCSR845VGB.varlen_ext20.negatives.bed	--max-len 300 --mode 2 --seq-ext 20 --seed 1	1244	61	280	112.43006430868168	108.5	1244	61	280	111.44453376205787	107.0
DDX55_K562_ENCSR923NKN	rnaprot_gt_out/DDX55_K562_ENCSR923NKN_varlen_ext20_gt_out	rnaprot_gt_out/pos_neg_fasta_out/DDX55_K562_ENCSR923NKN.varlen_ext20.positives.bed	rnaprot_gt_out/pos_neg_fasta_out/DDX55_K562_ENCSR923NKN.varlen_ext20.negatives.bed	--max-len 300 --mode 2 --seq-ext 20 --seed 1	892	61	271	103.80156950672645	100.0	892	61	271	104.27802690582959	101.0
DDX59_HepG2_ENCSR214BZA	rnaprot_gt_out/DDX59_HepG2_ENCSR214BZA_varlen_ext20_gt_out	rnaprot_gt_out/pos_neg_fasta_out/DDX59_HepG2_ENCSR214BZA.varlen_ext20.positives.bed	rnaprot_gt_out/pos_neg_fasta_out/DDX59_HepG2_ENCSR214BZA.varlen_ext20.negatives.bed	--max-len 300 --mode 2 --seq-ext 20 --seed 1	2291	61	320	115.36490615451768	108	2291	61	320	115.44478393714535	108
DDX6_HepG2_ENCSR141OIM	rnaprot_gt_out/DDX6_HepG2_ENCSR141OIM_varlen_ext20_gt_out	rnaprot_gt_out/pos_neg_fasta_out/DDX6_HepG2_ENCSR141OIM.varlen_ext20.positives.bed	rnaprot_gt_out/pos_neg_fasta_out/DDX6_HepG2_ENCSR141OIM.varlen_ext20.negatives.bed	--max-len 300 --mode 2 --seq-ext 20 --seed 1	348	61	201	104.04885057471265	100.5	348	61	201	102.61206896551724	98.5
DDX6_K562_ENCSR893EFU	rnaprot_gt_out/DDX6_K562_ENCSR893EFU_varlen_ext20_gt_out	rnaprot_gt_out/pos_neg_fasta_out/DDX6_K562_ENCSR893EFU.varlen_ext20.positives.bed	rnaprot_gt_out/pos_neg_fasta_out/DDX6_K562_ENCSR893EFU.varlen_ext20.negatives.bed	--max-len 300 --mode 2 --seq-ext 20 --seed 1	1594	61	291	111.82810539523211	107.0	1594	61	291	111.41530740276035	106.5
DEK_HepG2_ENCSR332LFL	rnaprot_gt_out/DEK_HepG2_ENCSR332LFL_varlen_ext20_gt_out	rnaprot_gt_out/pos_neg_fasta_out/DEK_HepG2_ENCSR332LFL.varlen_ext20.positives.bed	rnaprot_gt_out/pos_neg_fasta_out/DEK_HepG2_ENCSR332LFL.varlen_ext20.negatives.bed	--max-len 300 --mode 2 --seq-ext 20 --seed 1	239	61	181	76.32635983263599	61	239	61	181	75.51046025104603	61
DEK_K562_ENCSR691HQP	rnaprot_gt_out/DEK_K562_ENCSR691HQP_varlen_ext20_gt_out	rnaprot_gt_out/pos_neg_fasta_out/DEK_K562_ENCSR691HQP.varlen_ext20.positives.bed	rnaprot_gt_out/pos_neg_fasta_out/DEK_K562_ENCSR691HQP.varlen_ext20.negatives.bed	--max-len 300 --mode 2 --seq-ext 20 --seed 1	93	61	263	134.94623655913978	141	93	61	263	134.4731182795699	141
DGCR8_HepG2_ENCSR061SZV	rnaprot_gt_out/DGCR8_HepG2_ENCSR061SZV_varlen_ext20_gt_out	rnaprot_gt_out/pos_neg_fasta_out/DGCR8_HepG2_ENCSR061SZV.varlen_ext20.positives.bed	rnaprot_gt_out/pos_neg_fasta_out/DGCR8_HepG2_ENCSR061SZV.varlen_ext20.negatives.bed	--max-len 300 --mode 2 --seq-ext 20 --seed 1	1036	61	236	97.56853281853282	94.0	1036	61	236	98.20366795366796	95.0
DGCR8_K562_ENCSR947JVR	rnaprot_gt_out/DGCR8_K562_ENCSR947JVR_varlen_ext20_gt_out	rnaprot_gt_out/pos_neg_fasta_out/DGCR8_K562_ENCSR947JVR.varlen_ext20.positives.bed	rnaprot_gt_out/pos_neg_fasta_out/DGCR8_K562_ENCSR947JVR.varlen_ext20.negatives.bed	--max-len 300 --mode 2 --seq-ext 20 --seed 1	734	61	235	94.066757493188	89.0	734	61	235	94.40463215258856	88.0
DGCR8_adrenal-gland_ENCSR634MFO	rnaprot_gt_out/DGCR8_adrenal-gland_ENCSR634MFO_varlen_ext20_gt_out	rnaprot_gt_out/pos_neg_fasta_out/DGCR8_adrenal-gland_ENCSR634MFO.varlen_ext20.positives.bed	rnaprot_gt_out/pos_neg_fasta_out/DGCR8_adrenal-gland_ENCSR634MFO.varlen_ext20.negatives.bed	--max-len 300 --mode 2 --seq-ext 20 --seed 1	210	61	231	89.79523809523809	86.0	210	61	231	89.12857142857143	87.0
DHX30_HepG2_ENCSR565DGW	rnaprot_gt_out/DHX30_HepG2_ENCSR565DGW_varlen_ext20_gt_out	rnaprot_gt_out/pos_neg_fasta_out/DHX30_HepG2_ENCSR565DGW.varlen_ext20.positives.bed	rnaprot_gt_out/pos_neg_fasta_out/DHX30_HepG2_ENCSR565DGW.varlen_ext20.negatives.bed	--max-len 300 --mode 2 --seq-ext 20 --seed 1	95	61	269	84.48421052631579	75	95	61	269	82.32631578947368	72
DHX30_K562_ENCSR529GSJ	rnaprot_gt_out/DHX30_K562_ENCSR529GSJ_varlen_ext20_gt_out	rnaprot_gt_out/pos_neg_fasta_out/DHX30_K562_ENCSR529GSJ.varlen_ext20.positives.bed	rnaprot_gt_out/pos_neg_fasta_out/DHX30_K562_ENCSR529GSJ.varlen_ext20.negatives.bed	--max-len 300 --mode 2 --seq-ext 20 --seed 1	738	61	260	98.19647696476964	93.0	738	61	260	98.32113821138212	92.0
DKC1_HepG2_ENCSR301TFY	rnaprot_gt_out/DKC1_HepG2_ENCSR301TFY_varlen_ext20_gt_out	rnaprot_gt_out/pos_neg_fasta_out/DKC1_HepG2_ENCSR301TFY.varlen_ext20.positives.bed	rnaprot_gt_out/pos_neg_fasta_out/DKC1_HepG2_ENCSR301TFY.varlen_ext20.negatives.bed	--max-len 300 --mode 2 --seq-ext 20 --seed 1	747	61	296	100.08032128514056	97	747	61	272	99.92101740294511	96
DROSHA_HepG2_ENCSR834YLD	rnaprot_gt_out/DROSHA_HepG2_ENCSR834YLD_varlen_ext20_gt_out	rnaprot_gt_out/pos_neg_fasta_out/DROSHA_HepG2_ENCSR834YLD.varlen_ext20.positives.bed	rnaprot_gt_out/pos_neg_fasta_out/DROSHA_HepG2_ENCSR834YLD.varlen_ext20.negatives.bed	--max-len 300 --mode 2 --seq-ext 20 --seed 1	1365	61	319	120.01538461538462	114	1365	61	319	119.77655677655677	115
DROSHA_K562_ENCSR653HQC	rnaprot_gt_out/DROSHA_K562_ENCSR653HQC_varlen_ext20_gt_out	rnaprot_gt_out/pos_neg_fasta_out/DROSHA_K562_ENCSR653HQC.varlen_ext20.positives.bed	rnaprot_gt_out/pos_neg_fasta_out/DROSHA_K562_ENCSR653HQC.varlen_ext20.negatives.bed	--max-len 300 --mode 2 --seq-ext 20 --seed 1	3228	61	272	107.14219330855019	101.0	3228	61	272	107.17100371747212	102.0
EED_K562_ENCSR171XCR	rnaprot_gt_out/EED_K562_ENCSR171XCR_varlen_ext20_gt_out	rnaprot_gt_out/pos_neg_fasta_out/EED_K562_ENCSR171XCR.varlen_ext20.positives.bed	rnaprot_gt_out/pos_neg_fasta_out/EED_K562_ENCSR171XCR.varlen_ext20.negatives.bed	--max-len 300 --mode 2 --seq-ext 20 --seed 1	12052	61	338	121.37446067042815	116.0	12052	61	338	121.30559243279124	116.0
EEF2_K562_ENCSR004VIR	rnaprot_gt_out/EEF2_K562_ENCSR004VIR_varlen_ext20_gt_out	rnaprot_gt_out/pos_neg_fasta_out/EEF2_K562_ENCSR004VIR.varlen_ext20.positives.bed	rnaprot_gt_out/pos_neg_fasta_out/EEF2_K562_ENCSR004VIR.varlen_ext20.negatives.bed	--max-len 300 --mode 2 --seq-ext 20 --seed 1	87	61	169	80.95402298850574	65	87	61	169	79.01149425287356	63
EFTUD2_HepG2_ENCSR527DXF	rnaprot_gt_out/EFTUD2_HepG2_ENCSR527DXF_varlen_ext20_gt_out	rnaprot_gt_out/pos_neg_fasta_out/EFTUD2_HepG2_ENCSR527DXF.varlen_ext20.positives.bed	rnaprot_gt_out/pos_neg_fasta_out/EFTUD2_HepG2_ENCSR527DXF.varlen_ext20.negatives.bed	--max-len 300 --mode 2 --seq-ext 20 --seed 1	6017	61	267	107.70816021273059	103	6017	61	267	107.5757021771647	103
EFTUD2_K562_ENCSR844RVX	rnaprot_gt_out/EFTUD2_K562_ENCSR844RVX_varlen_ext20_gt_out	rnaprot_gt_out/pos_neg_fasta_out/EFTUD2_K562_ENCSR844RVX.varlen_ext20.positives.bed	rnaprot_gt_out/pos_neg_fasta_out/EFTUD2_K562_ENCSR844RVX.varlen_ext20.negatives.bed	--max-len 300 --mode 2 --seq-ext 20 --seed 1	4769	61	299	113.31516041098763	108	4769	61	299	113.42944013420004	109
EIF3A_K562_ENCSR311SHM	rnaprot_gt_out/EIF3A_K562_ENCSR311SHM_varlen_ext20_gt_out	rnaprot_gt_out/pos_neg_fasta_out/EIF3A_K562_ENCSR311SHM.varlen_ext20.positives.bed	rnaprot_gt_out/pos_neg_fasta_out/EIF3A_K562_ENCSR311SHM.varlen_ext20.negatives.bed	--max-len 300 --mode 2 --seq-ext 20 --seed 1	7735	61	331	128.35177763413057	122	7735	61	331	128.05507433742727	122
EIF3D_HepG2_ENCSR041NUV	rnaprot_gt_out/EIF3D_HepG2_ENCSR041NUV_varlen_ext20_gt_out	rnaprot_gt_out/pos_neg_fasta_out/EIF3D_HepG2_ENCSR041NUV.varlen_ext20.positives.bed	rnaprot_gt_out/pos_neg_fasta_out/EIF3D_HepG2_ENCSR041NUV.varlen_ext20.negatives.bed	--max-len 300 --mode 2 --seq-ext 20 --seed 1	763	61	281	102.11271297509829	97	763	61	281	102.93577981651376	98
EIF3G_K562_ENCSR023PKW	rnaprot_gt_out/EIF3G_K562_ENCSR023PKW_varlen_ext20_gt_out	rnaprot_gt_out/pos_neg_fasta_out/EIF3G_K562_ENCSR023PKW.varlen_ext20.positives.bed	rnaprot_gt_out/pos_neg_fasta_out/EIF3G_K562_ENCSR023PKW.varlen_ext20.negatives.bed	--max-len 300 --mode 2 --seq-ext 20 --seed 1	242	61	209	102.9297520661157	98.0	242	61	208	101.99586776859505	96.5
EIF3H_HepG2_ENCSR916XIV	rnaprot_gt_out/EIF3H_HepG2_ENCSR916XIV_varlen_ext20_gt_out	rnaprot_gt_out/pos_neg_fasta_out/EIF3H_HepG2_ENCSR916XIV.varlen_ext20.positives.bed	rnaprot_gt_out/pos_neg_fasta_out/EIF3H_HepG2_ENCSR916XIV.varlen_ext20.negatives.bed	--max-len 300 --mode 2 --seq-ext 20 --seed 1	2353	61	251	97.29324266893327	94	2353	61	251	97.1483212919677	94
EIF4E_HepG2_ENCSR383BCQ	rnaprot_gt_out/EIF4E_HepG2_ENCSR383BCQ_varlen_ext20_gt_out	rnaprot_gt_out/pos_neg_fasta_out/EIF4E_HepG2_ENCSR383BCQ.varlen_ext20.positives.bed	rnaprot_gt_out/pos_neg_fasta_out/EIF4E_HepG2_ENCSR383BCQ.varlen_ext20.negatives.bed	--max-len 300 --mode 2 --seq-ext 20 --seed 1	2707	61	336	134.25563354266717	131	2707	61	336	133.7713335796084	130
EIF4E_K562_ENCSR391BBA	rnaprot_gt_out/EIF4E_K562_ENCSR391BBA_varlen_ext20_gt_out	rnaprot_gt_out/pos_neg_fasta_out/EIF4E_K562_ENCSR391BBA.varlen_ext20.positives.bed	rnaprot_gt_out/pos_neg_fasta_out/EIF4E_K562_ENCSR391BBA.varlen_ext20.negatives.bed	--max-len 300 --mode 2 --seq-ext 20 --seed 1	1820	61	328	140.89725274725274	136.0	1820	61	328	140.64065934065934	136.0
EIF4G2_K562_ENCSR307YIW	rnaprot_gt_out/EIF4G2_K562_ENCSR307YIW_varlen_ext20_gt_out	rnaprot_gt_out/pos_neg_fasta_out/EIF4G2_K562_ENCSR307YIW.varlen_ext20.positives.bed	rnaprot_gt_out/pos_neg_fasta_out/EIF4G2_K562_ENCSR307YIW.varlen_ext20.negatives.bed	--max-len 300 --mode 2 --seq-ext 20 --seed 1	3445	61	282	113.63860667634252	108	3445	61	282	113.64760522496371	108
ELAC2_K562_ENCSR440MSY	rnaprot_gt_out/ELAC2_K562_ENCSR440MSY_varlen_ext20_gt_out	rnaprot_gt_out/pos_neg_fasta_out/ELAC2_K562_ENCSR440MSY.varlen_ext20.positives.bed	rnaprot_gt_out/pos_neg_fasta_out/ELAC2_K562_ENCSR440MSY.varlen_ext20.negatives.bed	--max-len 300 --mode 2 --seq-ext 20 --seed 1	7485	61	310	122.0872411489646	119	7485	61	310	121.95190380761522	119
ELAVL1_HepG2_ENCSR296TSJ	rnaprot_gt_out/ELAVL1_HepG2_ENCSR296TSJ_varlen_ext20_gt_out	rnaprot_gt_out/pos_neg_fasta_out/ELAVL1_HepG2_ENCSR296TSJ.varlen_ext20.positives.bed	rnaprot_gt_out/pos_neg_fasta_out/ELAVL1_HepG2_ENCSR296TSJ.varlen_ext20.negatives.bed	--max-len 300 --mode 2 --seq-ext 20 --seed 1	3642	61	262	110.31026908292147	109.0	3642	61	262	110.25013728720484	109.0
ELAVL1_K562_ENCSR090LNQ	rnaprot_gt_out/ELAVL1_K562_ENCSR090LNQ_varlen_ext20_gt_out	rnaprot_gt_out/pos_neg_fasta_out/ELAVL1_K562_ENCSR090LNQ.varlen_ext20.positives.bed	rnaprot_gt_out/pos_neg_fasta_out/ELAVL1_K562_ENCSR090LNQ.varlen_ext20.negatives.bed	--max-len 300 --mode 2 --seq-ext 20 --seed 1	6578	61	302	122.26330191547582	120.0	6578	61	302	121.94679233809669	120.0
EWSR1_K562_ENCSR887LPK	rnaprot_gt_out/EWSR1_K562_ENCSR887LPK_varlen_ext20_gt_out	rnaprot_gt_out/pos_neg_fasta_out/EWSR1_K562_ENCSR887LPK.varlen_ext20.positives.bed	rnaprot_gt_out/pos_neg_fasta_out/EWSR1_K562_ENCSR887LPK.varlen_ext20.negatives.bed	--max-len 300 --mode 2 --seq-ext 20 --seed 1	7619	61	330	106.2978081113007	102	7619	61	330	106.21984512403202	102
EXOSC10_K562_ENCSR521GON	rnaprot_gt_out/EXOSC10_K562_ENCSR521GON_varlen_ext20_gt_out	rnaprot_gt_out/pos_neg_fasta_out/EXOSC10_K562_ENCSR521GON.varlen_ext20.positives.bed	rnaprot_gt_out/pos_neg_fasta_out/EXOSC10_K562_ENCSR521GON.varlen_ext20.negatives.bed	--max-len 300 --mode 2 --seq-ext 20 --seed 1	978	61	285	92.40899795501022	76.0	978	61	262	92.6717791411043	76.0
EXOSC5_HepG2_ENCSR693JWP	rnaprot_gt_out/EXOSC5_HepG2_ENCSR693JWP_varlen_ext20_gt_out	rnaprot_gt_out/pos_neg_fasta_out/EXOSC5_HepG2_ENCSR693JWP.varlen_ext20.positives.bed	rnaprot_gt_out/pos_neg_fasta_out/EXOSC5_HepG2_ENCSR693JWP.varlen_ext20.negatives.bed	--max-len 300 --mode 2 --seq-ext 20 --seed 1	620	61	303	130.01290322580644	124.0	620	61	293	129.6032258064516	122.0
EXOSC5_K562_ENCSR013CTQ	rnaprot_gt_out/EXOSC5_K562_ENCSR013CTQ_varlen_ext20_gt_out	rnaprot_gt_out/pos_neg_fasta_out/EXOSC5_K562_ENCSR013CTQ.varlen_ext20.positives.bed	rnaprot_gt_out/pos_neg_fasta_out/EXOSC5_K562_ENCSR013CTQ.varlen_ext20.negatives.bed	--max-len 300 --mode 2 --seq-ext 20 --seed 1	9582	61	264	94.07430599039867	90.0	9582	61	264	94.28929242329367	90.0
FAM120A_HepG2_ENCSR987NYS	rnaprot_gt_out/FAM120A_HepG2_ENCSR987NYS_varlen_ext20_gt_out	rnaprot_gt_out/pos_neg_fasta_out/FAM120A_HepG2_ENCSR987NYS.varlen_ext20.positives.bed	rnaprot_gt_out/pos_neg_fasta_out/FAM120A_HepG2_ENCSR987NYS.varlen_ext20.negatives.bed	--max-len 300 --mode 2 --seq-ext 20 --seed 1	6452	61	295	107.36484810911345	104.0	6452	61	295	107.29324240545567	104.0
FAM120A_K562_ENCSR006OEQ	rnaprot_gt_out/FAM120A_K562_ENCSR006OEQ_varlen_ext20_gt_out	rnaprot_gt_out/pos_neg_fasta_out/FAM120A_K562_ENCSR006OEQ.varlen_ext20.positives.bed	rnaprot_gt_out/pos_neg_fasta_out/FAM120A_K562_ENCSR006OEQ.varlen_ext20.negatives.bed	--max-len 300 --mode 2 --seq-ext 20 --seed 1	4440	61	286	105.61148648648648	101.0	4440	61	286	105.52590090090091	101.0
FASTKD2_HepG2_ENCSR023UHL	rnaprot_gt_out/FASTKD2_HepG2_ENCSR023UHL_varlen_ext20_gt_out	rnaprot_gt_out/pos_neg_fasta_out/FASTKD2_HepG2_ENCSR023UHL.varlen_ext20.positives.bed	rnaprot_gt_out/pos_neg_fasta_out/FASTKD2_HepG2_ENCSR023UHL.varlen_ext20.negatives.bed	--max-len 300 --mode 2 --seq-ext 20 --seed 1	782	61	261	102.6854219948849	99.5	782	61	261	101.69820971867007	99.0
FASTKD2_K562_ENCSR887FHF	rnaprot_gt_out/FASTKD2_K562_ENCSR887FHF_varlen_ext20_gt_out	rnaprot_gt_out/pos_neg_fasta_out/FASTKD2_K562_ENCSR887FHF.varlen_ext20.positives.bed	rnaprot_gt_out/pos_neg_fasta_out/FASTKD2_K562_ENCSR887FHF.varlen_ext20.negatives.bed	--max-len 300 --mode 2 --seq-ext 20 --seed 1	474	61	238	99.9324894514768	98.0	474	61	238	100.28270042194093	98.0
FKBP4_HepG2_ENCSR018ZUE	rnaprot_gt_out/FKBP4_HepG2_ENCSR018ZUE_varlen_ext20_gt_out	rnaprot_gt_out/pos_neg_fasta_out/FKBP4_HepG2_ENCSR018ZUE.varlen_ext20.positives.bed	rnaprot_gt_out/pos_neg_fasta_out/FKBP4_HepG2_ENCSR018ZUE.varlen_ext20.negatives.bed	--max-len 300 --mode 2 --seq-ext 20 --seed 1	1334	61	227	98.67991004497752	95.0	1334	61	209	98.7856071964018	95.0
FMR1_K562_ENCSR331VNX	rnaprot_gt_out/FMR1_K562_ENCSR331VNX_varlen_ext20_gt_out	rnaprot_gt_out/pos_neg_fasta_out/FMR1_K562_ENCSR331VNX.varlen_ext20.positives.bed	rnaprot_gt_out/pos_neg_fasta_out/FMR1_K562_ENCSR331VNX.varlen_ext20.negatives.bed	--max-len 300 --mode 2 --seq-ext 20 --seed 1	2409	61	322	97.20755500207555	92	2409	61	254	96.77293482772934	92
FMR1_K562_ENCSR554UVB	rnaprot_gt_out/FMR1_K562_ENCSR554UVB_varlen_ext20_gt_out	rnaprot_gt_out/pos_neg_fasta_out/FMR1_K562_ENCSR554UVB.varlen_ext20.positives.bed	rnaprot_gt_out/pos_neg_fasta_out/FMR1_K562_ENCSR554UVB.varlen_ext20.negatives.bed	--max-len 300 --mode 2 --seq-ext 20 --seed 1	3174	61	316	107.13957151858853	100.0	3174	61	316	106.59609325771896	99.0
FTO_HepG2_ENCSR903PRV	rnaprot_gt_out/FTO_HepG2_ENCSR903PRV_varlen_ext20_gt_out	rnaprot_gt_out/pos_neg_fasta_out/FTO_HepG2_ENCSR903PRV.varlen_ext20.positives.bed	rnaprot_gt_out/pos_neg_fasta_out/FTO_HepG2_ENCSR903PRV.varlen_ext20.negatives.bed	--max-len 300 --mode 2 --seq-ext 20 --seed 1	415	61	317	122.59518072289157	115	415	61	317	123.24578313253012	116
FTO_K562_ENCSR989SMC	rnaprot_gt_out/FTO_K562_ENCSR989SMC_varlen_ext20_gt_out	rnaprot_gt_out/pos_neg_fasta_out/FTO_K562_ENCSR989SMC.varlen_ext20.positives.bed	rnaprot_gt_out/pos_neg_fasta_out/FTO_K562_ENCSR989SMC.varlen_ext20.negatives.bed	--max-len 300 --mode 2 --seq-ext 20 --seed 1	748	61	257	115.30080213903743	110.0	748	61	257	115.0307486631016	109.0
FUBP3_HepG2_ENCSR486YGP	rnaprot_gt_out/FUBP3_HepG2_ENCSR486YGP_varlen_ext20_gt_out	rnaprot_gt_out/pos_neg_fasta_out/FUBP3_HepG2_ENCSR486YGP.varlen_ext20.positives.bed	rnaprot_gt_out/pos_neg_fasta_out/FUBP3_HepG2_ENCSR486YGP.varlen_ext20.negatives.bed	--max-len 300 --mode 2 --seq-ext 20 --seed 1	2083	61	252	113.32837253960633	108	2083	61	252	112.89390302448392	108
FUS_HepG2_ENCSR464OSH	rnaprot_gt_out/FUS_HepG2_ENCSR464OSH_varlen_ext20_gt_out	rnaprot_gt_out/pos_neg_fasta_out/FUS_HepG2_ENCSR464OSH.varlen_ext20.positives.bed	rnaprot_gt_out/pos_neg_fasta_out/FUS_HepG2_ENCSR464OSH.varlen_ext20.negatives.bed	--max-len 300 --mode 2 --seq-ext 20 --seed 1	814	61	312	110.3943488943489	106.0	814	61	247	110.21375921375922	105.0
FUS_K562_ENCSR069EVH	rnaprot_gt_out/FUS_K562_ENCSR069EVH_varlen_ext20_gt_out	rnaprot_gt_out/pos_neg_fasta_out/FUS_K562_ENCSR069EVH.varlen_ext20.positives.bed	rnaprot_gt_out/pos_neg_fasta_out/FUS_K562_ENCSR069EVH.varlen_ext20.negatives.bed	--max-len 300 --mode 2 --seq-ext 20 --seed 1	3641	61	326	132.21779730843176	127	3641	61	326	131.98434496017578	127
FXR1_K562_ENCSR248TXP	rnaprot_gt_out/FXR1_K562_ENCSR248TXP_varlen_ext20_gt_out	rnaprot_gt_out/pos_neg_fasta_out/FXR1_K562_ENCSR248TXP.varlen_ext20.positives.bed	rnaprot_gt_out/pos_neg_fasta_out/FXR1_K562_ENCSR248TXP.varlen_ext20.negatives.bed	--max-len 300 --mode 2 --seq-ext 20 --seed 1	2460	61	322	120.47804878048781	114.0	2460	61	322	120.76219512195122	115.0
FXR1_K562_ENCSR774RFN	rnaprot_gt_out/FXR1_K562_ENCSR774RFN_varlen_ext20_gt_out	rnaprot_gt_out/pos_neg_fasta_out/FXR1_K562_ENCSR774RFN.varlen_ext20.positives.bed	rnaprot_gt_out/pos_neg_fasta_out/FXR1_K562_ENCSR774RFN.varlen_ext20.negatives.bed	--max-len 300 --mode 2 --seq-ext 20 --seed 1	1055	61	262	103.88530805687203	97	1055	61	262	103.40094786729858	97
FXR2_HepG2_ENCSR270FOD	rnaprot_gt_out/FXR2_HepG2_ENCSR270FOD_varlen_ext20_gt_out	rnaprot_gt_out/pos_neg_fasta_out/FXR2_HepG2_ENCSR270FOD.varlen_ext20.positives.bed	rnaprot_gt_out/pos_neg_fasta_out/FXR2_HepG2_ENCSR270FOD.varlen_ext20.negatives.bed	--max-len 300 --mode 2 --seq-ext 20 --seed 1	2036	61	338	106.11935166994107	102.0	2036	61	279	105.12033398821218	100.0
FXR2_HepG2_ENCSR973HOJ	rnaprot_gt_out/FXR2_HepG2_ENCSR973HOJ_varlen_ext20_gt_out	rnaprot_gt_out/pos_neg_fasta_out/FXR2_HepG2_ENCSR973HOJ.varlen_ext20.positives.bed	rnaprot_gt_out/pos_neg_fasta_out/FXR2_HepG2_ENCSR973HOJ.varlen_ext20.negatives.bed	--max-len 300 --mode 2 --seq-ext 20 --seed 1	3073	61	301	102.64334526521314	98	3073	61	301	102.6505043931012	98
FXR2_K562_ENCSR224QWC	rnaprot_gt_out/FXR2_K562_ENCSR224QWC_varlen_ext20_gt_out	rnaprot_gt_out/pos_neg_fasta_out/FXR2_K562_ENCSR224QWC.varlen_ext20.positives.bed	rnaprot_gt_out/pos_neg_fasta_out/FXR2_K562_ENCSR224QWC.varlen_ext20.negatives.bed	--max-len 300 --mode 2 --seq-ext 20 --seed 1	3015	61	337	95.0391376451078	89	3015	61	337	95.27661691542289	89
FXR2_K562_ENCSR767OEY	rnaprot_gt_out/FXR2_K562_ENCSR767OEY_varlen_ext20_gt_out	rnaprot_gt_out/pos_neg_fasta_out/FXR2_K562_ENCSR767OEY.varlen_ext20.positives.bed	rnaprot_gt_out/pos_neg_fasta_out/FXR2_K562_ENCSR767OEY.varlen_ext20.negatives.bed	--max-len 300 --mode 2 --seq-ext 20 --seed 1	3264	61	339	120.12867647058823	118.0	3264	61	339	120.47089460784314	118.0
G3BP1_HepG2_ENCSR721HPX	rnaprot_gt_out/G3BP1_HepG2_ENCSR721HPX_varlen_ext20_gt_out	rnaprot_gt_out/pos_neg_fasta_out/G3BP1_HepG2_ENCSR721HPX.varlen_ext20.positives.bed	rnaprot_gt_out/pos_neg_fasta_out/G3BP1_HepG2_ENCSR721HPX.varlen_ext20.negatives.bed	--max-len 300 --mode 2 --seq-ext 20 --seed 1	5068	61	298	101.3752959747435	96.0	5068	61	277	100.9749408050513	96.0
GARS_HepG2_ENCSR181SOG	rnaprot_gt_out/GARS_HepG2_ENCSR181SOG_varlen_ext20_gt_out	rnaprot_gt_out/pos_neg_fasta_out/GARS_HepG2_ENCSR181SOG.varlen_ext20.positives.bed	rnaprot_gt_out/pos_neg_fasta_out/GARS_HepG2_ENCSR181SOG.varlen_ext20.negatives.bed	--max-len 300 --mode 2 --seq-ext 20 --seed 1	1033	61	321	119.46563407550823	117	1033	61	321	119.6108422071636	118
GARS_K562_ENCSR448GXJ	rnaprot_gt_out/GARS_K562_ENCSR448GXJ_varlen_ext20_gt_out	rnaprot_gt_out/pos_neg_fasta_out/GARS_K562_ENCSR448GXJ.varlen_ext20.positives.bed	rnaprot_gt_out/pos_neg_fasta_out/GARS_K562_ENCSR448GXJ.varlen_ext20.negatives.bed	--max-len 300 --mode 2 --seq-ext 20 --seed 1	316	61	248	86.24683544303798	71.0	316	61	248	85.38924050632912	69.0
GEMIN5_K562_ENCSR238CLX	rnaprot_gt_out/GEMIN5_K562_ENCSR238CLX_varlen_ext20_gt_out	rnaprot_gt_out/pos_neg_fasta_out/GEMIN5_K562_ENCSR238CLX.varlen_ext20.positives.bed	rnaprot_gt_out/pos_neg_fasta_out/GEMIN5_K562_ENCSR238CLX.varlen_ext20.negatives.bed	--max-len 300 --mode 2 --seq-ext 20 --seed 1	2242	61	298	108.06735057983943	102.0	2242	61	298	107.63648528099911	103.0
GPKOW_K562_ENCSR647CLF	rnaprot_gt_out/GPKOW_K562_ENCSR647CLF_varlen_ext20_gt_out	rnaprot_gt_out/pos_neg_fasta_out/GPKOW_K562_ENCSR647CLF.varlen_ext20.positives.bed	rnaprot_gt_out/pos_neg_fasta_out/GPKOW_K562_ENCSR647CLF.varlen_ext20.negatives.bed	--max-len 300 --mode 2 --seq-ext 20 --seed 1	1015	61	212	103.99014778325123	99	1015	61	204	103.96748768472906	100
GRSF1_HepG2_ENCSR668MJX	rnaprot_gt_out/GRSF1_HepG2_ENCSR668MJX_varlen_ext20_gt_out	rnaprot_gt_out/pos_neg_fasta_out/GRSF1_HepG2_ENCSR668MJX.varlen_ext20.positives.bed	rnaprot_gt_out/pos_neg_fasta_out/GRSF1_HepG2_ENCSR668MJX.varlen_ext20.negatives.bed	--max-len 300 --mode 2 --seq-ext 20 --seed 1	745	61	245	121.01073825503356	118	745	61	233	121.65771812080537	119
GRWD1_HepG2_ENCSR893NWB	rnaprot_gt_out/GRWD1_HepG2_ENCSR893NWB_varlen_ext20_gt_out	rnaprot_gt_out/pos_neg_fasta_out/GRWD1_HepG2_ENCSR893NWB.varlen_ext20.positives.bed	rnaprot_gt_out/pos_neg_fasta_out/GRWD1_HepG2_ENCSR893NWB.varlen_ext20.negatives.bed	--max-len 300 --mode 2 --seq-ext 20 --seed 1	16832	61	330	106.32111454372624	101.0	16832	61	330	106.51105038022814	101.0
GRWD1_K562_ENCSR999YGP	rnaprot_gt_out/GRWD1_K562_ENCSR999YGP_varlen_ext20_gt_out	rnaprot_gt_out/pos_neg_fasta_out/GRWD1_K562_ENCSR999YGP.varlen_ext20.positives.bed	rnaprot_gt_out/pos_neg_fasta_out/GRWD1_K562_ENCSR999YGP.varlen_ext20.negatives.bed	--max-len 300 --mode 2 --seq-ext 20 --seed 1	3658	61	304	107.65172225259705	102.0	3658	61	278	107.10415527610716	102.0
GTF2F1_HepG2_ENCSR265ZIS	rnaprot_gt_out/GTF2F1_HepG2_ENCSR265ZIS_varlen_ext20_gt_out	rnaprot_gt_out/pos_neg_fasta_out/GTF2F1_HepG2_ENCSR265ZIS.varlen_ext20.positives.bed	rnaprot_gt_out/pos_neg_fasta_out/GTF2F1_HepG2_ENCSR265ZIS.varlen_ext20.negatives.bed	--max-len 300 --mode 2 --seq-ext 20 --seed 1	3714	61	324	115.21001615508885	110.0	3714	61	324	115.21513193322563	110.0
GTF2F1_K562_ENCSR736AAG	rnaprot_gt_out/GTF2F1_K562_ENCSR736AAG_varlen_ext20_gt_out	rnaprot_gt_out/pos_neg_fasta_out/GTF2F1_K562_ENCSR736AAG.varlen_ext20.positives.bed	rnaprot_gt_out/pos_neg_fasta_out/GTF2F1_K562_ENCSR736AAG.varlen_ext20.negatives.bed	--max-len 300 --mode 2 --seq-ext 20 --seed 1	4203	61	302	119.09017368546276	115	4203	61	298	118.95122531525101	115
HLTF_HepG2_ENCSR647HOX	rnaprot_gt_out/HLTF_HepG2_ENCSR647HOX_varlen_ext20_gt_out	rnaprot_gt_out/pos_neg_fasta_out/HLTF_HepG2_ENCSR647HOX.varlen_ext20.positives.bed	rnaprot_gt_out/pos_neg_fasta_out/HLTF_HepG2_ENCSR647HOX.varlen_ext20.negatives.bed	--max-len 300 --mode 2 --seq-ext 20 --seed 1	3288	61	266	101.5419708029197	98.0	3288	61	266	101.6286496350365	97.0
HLTF_K562_ENCSR589YHM	rnaprot_gt_out/HLTF_K562_ENCSR589YHM_varlen_ext20_gt_out	rnaprot_gt_out/pos_neg_fasta_out/HLTF_K562_ENCSR589YHM.varlen_ext20.positives.bed	rnaprot_gt_out/pos_neg_fasta_out/HLTF_K562_ENCSR589YHM.varlen_ext20.negatives.bed	--max-len 300 --mode 2 --seq-ext 20 --seed 1	218	61	241	107.42201834862385	106.0	218	61	236	110.21559633027523	107.5
HNRNPA1_K562_ENCSR154HRN	rnaprot_gt_out/HNRNPA1_K562_ENCSR154HRN_varlen_ext20_gt_out	rnaprot_gt_out/pos_neg_fasta_out/HNRNPA1_K562_ENCSR154HRN.varlen_ext20.positives.bed	rnaprot_gt_out/pos_neg_fasta_out/HNRNPA1_K562_ENCSR154HRN.varlen_ext20.negatives.bed	--max-len 300 --mode 2 --seq-ext 20 --seed 1	196	61	249	119.8265306122449	114.0	196	61	225	121.23979591836735	116.0
HNRNPC_HepG2_ENCSR550DVK	rnaprot_gt_out/HNRNPC_HepG2_ENCSR550DVK_varlen_ext20_gt_out	rnaprot_gt_out/pos_neg_fasta_out/HNRNPC_HepG2_ENCSR550DVK.varlen_ext20.positives.bed	rnaprot_gt_out/pos_neg_fasta_out/HNRNPC_HepG2_ENCSR550DVK.varlen_ext20.negatives.bed	--max-len 300 --mode 2 --seq-ext 20 --seed 1	2915	61	214	95.93173241852487	96	2915	61	214	96.30840480274442	96
HNRNPC_K562_ENCSR249ROI	rnaprot_gt_out/HNRNPC_K562_ENCSR249ROI_varlen_ext20_gt_out	rnaprot_gt_out/pos_neg_fasta_out/HNRNPC_K562_ENCSR249ROI.varlen_ext20.positives.bed	rnaprot_gt_out/pos_neg_fasta_out/HNRNPC_K562_ENCSR249ROI.varlen_ext20.negatives.bed	--max-len 300 --mode 2 --seq-ext 20 --seed 1	431	61	184	98.35266821345708	97	431	61	184	97.22041763341068	97
HNRNPK_HepG2_ENCSR828ZID	rnaprot_gt_out/HNRNPK_HepG2_ENCSR828ZID_varlen_ext20_gt_out	rnaprot_gt_out/pos_neg_fasta_out/HNRNPK_HepG2_ENCSR828ZID.varlen_ext20.positives.bed	rnaprot_gt_out/pos_neg_fasta_out/HNRNPK_HepG2_ENCSR828ZID.varlen_ext20.negatives.bed	--max-len 300 --mode 2 --seq-ext 20 --seed 1	4597	61	315	128.19251685882097	122	4597	61	315	128.47922558190123	123
HNRNPK_K562_ENCSR268ETU	rnaprot_gt_out/HNRNPK_K562_ENCSR268ETU_varlen_ext20_gt_out	rnaprot_gt_out/pos_neg_fasta_out/HNRNPK_K562_ENCSR268ETU.varlen_ext20.positives.bed	rnaprot_gt_out/pos_neg_fasta_out/HNRNPK_K562_ENCSR268ETU.varlen_ext20.negatives.bed	--max-len 300 --mode 2 --seq-ext 20 --seed 1	2426	61	308	138.61830173124486	133.0	2426	61	308	139.46743610882112	133.0
HNRNPK_K562_ENCSR953ZOA	rnaprot_gt_out/HNRNPK_K562_ENCSR953ZOA_varlen_ext20_gt_out	rnaprot_gt_out/pos_neg_fasta_out/HNRNPK_K562_ENCSR953ZOA.varlen_ext20.positives.bed	rnaprot_gt_out/pos_neg_fasta_out/HNRNPK_K562_ENCSR953ZOA.varlen_ext20.negatives.bed	--max-len 300 --mode 2 --seq-ext 20 --seed 1	3267	61	337	158.732782369146	152	3267	61	337	158.5325987144169	151
HNRNPL_HepG2_ENCSR724RDN	rnaprot_gt_out/HNRNPL_HepG2_ENCSR724RDN_varlen_ext20_gt_out	rnaprot_gt_out/pos_neg_fasta_out/HNRNPL_HepG2_ENCSR724RDN.varlen_ext20.positives.bed	rnaprot_gt_out/pos_neg_fasta_out/HNRNPL_HepG2_ENCSR724RDN.varlen_ext20.negatives.bed	--max-len 300 --mode 2 --seq-ext 20 --seed 1	5595	61	335	124.1562109025916	120	5595	61	335	124.04110813226094	120
HNRNPL_K562_ENCSR795CAI	rnaprot_gt_out/HNRNPL_K562_ENCSR795CAI_varlen_ext20_gt_out	rnaprot_gt_out/pos_neg_fasta_out/HNRNPL_K562_ENCSR795CAI.varlen_ext20.positives.bed	rnaprot_gt_out/pos_neg_fasta_out/HNRNPL_K562_ENCSR795CAI.varlen_ext20.negatives.bed	--max-len 300 --mode 2 --seq-ext 20 --seed 1	3897	61	323	123.41878367975366	119	3897	61	301	123.43905568385938	119
HNRNPM_HepG2_ENCSR267UCX	rnaprot_gt_out/HNRNPM_HepG2_ENCSR267UCX_varlen_ext20_gt_out	rnaprot_gt_out/pos_neg_fasta_out/HNRNPM_HepG2_ENCSR267UCX.varlen_ext20.positives.bed	rnaprot_gt_out/pos_neg_fasta_out/HNRNPM_HepG2_ENCSR267UCX.varlen_ext20.negatives.bed	--max-len 300 --mode 2 --seq-ext 20 --seed 1	10541	61	310	108.19353002561427	102	10541	61	307	108.2070961009392	102
HNRNPM_K562_ENCSR412NOW	rnaprot_gt_out/HNRNPM_K562_ENCSR412NOW_varlen_ext20_gt_out	rnaprot_gt_out/pos_neg_fasta_out/HNRNPM_K562_ENCSR412NOW.varlen_ext20.positives.bed	rnaprot_gt_out/pos_neg_fasta_out/HNRNPM_K562_ENCSR412NOW.varlen_ext20.negatives.bed	--max-len 300 --mode 2 --seq-ext 20 --seed 1	4684	61	294	113.23825789923143	106.0	4684	61	283	113.4197267292912	106.0
HNRNPUL1_HepG2_ENCSR755TJC	rnaprot_gt_out/HNRNPUL1_HepG2_ENCSR755TJC_varlen_ext20_gt_out	rnaprot_gt_out/pos_neg_fasta_out/HNRNPUL1_HepG2_ENCSR755TJC.varlen_ext20.positives.bed	rnaprot_gt_out/pos_neg_fasta_out/HNRNPUL1_HepG2_ENCSR755TJC.varlen_ext20.negatives.bed	--max-len 300 --mode 2 --seq-ext 20 --seed 1	368	61	241	102.96195652173913	100.0	368	61	191	102.92391304347827	100.0
HNRNPUL1_K562_ENCSR571VHI	rnaprot_gt_out/HNRNPUL1_K562_ENCSR571VHI_varlen_ext20_gt_out	rnaprot_gt_out/pos_neg_fasta_out/HNRNPUL1_K562_ENCSR571VHI.varlen_ext20.positives.bed	rnaprot_gt_out/pos_neg_fasta_out/HNRNPUL1_K562_ENCSR571VHI.varlen_ext20.negatives.bed	--max-len 300 --mode 2 --seq-ext 20 --seed 1	151	61	153	89.80794701986756	88	151	61	141	89.3841059602649	89
HNRNPU_HepG2_ENCSR240MVJ	rnaprot_gt_out/HNRNPU_HepG2_ENCSR240MVJ_varlen_ext20_gt_out	rnaprot_gt_out/pos_neg_fasta_out/HNRNPU_HepG2_ENCSR240MVJ.varlen_ext20.positives.bed	rnaprot_gt_out/pos_neg_fasta_out/HNRNPU_HepG2_ENCSR240MVJ.varlen_ext20.negatives.bed	--max-len 300 --mode 2 --seq-ext 20 --seed 1	291	61	203	110.6872852233677	108	291	61	203	110.7491408934708	108
HNRNPU_K562_ENCSR520BZQ	rnaprot_gt_out/HNRNPU_K562_ENCSR520BZQ_varlen_ext20_gt_out	rnaprot_gt_out/pos_neg_fasta_out/HNRNPU_K562_ENCSR520BZQ.varlen_ext20.positives.bed	rnaprot_gt_out/pos_neg_fasta_out/HNRNPU_K562_ENCSR520BZQ.varlen_ext20.negatives.bed	--max-len 300 --mode 2 --seq-ext 20 --seed 1	179	61	193	114.64245810055866	112	179	61	193	114.56983240223464	112
IGF2BP1_HepG2_ENCSR744GEU	rnaprot_gt_out/IGF2BP1_HepG2_ENCSR744GEU_varlen_ext20_gt_out	rnaprot_gt_out/pos_neg_fasta_out/IGF2BP1_HepG2_ENCSR744GEU.varlen_ext20.positives.bed	rnaprot_gt_out/pos_neg_fasta_out/IGF2BP1_HepG2_ENCSR744GEU.varlen_ext20.negatives.bed	--max-len 300 --mode 2 --seq-ext 20 --seed 1	3096	61	272	104.13856589147287	100.0	3096	61	272	104.52680878552971	100.0
IGF2BP1_K562_ENCSR975KIR	rnaprot_gt_out/IGF2BP1_K562_ENCSR975KIR_varlen_ext20_gt_out	rnaprot_gt_out/pos_neg_fasta_out/IGF2BP1_K562_ENCSR975KIR.varlen_ext20.positives.bed	rnaprot_gt_out/pos_neg_fasta_out/IGF2BP1_K562_ENCSR975KIR.varlen_ext20.negatives.bed	--max-len 300 --mode 2 --seq-ext 20 --seed 1	4270	61	269	110.97798594847775	107.0	4270	61	269	111.21662763466043	107.0
IGF2BP2_K562_ENCSR062NNB	rnaprot_gt_out/IGF2BP2_K562_ENCSR062NNB_varlen_ext20_gt_out	rnaprot_gt_out/pos_neg_fasta_out/IGF2BP2_K562_ENCSR062NNB.varlen_ext20.positives.bed	rnaprot_gt_out/pos_neg_fasta_out/IGF2BP2_K562_ENCSR062NNB.varlen_ext20.negatives.bed	--max-len 300 --mode 2 --seq-ext 20 --seed 1	2709	61	284	101.81469176818014	98	2709	61	284	101.28239202657808	97
IGF2BP3_HepG2_ENCSR993OLA	rnaprot_gt_out/IGF2BP3_HepG2_ENCSR993OLA_varlen_ext20_gt_out	rnaprot_gt_out/pos_neg_fasta_out/IGF2BP3_HepG2_ENCSR993OLA.varlen_ext20.positives.bed	rnaprot_gt_out/pos_neg_fasta_out/IGF2BP3_HepG2_ENCSR993OLA.varlen_ext20.negatives.bed	--max-len 300 --mode 2 --seq-ext 20 --seed 1	1606	61	264	102.57783312577833	98.0	1606	61	264	102.70672478206725	98.0
ILF3_HepG2_ENCSR786TSC	rnaprot_gt_out/ILF3_HepG2_ENCSR786TSC_varlen_ext20_gt_out	rnaprot_gt_out/pos_neg_fasta_out/ILF3_HepG2_ENCSR786TSC.varlen_ext20.positives.bed	rnaprot_gt_out/pos_neg_fasta_out/ILF3_HepG2_ENCSR786TSC.varlen_ext20.negatives.bed	--max-len 300 --mode 2 --seq-ext 20 --seed 1	2991	61	282	111.30758943497158	107	2991	61	256	111.31862253426948	107
ILF3_K562_ENCSR438KWZ	rnaprot_gt_out/ILF3_K562_ENCSR438KWZ_varlen_ext20_gt_out	rnaprot_gt_out/pos_neg_fasta_out/ILF3_K562_ENCSR438KWZ.varlen_ext20.positives.bed	rnaprot_gt_out/pos_neg_fasta_out/ILF3_K562_ENCSR438KWZ.varlen_ext20.negatives.bed	--max-len 300 --mode 2 --seq-ext 20 --seed 1	2431	61	330	120.23406005758947	115	2431	61	290	120.05265322912382	116
KHDRBS1_K562_ENCSR628IDK	rnaprot_gt_out/KHDRBS1_K562_ENCSR628IDK_varlen_ext20_gt_out	rnaprot_gt_out/pos_neg_fasta_out/KHDRBS1_K562_ENCSR628IDK.varlen_ext20.positives.bed	rnaprot_gt_out/pos_neg_fasta_out/KHDRBS1_K562_ENCSR628IDK.varlen_ext20.negatives.bed	--max-len 300 --mode 2 --seq-ext 20 --seed 1	1074	61	300	119.0512104283054	114.0	1074	61	300	119.32495344506518	115.0
KHSRP_HepG2_ENCSR366DGX	rnaprot_gt_out/KHSRP_HepG2_ENCSR366DGX_varlen_ext20_gt_out	rnaprot_gt_out/pos_neg_fasta_out/KHSRP_HepG2_ENCSR366DGX.varlen_ext20.positives.bed	rnaprot_gt_out/pos_neg_fasta_out/KHSRP_HepG2_ENCSR366DGX.varlen_ext20.negatives.bed	--max-len 300 --mode 2 --seq-ext 20 --seed 1	4470	61	305	120.22147651006712	115.0	4470	61	305	119.97136465324385	115.0
KHSRP_K562_ENCSR438GZQ	rnaprot_gt_out/KHSRP_K562_ENCSR438GZQ_varlen_ext20_gt_out	rnaprot_gt_out/pos_neg_fasta_out/KHSRP_K562_ENCSR438GZQ.varlen_ext20.positives.bed	rnaprot_gt_out/pos_neg_fasta_out/KHSRP_K562_ENCSR438GZQ.varlen_ext20.negatives.bed	--max-len 300 --mode 2 --seq-ext 20 --seed 1	17112	61	340	126.44939223936419	122.0	17112	61	340	126.50333099579242	122.0
LARP4_HepG2_ENCSR805SRN	rnaprot_gt_out/LARP4_HepG2_ENCSR805SRN_varlen_ext20_gt_out	rnaprot_gt_out/pos_neg_fasta_out/LARP4_HepG2_ENCSR805SRN.varlen_ext20.positives.bed	rnaprot_gt_out/pos_neg_fasta_out/LARP4_HepG2_ENCSR805SRN.varlen_ext20.negatives.bed	--max-len 300 --mode 2 --seq-ext 20 --seed 1	3334	61	288	106.13017396520696	100.0	3334	61	288	106.10257948410317	100.0
LARP4_K562_ENCSR888YTT	rnaprot_gt_out/LARP4_K562_ENCSR888YTT_varlen_ext20_gt_out	rnaprot_gt_out/pos_neg_fasta_out/LARP4_K562_ENCSR888YTT.varlen_ext20.positives.bed	rnaprot_gt_out/pos_neg_fasta_out/LARP4_K562_ENCSR888YTT.varlen_ext20.negatives.bed	--max-len 300 --mode 2 --seq-ext 20 --seed 1	348	61	260	95.37068965517241	90.5	348	61	260	93.41091954022988	90.0
LARP7_HepG2_ENCSR961OKA	rnaprot_gt_out/LARP7_HepG2_ENCSR961OKA_varlen_ext20_gt_out	rnaprot_gt_out/pos_neg_fasta_out/LARP7_HepG2_ENCSR961OKA.varlen_ext20.positives.bed	rnaprot_gt_out/pos_neg_fasta_out/LARP7_HepG2_ENCSR961OKA.varlen_ext20.negatives.bed	--max-len 300 --mode 2 --seq-ext 20 --seed 1	174	61	149	86.75287356321839	85.5	174	61	149	86.7816091954023	85.5
LARP7_K562_ENCSR456KXI	rnaprot_gt_out/LARP7_K562_ENCSR456KXI_varlen_ext20_gt_out	rnaprot_gt_out/pos_neg_fasta_out/LARP7_K562_ENCSR456KXI.varlen_ext20.positives.bed	rnaprot_gt_out/pos_neg_fasta_out/LARP7_K562_ENCSR456KXI.varlen_ext20.negatives.bed	--max-len 300 --mode 2 --seq-ext 20 --seed 1	129	61	199	84.84496124031008	84	129	61	199	85.89922480620154	84
LIN28B_HepG2_ENCSR861GYE	rnaprot_gt_out/LIN28B_HepG2_ENCSR861GYE_varlen_ext20_gt_out	rnaprot_gt_out/pos_neg_fasta_out/LIN28B_HepG2_ENCSR861GYE.varlen_ext20.positives.bed	rnaprot_gt_out/pos_neg_fasta_out/LIN28B_HepG2_ENCSR861GYE.varlen_ext20.negatives.bed	--max-len 300 --mode 2 --seq-ext 20 --seed 1	2910	61	229	95.92646048109965	94.0	2910	61	229	95.9041237113402	94.0
LIN28B_K562_ENCSR970NKP	rnaprot_gt_out/LIN28B_K562_ENCSR970NKP_varlen_ext20_gt_out	rnaprot_gt_out/pos_neg_fasta_out/LIN28B_K562_ENCSR970NKP.varlen_ext20.positives.bed	rnaprot_gt_out/pos_neg_fasta_out/LIN28B_K562_ENCSR970NKP.varlen_ext20.negatives.bed	--max-len 300 --mode 2 --seq-ext 20 --seed 1	5211	61	208	97.7363270005757	97	5211	61	208	97.62387257724045	96
LSM11_HepG2_ENCSR135VMS	rnaprot_gt_out/LSM11_HepG2_ENCSR135VMS_varlen_ext20_gt_out	rnaprot_gt_out/pos_neg_fasta_out/LSM11_HepG2_ENCSR135VMS.varlen_ext20.positives.bed	rnaprot_gt_out/pos_neg_fasta_out/LSM11_HepG2_ENCSR135VMS.varlen_ext20.negatives.bed	--max-len 300 --mode 2 --seq-ext 20 --seed 1	1714	61	259	105.09568261376896	99.5	1714	61	259	104.33605600933488	99.0
LSM11_K562_ENCSR022BVV	rnaprot_gt_out/LSM11_K562_ENCSR022BVV_varlen_ext20_gt_out	rnaprot_gt_out/pos_neg_fasta_out/LSM11_K562_ENCSR022BVV.varlen_ext20.positives.bed	rnaprot_gt_out/pos_neg_fasta_out/LSM11_K562_ENCSR022BVV.varlen_ext20.negatives.bed	--max-len 300 --mode 2 --seq-ext 20 --seed 1	1101	61	253	103.95186194368756	98	1101	61	253	104.52316076294278	99
MATR3_HepG2_ENCSR290VLT	rnaprot_gt_out/MATR3_HepG2_ENCSR290VLT_varlen_ext20_gt_out	rnaprot_gt_out/pos_neg_fasta_out/MATR3_HepG2_ENCSR290VLT.varlen_ext20.positives.bed	rnaprot_gt_out/pos_neg_fasta_out/MATR3_HepG2_ENCSR290VLT.varlen_ext20.negatives.bed	--max-len 300 --mode 2 --seq-ext 20 --seed 1	6137	61	316	111.64070392700016	106	6137	61	309	111.24947042528923	106
MATR3_K562_ENCSR440SUX	rnaprot_gt_out/MATR3_K562_ENCSR440SUX_varlen_ext20_gt_out	rnaprot_gt_out/pos_neg_fasta_out/MATR3_K562_ENCSR440SUX.varlen_ext20.positives.bed	rnaprot_gt_out/pos_neg_fasta_out/MATR3_K562_ENCSR440SUX.varlen_ext20.negatives.bed	--max-len 300 --mode 2 --seq-ext 20 --seed 1	4159	61	332	129.92113488819427	123	4159	61	332	130.0993027169993	123
MBNL1_K562_ENCSR497XZI	rnaprot_gt_out/MBNL1_K562_ENCSR497XZI_varlen_ext20_gt_out	rnaprot_gt_out/pos_neg_fasta_out/MBNL1_K562_ENCSR497XZI.varlen_ext20.positives.bed	rnaprot_gt_out/pos_neg_fasta_out/MBNL1_K562_ENCSR497XZI.varlen_ext20.negatives.bed	--max-len 300 --mode 2 --seq-ext 20 --seed 1	940	61	324	141.03936170212765	138.0	940	61	320	140.64574468085107	137.0
METAP2_K562_ENCSR303OQD	rnaprot_gt_out/METAP2_K562_ENCSR303OQD_varlen_ext20_gt_out	rnaprot_gt_out/pos_neg_fasta_out/METAP2_K562_ENCSR303OQD.varlen_ext20.positives.bed	rnaprot_gt_out/pos_neg_fasta_out/METAP2_K562_ENCSR303OQD.varlen_ext20.negatives.bed	--max-len 300 --mode 2 --seq-ext 20 --seed 1	2365	61	274	94.16955602536999	89	2365	61	228	93.90190274841437	88
METTL1_K562_ENCSR498DQS	rnaprot_gt_out/METTL1_K562_ENCSR498DQS_varlen_ext20_gt_out	rnaprot_gt_out/pos_neg_fasta_out/METTL1_K562_ENCSR498DQS.varlen_ext20.positives.bed	rnaprot_gt_out/pos_neg_fasta_out/METTL1_K562_ENCSR498DQS.varlen_ext20.negatives.bed	--max-len 300 --mode 2 --seq-ext 20 --seed 1	303	61	261	118.20792079207921	116	303	61	261	114.95049504950495	113
MFAP1_K562_ENCSR491HUW	rnaprot_gt_out/MFAP1_K562_ENCSR491HUW_varlen_ext20_gt_out	rnaprot_gt_out/pos_neg_fasta_out/MFAP1_K562_ENCSR491HUW.varlen_ext20.positives.bed	rnaprot_gt_out/pos_neg_fasta_out/MFAP1_K562_ENCSR491HUW.varlen_ext20.negatives.bed	--max-len 300 --mode 2 --seq-ext 20 --seed 1	6498	61	314	110.91551246537396	109.0	6498	61	314	110.89027393044013	109.0
MORC2_K562_ENCSR168VUE	rnaprot_gt_out/MORC2_K562_ENCSR168VUE_varlen_ext20_gt_out	rnaprot_gt_out/pos_neg_fasta_out/MORC2_K562_ENCSR168VUE.varlen_ext20.positives.bed	rnaprot_gt_out/pos_neg_fasta_out/MORC2_K562_ENCSR168VUE.varlen_ext20.negatives.bed	--max-len 300 --mode 2 --seq-ext 20 --seed 1	733	61	255	111.34106412005457	109	733	61	255	112.39290586630287	110
MTPAP_K562_ENCSR200DKE	rnaprot_gt_out/MTPAP_K562_ENCSR200DKE_varlen_ext20_gt_out	rnaprot_gt_out/pos_neg_fasta_out/MTPAP_K562_ENCSR200DKE.varlen_ext20.positives.bed	rnaprot_gt_out/pos_neg_fasta_out/MTPAP_K562_ENCSR200DKE.varlen_ext20.negatives.bed	--max-len 300 --mode 2 --seq-ext 20 --seed 1	1001	61	274	100.8041958041958	95	1001	61	274	101.57342657342657	96
NCBP2_HepG2_ENCSR018RVZ	rnaprot_gt_out/NCBP2_HepG2_ENCSR018RVZ_varlen_ext20_gt_out	rnaprot_gt_out/pos_neg_fasta_out/NCBP2_HepG2_ENCSR018RVZ.varlen_ext20.positives.bed	rnaprot_gt_out/pos_neg_fasta_out/NCBP2_HepG2_ENCSR018RVZ.varlen_ext20.negatives.bed	--max-len 300 --mode 2 --seq-ext 20 --seed 1	2797	61	298	128.69360028602074	125	2797	61	298	129.01680371826959	126
NCBP2_K562_ENCSR484LTQ	rnaprot_gt_out/NCBP2_K562_ENCSR484LTQ_varlen_ext20_gt_out	rnaprot_gt_out/pos_neg_fasta_out/NCBP2_K562_ENCSR484LTQ.varlen_ext20.positives.bed	rnaprot_gt_out/pos_neg_fasta_out/NCBP2_K562_ENCSR484LTQ.varlen_ext20.negatives.bed	--max-len 300 --mode 2 --seq-ext 20 --seed 1	384	61	203	106.48177083333333	103.0	384	61	203	106.92708333333333	103.0
NIP7_HepG2_ENCSR361OCV	rnaprot_gt_out/NIP7_HepG2_ENCSR361OCV_varlen_ext20_gt_out	rnaprot_gt_out/pos_neg_fasta_out/NIP7_HepG2_ENCSR361OCV.varlen_ext20.positives.bed	rnaprot_gt_out/pos_neg_fasta_out/NIP7_HepG2_ENCSR361OCV.varlen_ext20.negatives.bed	--max-len 300 --mode 2 --seq-ext 20 --seed 1	181	61	151	84.93922651933701	81	181	61	151	87.29281767955801	83
NIPBL_K562_ENCSR891RIC	rnaprot_gt_out/NIPBL_K562_ENCSR891RIC_varlen_ext20_gt_out	rnaprot_gt_out/pos_neg_fasta_out/NIPBL_K562_ENCSR891RIC.varlen_ext20.positives.bed	rnaprot_gt_out/pos_neg_fasta_out/NIPBL_K562_ENCSR891RIC.varlen_ext20.negatives.bed	--max-len 300 --mode 2 --seq-ext 20 --seed 1	243	61	207	95.48148148148148	91	243	61	192	94.64609053497942	88
NKRF_HepG2_ENCSR277DEO	rnaprot_gt_out/NKRF_HepG2_ENCSR277DEO_varlen_ext20_gt_out	rnaprot_gt_out/pos_neg_fasta_out/NKRF_HepG2_ENCSR277DEO.varlen_ext20.positives.bed	rnaprot_gt_out/pos_neg_fasta_out/NKRF_HepG2_ENCSR277DEO.varlen_ext20.negatives.bed	--max-len 300 --mode 2 --seq-ext 20 --seed 1	3380	61	275	110.10976331360946	106.0	3380	61	275	110.10562130177514	106.0
NOL12_HepG2_ENCSR820DQJ	rnaprot_gt_out/NOL12_HepG2_ENCSR820DQJ_varlen_ext20_gt_out	rnaprot_gt_out/pos_neg_fasta_out/NOL12_HepG2_ENCSR820DQJ.varlen_ext20.positives.bed	rnaprot_gt_out/pos_neg_fasta_out/NOL12_HepG2_ENCSR820DQJ.varlen_ext20.negatives.bed	--max-len 300 --mode 2 --seq-ext 20 --seed 1	219	61	224	90.0228310502283	85	219	61	224	87.4703196347032	83
NOLC1_HepG2_ENCSR194HZU	rnaprot_gt_out/NOLC1_HepG2_ENCSR194HZU_varlen_ext20_gt_out	rnaprot_gt_out/pos_neg_fasta_out/NOLC1_HepG2_ENCSR194HZU.varlen_ext20.positives.bed	rnaprot_gt_out/pos_neg_fasta_out/NOLC1_HepG2_ENCSR194HZU.varlen_ext20.negatives.bed	--max-len 300 --mode 2 --seq-ext 20 --seed 1	521	61	253	77.51631477927063	66	521	61	253	78.76007677543186	65
NOLC1_K562_ENCSR001VAC	rnaprot_gt_out/NOLC1_K562_ENCSR001VAC_varlen_ext20_gt_out	rnaprot_gt_out/pos_neg_fasta_out/NOLC1_K562_ENCSR001VAC.varlen_ext20.positives.bed	rnaprot_gt_out/pos_neg_fasta_out/NOLC1_K562_ENCSR001VAC.varlen_ext20.negatives.bed	--max-len 300 --mode 2 --seq-ext 20 --seed 1	1211	61	313	110.78034682080924	105	1211	61	313	111.28736581337738	105
NONO_HepG2_ENCSR585SMS	rnaprot_gt_out/NONO_HepG2_ENCSR585SMS_varlen_ext20_gt_out	rnaprot_gt_out/pos_neg_fasta_out/NONO_HepG2_ENCSR585SMS.varlen_ext20.positives.bed	rnaprot_gt_out/pos_neg_fasta_out/NONO_HepG2_ENCSR585SMS.varlen_ext20.negatives.bed	--max-len 300 --mode 2 --seq-ext 20 --seed 1	3282	61	322	126.09597806215722	122.0	3282	61	282	125.8823887873248	121.0
NONO_K562_ENCSR285QHT	rnaprot_gt_out/NONO_K562_ENCSR285QHT_varlen_ext20_gt_out	rnaprot_gt_out/pos_neg_fasta_out/NONO_K562_ENCSR285QHT.varlen_ext20.positives.bed	rnaprot_gt_out/pos_neg_fasta_out/NONO_K562_ENCSR285QHT.varlen_ext20.negatives.bed	--max-len 300 --mode 2 --seq-ext 20 --seed 1	2141	61	326	143.281644091546	137	2141	61	326	144.1555347968239	139
NONO_K562_ENCSR861PAR	rnaprot_gt_out/NONO_K562_ENCSR861PAR_varlen_ext20_gt_out	rnaprot_gt_out/pos_neg_fasta_out/NONO_K562_ENCSR861PAR.varlen_ext20.positives.bed	rnaprot_gt_out/pos_neg_fasta_out/NONO_K562_ENCSR861PAR.varlen_ext20.negatives.bed	--max-len 300 --mode 2 --seq-ext 20 --seed 1	8865	61	292	103.91742808798647	99	8865	61	290	103.8984771573604	99
NPM1_K562_ENCSR448IDP	rnaprot_gt_out/NPM1_K562_ENCSR448IDP_varlen_ext20_gt_out	rnaprot_gt_out/pos_neg_fasta_out/NPM1_K562_ENCSR448IDP.varlen_ext20.positives.bed	rnaprot_gt_out/pos_neg_fasta_out/NPM1_K562_ENCSR448IDP.varlen_ext20.negatives.bed	--max-len 300 --mode 2 --seq-ext 20 --seed 1	275	61	244	87.52363636363637	77	275	61	244	88.80363636363636	78
NSUN2_HepG2_ENCSR379GZS	rnaprot_gt_out/NSUN2_HepG2_ENCSR379GZS_varlen_ext20_gt_out	rnaprot_gt_out/pos_neg_fasta_out/NSUN2_HepG2_ENCSR379GZS.varlen_ext20.positives.bed	rnaprot_gt_out/pos_neg_fasta_out/NSUN2_HepG2_ENCSR379GZS.varlen_ext20.negatives.bed	--max-len 300 --mode 2 --seq-ext 20 --seed 1	270	61	152	73.42222222222222	63.0	270	61	139	72.97407407407407	62.0
NSUN2_K562_ENCSR081JYH	rnaprot_gt_out/NSUN2_K562_ENCSR081JYH_varlen_ext20_gt_out	rnaprot_gt_out/pos_neg_fasta_out/NSUN2_K562_ENCSR081JYH.varlen_ext20.positives.bed	rnaprot_gt_out/pos_neg_fasta_out/NSUN2_K562_ENCSR081JYH.varlen_ext20.negatives.bed	--max-len 300 --mode 2 --seq-ext 20 --seed 1	85	61	120	66.15294117647059	61	85	61	120	64.69411764705882	61
NSUN4_K562_ENCSR224QFQ	rnaprot_gt_out/NSUN4_K562_ENCSR224QFQ_varlen_ext20_gt_out	rnaprot_gt_out/pos_neg_fasta_out/NSUN4_K562_ENCSR224QFQ.varlen_ext20.positives.bed	rnaprot_gt_out/pos_neg_fasta_out/NSUN4_K562_ENCSR224QFQ.varlen_ext20.negatives.bed	--max-len 300 --mode 2 --seq-ext 20 --seed 1	965	61	267	104.35025906735751	97	965	61	267	106.34818652849741	101
PABPC4_K562_ENCSR958FKZ	rnaprot_gt_out/PABPC4_K562_ENCSR958FKZ_varlen_ext20_gt_out	rnaprot_gt_out/pos_neg_fasta_out/PABPC4_K562_ENCSR958FKZ.varlen_ext20.positives.bed	rnaprot_gt_out/pos_neg_fasta_out/PABPC4_K562_ENCSR958FKZ.varlen_ext20.negatives.bed	--max-len 300 --mode 2 --seq-ext 20 --seed 1	3562	61	275	93.2164514317799	88.0	3562	61	266	93.38714205502527	89.0
PABPN1_HepG2_ENCSR820UYE	rnaprot_gt_out/PABPN1_HepG2_ENCSR820UYE_varlen_ext20_gt_out	rnaprot_gt_out/pos_neg_fasta_out/PABPN1_HepG2_ENCSR820UYE.varlen_ext20.positives.bed	rnaprot_gt_out/pos_neg_fasta_out/PABPN1_HepG2_ENCSR820UYE.varlen_ext20.negatives.bed	--max-len 300 --mode 2 --seq-ext 20 --seed 1	2931	61	279	106.31695667007847	100	2931	61	279	106.65643125213238	101
PARP1_HepG2_ENCSR352IFB	rnaprot_gt_out/PARP1_HepG2_ENCSR352IFB_varlen_ext20_gt_out	rnaprot_gt_out/pos_neg_fasta_out/PARP1_HepG2_ENCSR352IFB.varlen_ext20.positives.bed	rnaprot_gt_out/pos_neg_fasta_out/PARP1_HepG2_ENCSR352IFB.varlen_ext20.negatives.bed	--max-len 300 --mode 2 --seq-ext 20 --seed 1	99	61	242	87.04040404040404	78	99	61	242	89.16161616161617	77
PCBP1_HepG2_ENCSR256CHX	rnaprot_gt_out/PCBP1_HepG2_ENCSR256CHX_varlen_ext20_gt_out	rnaprot_gt_out/pos_neg_fasta_out/PCBP1_HepG2_ENCSR256CHX.varlen_ext20.positives.bed	rnaprot_gt_out/pos_neg_fasta_out/PCBP1_HepG2_ENCSR256CHX.varlen_ext20.negatives.bed	--max-len 300 --mode 2 --seq-ext 20 --seed 1	684	61	288	115.00730994152046	109.0	684	61	288	115.62865497076024	109.0
PCBP1_K562_ENCSR922WJV	rnaprot_gt_out/PCBP1_K562_ENCSR922WJV_varlen_ext20_gt_out	rnaprot_gt_out/pos_neg_fasta_out/PCBP1_K562_ENCSR922WJV.varlen_ext20.positives.bed	rnaprot_gt_out/pos_neg_fasta_out/PCBP1_K562_ENCSR922WJV.varlen_ext20.negatives.bed	--max-len 300 --mode 2 --seq-ext 20 --seed 1	1632	61	269	119.39276960784314	115.0	1632	61	256	118.28308823529412	114.0
PCBP2_HepG2_ENCSR339FUY	rnaprot_gt_out/PCBP2_HepG2_ENCSR339FUY_varlen_ext20_gt_out	rnaprot_gt_out/pos_neg_fasta_out/PCBP2_HepG2_ENCSR339FUY.varlen_ext20.positives.bed	rnaprot_gt_out/pos_neg_fasta_out/PCBP2_HepG2_ENCSR339FUY.varlen_ext20.negatives.bed	--max-len 300 --mode 2 --seq-ext 20 --seed 1	6518	61	330	122.38002454740717	118.0	6518	61	330	121.99631788892299	118.0
PHF6_K562_ENCSR001KKZ	rnaprot_gt_out/PHF6_K562_ENCSR001KKZ_varlen_ext20_gt_out	rnaprot_gt_out/pos_neg_fasta_out/PHF6_K562_ENCSR001KKZ.varlen_ext20.positives.bed	rnaprot_gt_out/pos_neg_fasta_out/PHF6_K562_ENCSR001KKZ.varlen_ext20.negatives.bed	--max-len 300 --mode 2 --seq-ext 20 --seed 1	551	61	216	97.1016333938294	94	551	61	215	97.98729582577133	95
PPIG_HepG2_ENCSR097NEE	rnaprot_gt_out/PPIG_HepG2_ENCSR097NEE_varlen_ext20_gt_out	rnaprot_gt_out/pos_neg_fasta_out/PPIG_HepG2_ENCSR097NEE.varlen_ext20.positives.bed	rnaprot_gt_out/pos_neg_fasta_out/PPIG_HepG2_ENCSR097NEE.varlen_ext20.negatives.bed	--max-len 300 --mode 2 --seq-ext 20 --seed 1	18880	61	307	94.43342161016949	90.0	18880	61	307	94.27579449152542	90.0
PPIL4_K562_ENCSR197INS	rnaprot_gt_out/PPIL4_K562_ENCSR197INS_varlen_ext20_gt_out	rnaprot_gt_out/pos_neg_fasta_out/PPIL4_K562_ENCSR197INS.varlen_ext20.positives.bed	rnaprot_gt_out/pos_neg_fasta_out/PPIL4_K562_ENCSR197INS.varlen_ext20.negatives.bed	--max-len 300 --mode 2 --seq-ext 20 --seed 1	480	61	219	111.89375	106.0	480	61	219	111.45208333333333	105.5
PRP16_HepG2_ENCSR678OKJ	rnaprot_gt_out/PRP16_HepG2_ENCSR678OKJ_varlen_ext20_gt_out	rnaprot_gt_out/pos_neg_fasta_out/PRP16_HepG2_ENCSR678OKJ.varlen_ext20.positives.bed	rnaprot_gt_out/pos_neg_fasta_out/PRP16_HepG2_ENCSR678OKJ.varlen_ext20.negatives.bed	--max-len 300 --mode 2 --seq-ext 20 --seed 1	139	61	165	71.67625899280576	61	139	61	165	72.07194244604317	61
PRPF39_HepG2_ENCSR348MQL	rnaprot_gt_out/PRPF39_HepG2_ENCSR348MQL_varlen_ext20_gt_out	rnaprot_gt_out/pos_neg_fasta_out/PRPF39_HepG2_ENCSR348MQL.varlen_ext20.positives.bed	rnaprot_gt_out/pos_neg_fasta_out/PRPF39_HepG2_ENCSR348MQL.varlen_ext20.negatives.bed	--max-len 300 --mode 2 --seq-ext 20 --seed 1	4494	61	325	133.87049399198932	130.0	4494	61	325	134.24610591900313	130.0
PRPF39_HepG2_ENCSR884RBW	rnaprot_gt_out/PRPF39_HepG2_ENCSR884RBW_varlen_ext20_gt_out	rnaprot_gt_out/pos_neg_fasta_out/PRPF39_HepG2_ENCSR884RBW.varlen_ext20.positives.bed	rnaprot_gt_out/pos_neg_fasta_out/PRPF39_HepG2_ENCSR884RBW.varlen_ext20.negatives.bed	--max-len 300 --mode 2 --seq-ext 20 --seed 1	4161	61	335	135.82456140350877	131	4161	61	335	135.71977889930307	131
PRPF4_HepG2_ENCSR977OXG	rnaprot_gt_out/PRPF4_HepG2_ENCSR977OXG_varlen_ext20_gt_out	rnaprot_gt_out/pos_neg_fasta_out/PRPF4_HepG2_ENCSR977OXG.varlen_ext20.positives.bed	rnaprot_gt_out/pos_neg_fasta_out/PRPF4_HepG2_ENCSR977OXG.varlen_ext20.negatives.bed	--max-len 300 --mode 2 --seq-ext 20 --seed 1	7120	61	314	120.4748595505618	117.0	7120	61	314	120.57331460674158	117.0
PRPF8_HepG2_ENCSR121NVA	rnaprot_gt_out/PRPF8_HepG2_ENCSR121NVA_varlen_ext20_gt_out	rnaprot_gt_out/pos_neg_fasta_out/PRPF8_HepG2_ENCSR121NVA.varlen_ext20.positives.bed	rnaprot_gt_out/pos_neg_fasta_out/PRPF8_HepG2_ENCSR121NVA.varlen_ext20.negatives.bed	--max-len 300 --mode 2 --seq-ext 20 --seed 1	17220	61	265	102.39233449477352	100.0	17220	61	241	102.43211382113822	100.0
PRPF8_K562_ENCSR534YOI	rnaprot_gt_out/PRPF8_K562_ENCSR534YOI_varlen_ext20_gt_out	rnaprot_gt_out/pos_neg_fasta_out/PRPF8_K562_ENCSR534YOI.varlen_ext20.positives.bed	rnaprot_gt_out/pos_neg_fasta_out/PRPF8_K562_ENCSR534YOI.varlen_ext20.negatives.bed	--max-len 300 --mode 2 --seq-ext 20 --seed 1	9902	61	297	109.25610987679256	104.0	9902	61	275	109.38648757826702	104.0
PTBP1_HepG2_ENCSR384KAN	rnaprot_gt_out/PTBP1_HepG2_ENCSR384KAN_varlen_ext20_gt_out	rnaprot_gt_out/pos_neg_fasta_out/PTBP1_HepG2_ENCSR384KAN.varlen_ext20.positives.bed	rnaprot_gt_out/pos_neg_fasta_out/PTBP1_HepG2_ENCSR384KAN.varlen_ext20.negatives.bed	--max-len 300 --mode 2 --seq-ext 20 --seed 1	6832	61	292	125.10758196721312	123.0	6832	61	292	124.86724238875878	123.0
PTBP1_K562_ENCSR981WKN	rnaprot_gt_out/PTBP1_K562_ENCSR981WKN_varlen_ext20_gt_out	rnaprot_gt_out/pos_neg_fasta_out/PTBP1_K562_ENCSR981WKN.varlen_ext20.positives.bed	rnaprot_gt_out/pos_neg_fasta_out/PTBP1_K562_ENCSR981WKN.varlen_ext20.negatives.bed	--max-len 300 --mode 2 --seq-ext 20 --seed 1	6486	61	314	116.61933395004625	113.0	6486	61	314	116.74144310823311	114.0
PUM1_K562_ENCSR308YNT	rnaprot_gt_out/PUM1_K562_ENCSR308YNT_varlen_ext20_gt_out	rnaprot_gt_out/pos_neg_fasta_out/PUM1_K562_ENCSR308YNT.varlen_ext20.positives.bed	rnaprot_gt_out/pos_neg_fasta_out/PUM1_K562_ENCSR308YNT.varlen_ext20.negatives.bed	--max-len 300 --mode 2 --seq-ext 20 --seed 1	2017	61	312	107.0951908775409	101	2017	61	312	106.87456618740704	100
PUM2_K562_ENCSR661ICQ	rnaprot_gt_out/PUM2_K562_ENCSR661ICQ_varlen_ext20_gt_out	rnaprot_gt_out/pos_neg_fasta_out/PUM2_K562_ENCSR661ICQ.varlen_ext20.positives.bed	rnaprot_gt_out/pos_neg_fasta_out/PUM2_K562_ENCSR661ICQ.varlen_ext20.negatives.bed	--max-len 300 --mode 2 --seq-ext 20 --seed 1	4190	61	241	105.40119331742244	102.0	4190	61	241	105.32434367541767	102.0
QKI_HepG2_ENCSR570WLM	rnaprot_gt_out/QKI_HepG2_ENCSR570WLM_varlen_ext20_gt_out	rnaprot_gt_out/pos_neg_fasta_out/QKI_HepG2_ENCSR570WLM.varlen_ext20.positives.bed	rnaprot_gt_out/pos_neg_fasta_out/QKI_HepG2_ENCSR570WLM.varlen_ext20.negatives.bed	--max-len 300 --mode 2 --seq-ext 20 --seed 1	8084	61	317	122.98095002474022	120.0	8084	61	317	123.0642008906482	120.0
QKI_K562_ENCSR366YOG	rnaprot_gt_out/QKI_K562_ENCSR366YOG_varlen_ext20_gt_out	rnaprot_gt_out/pos_neg_fasta_out/QKI_K562_ENCSR366YOG.varlen_ext20.positives.bed	rnaprot_gt_out/pos_neg_fasta_out/QKI_K562_ENCSR366YOG.varlen_ext20.negatives.bed	--max-len 300 --mode 2 --seq-ext 20 --seed 1	1995	61	268	134.4842105263158	135	1995	61	268	134.7578947368421	135
RBFOX2_HepG2_ENCSR987FTF	rnaprot_gt_out/RBFOX2_HepG2_ENCSR987FTF_varlen_ext20_gt_out	rnaprot_gt_out/pos_neg_fasta_out/RBFOX2_HepG2_ENCSR987FTF.varlen_ext20.positives.bed	rnaprot_gt_out/pos_neg_fasta_out/RBFOX2_HepG2_ENCSR987FTF.varlen_ext20.negatives.bed	--max-len 300 --mode 2 --seq-ext 20 --seed 1	5390	61	279	116.26586270871985	111.0	5390	61	279	116.64656771799629	112.0
RBFOX2_K562_ENCSR756CKJ	rnaprot_gt_out/RBFOX2_K562_ENCSR756CKJ_varlen_ext20_gt_out	rnaprot_gt_out/pos_neg_fasta_out/RBFOX2_K562_ENCSR756CKJ.varlen_ext20.positives.bed	rnaprot_gt_out/pos_neg_fasta_out/RBFOX2_K562_ENCSR756CKJ.varlen_ext20.negatives.bed	--max-len 300 --mode 2 --seq-ext 20 --seed 1	2734	61	305	118.75713240673007	113.0	2734	61	290	118.30431602048282	113.0
RBM15_HepG2_ENCSR754NDA	rnaprot_gt_out/RBM15_HepG2_ENCSR754NDA_varlen_ext20_gt_out	rnaprot_gt_out/pos_neg_fasta_out/RBM15_HepG2_ENCSR754NDA.varlen_ext20.positives.bed	rnaprot_gt_out/pos_neg_fasta_out/RBM15_HepG2_ENCSR754NDA.varlen_ext20.negatives.bed	--max-len 300 --mode 2 --seq-ext 20 --seed 1	1223	61	225	95.73426001635323	92	1223	61	225	95.8847097301717	92
RBM15_K562_ENCSR196INN	rnaprot_gt_out/RBM15_K562_ENCSR196INN_varlen_ext20_gt_out	rnaprot_gt_out/pos_neg_fasta_out/RBM15_K562_ENCSR196INN.varlen_ext20.positives.bed	rnaprot_gt_out/pos_neg_fasta_out/RBM15_K562_ENCSR196INN.varlen_ext20.negatives.bed	--max-len 300 --mode 2 --seq-ext 20 --seed 1	6969	61	337	97.73080786339503	93	6969	61	337	97.84459750322858	93
RBM22_HepG2_ENCSR456JJQ	rnaprot_gt_out/RBM22_HepG2_ENCSR456JJQ_varlen_ext20_gt_out	rnaprot_gt_out/pos_neg_fasta_out/RBM22_HepG2_ENCSR456JJQ.varlen_ext20.positives.bed	rnaprot_gt_out/pos_neg_fasta_out/RBM22_HepG2_ENCSR456JJQ.varlen_ext20.negatives.bed	--max-len 300 --mode 2 --seq-ext 20 --seed 1	1772	61	196	96.23984198645599	93.0	1772	61	196	95.95711060948081	92.0
RBM22_K562_ENCSR295OKT	rnaprot_gt_out/RBM22_K562_ENCSR295OKT_varlen_ext20_gt_out	rnaprot_gt_out/pos_neg_fasta_out/RBM22_K562_ENCSR295OKT.varlen_ext20.positives.bed	rnaprot_gt_out/pos_neg_fasta_out/RBM22_K562_ENCSR295OKT.varlen_ext20.negatives.bed	--max-len 300 --mode 2 --seq-ext 20 --seed 1	932	61	165	100.79721030042919	99.0	932	61	165	100.73497854077253	99.0
RBM5_HepG2_ENCSR489ABS	rnaprot_gt_out/RBM5_HepG2_ENCSR489ABS_varlen_ext20_gt_out	rnaprot_gt_out/pos_neg_fasta_out/RBM5_HepG2_ENCSR489ABS.varlen_ext20.positives.bed	rnaprot_gt_out/pos_neg_fasta_out/RBM5_HepG2_ENCSR489ABS.varlen_ext20.negatives.bed	--max-len 300 --mode 2 --seq-ext 20 --seed 1	605	61	213	100.23140495867769	98	605	61	213	99.699173553719	97
RNF187_K562_ENCSR153STI	rnaprot_gt_out/RNF187_K562_ENCSR153STI_varlen_ext20_gt_out	rnaprot_gt_out/pos_neg_fasta_out/RNF187_K562_ENCSR153STI.varlen_ext20.positives.bed	rnaprot_gt_out/pos_neg_fasta_out/RNF187_K562_ENCSR153STI.varlen_ext20.negatives.bed	--max-len 300 --mode 2 --seq-ext 20 --seed 1	565	61	312	135.85486725663716	129	565	61	299	135.26548672566372	129
RPS3_HepG2_ENCSR766FAC	rnaprot_gt_out/RPS3_HepG2_ENCSR766FAC_varlen_ext20_gt_out	rnaprot_gt_out/pos_neg_fasta_out/RPS3_HepG2_ENCSR766FAC.varlen_ext20.positives.bed	rnaprot_gt_out/pos_neg_fasta_out/RPS3_HepG2_ENCSR766FAC.varlen_ext20.negatives.bed	--max-len 300 --mode 2 --seq-ext 20 --seed 1	3749	61	281	98.7554014403841	93	3749	61	281	98.85196052280608	93
RPS3_K562_ENCSR120EAR	rnaprot_gt_out/RPS3_K562_ENCSR120EAR_varlen_ext20_gt_out	rnaprot_gt_out/pos_neg_fasta_out/RPS3_K562_ENCSR120EAR.varlen_ext20.positives.bed	rnaprot_gt_out/pos_neg_fasta_out/RPS3_K562_ENCSR120EAR.varlen_ext20.negatives.bed	--max-len 300 --mode 2 --seq-ext 20 --seed 1	1773	61	270	92.65200225606317	88	1773	61	270	92.76762549351382	88
RPS6_K562_ENCSR100ARZ	rnaprot_gt_out/RPS6_K562_ENCSR100ARZ_varlen_ext20_gt_out	rnaprot_gt_out/pos_neg_fasta_out/RPS6_K562_ENCSR100ARZ.varlen_ext20.positives.bed	rnaprot_gt_out/pos_neg_fasta_out/RPS6_K562_ENCSR100ARZ.varlen_ext20.negatives.bed	--max-len 300 --mode 2 --seq-ext 20 --seed 1	207	61	280	111.02898550724638	106	207	61	280	111.18840579710145	104
RYBP_K562_ENCSR179MPN	rnaprot_gt_out/RYBP_K562_ENCSR179MPN_varlen_ext20_gt_out	rnaprot_gt_out/pos_neg_fasta_out/RYBP_K562_ENCSR179MPN.varlen_ext20.positives.bed	rnaprot_gt_out/pos_neg_fasta_out/RYBP_K562_ENCSR179MPN.varlen_ext20.negatives.bed	--max-len 300 --mode 2 --seq-ext 20 --seed 1	637	61	279	136.9795918367347	132	637	61	279	135.38932496075353	128
SAFB2_K562_ENCSR943MHU	rnaprot_gt_out/SAFB2_K562_ENCSR943MHU_varlen_ext20_gt_out	rnaprot_gt_out/pos_neg_fasta_out/SAFB2_K562_ENCSR943MHU.varlen_ext20.positives.bed	rnaprot_gt_out/pos_neg_fasta_out/SAFB2_K562_ENCSR943MHU.varlen_ext20.negatives.bed	--max-len 300 --mode 2 --seq-ext 20 --seed 1	3095	61	305	120.06688206785137	115	3095	61	305	119.91728594507269	115
SAFB_HepG2_ENCSR337XGI	rnaprot_gt_out/SAFB_HepG2_ENCSR337XGI_varlen_ext20_gt_out	rnaprot_gt_out/pos_neg_fasta_out/SAFB_HepG2_ENCSR337XGI.varlen_ext20.positives.bed	rnaprot_gt_out/pos_neg_fasta_out/SAFB_HepG2_ENCSR337XGI.varlen_ext20.negatives.bed	--max-len 300 --mode 2 --seq-ext 20 --seed 1	244	61	258	122.6311475409836	119.0	244	61	258	122.04098360655738	117.5
SAFB_K562_ENCSR484LAB	rnaprot_gt_out/SAFB_K562_ENCSR484LAB_varlen_ext20_gt_out	rnaprot_gt_out/pos_neg_fasta_out/SAFB_K562_ENCSR484LAB.varlen_ext20.positives.bed	rnaprot_gt_out/pos_neg_fasta_out/SAFB_K562_ENCSR484LAB.varlen_ext20.negatives.bed	--max-len 300 --mode 2 --seq-ext 20 --seed 1	424	61	250	119.4504716981132	116.5	424	61	250	119.49056603773585	116.0
SDAD1_HepG2_ENCSR050BDZ	rnaprot_gt_out/SDAD1_HepG2_ENCSR050BDZ_varlen_ext20_gt_out	rnaprot_gt_out/pos_neg_fasta_out/SDAD1_HepG2_ENCSR050BDZ.varlen_ext20.positives.bed	rnaprot_gt_out/pos_neg_fasta_out/SDAD1_HepG2_ENCSR050BDZ.varlen_ext20.negatives.bed	--max-len 300 --mode 2 --seq-ext 20 --seed 1	689	61	247	97.39187227866474	91	689	61	228	97.25544267053701	92
SERBP1_K562_ENCSR121GQH	rnaprot_gt_out/SERBP1_K562_ENCSR121GQH_varlen_ext20_gt_out	rnaprot_gt_out/pos_neg_fasta_out/SERBP1_K562_ENCSR121GQH.varlen_ext20.positives.bed	rnaprot_gt_out/pos_neg_fasta_out/SERBP1_K562_ENCSR121GQH.varlen_ext20.negatives.bed	--max-len 300 --mode 2 --seq-ext 20 --seed 1	106	61	282	118.43396226415095	116.5	106	61	282	123.01886792452831	120.0
SF3A1_HepG2_ENCSR317QOX	rnaprot_gt_out/SF3A1_HepG2_ENCSR317QOX_varlen_ext20_gt_out	rnaprot_gt_out/pos_neg_fasta_out/SF3A1_HepG2_ENCSR317QOX.varlen_ext20.positives.bed	rnaprot_gt_out/pos_neg_fasta_out/SF3A1_HepG2_ENCSR317QOX.varlen_ext20.negatives.bed	--max-len 300 --mode 2 --seq-ext 20 --seed 1	1229	61	336	101.1472742066721	93	1229	61	336	101.29048006509358	93
SF3A3_HepG2_ENCSR331MIC	rnaprot_gt_out/SF3A3_HepG2_ENCSR331MIC_varlen_ext20_gt_out	rnaprot_gt_out/pos_neg_fasta_out/SF3A3_HepG2_ENCSR331MIC.varlen_ext20.positives.bed	rnaprot_gt_out/pos_neg_fasta_out/SF3A3_HepG2_ENCSR331MIC.varlen_ext20.negatives.bed	--max-len 300 --mode 2 --seq-ext 20 --seed 1	2025	61	216	99.66172839506173	97	2025	61	216	100.41037037037037	98
SF3B4_HepG2_ENCSR279UJF	rnaprot_gt_out/SF3B4_HepG2_ENCSR279UJF_varlen_ext20_gt_out	rnaprot_gt_out/pos_neg_fasta_out/SF3B4_HepG2_ENCSR279UJF.varlen_ext20.positives.bed	rnaprot_gt_out/pos_neg_fasta_out/SF3B4_HepG2_ENCSR279UJF.varlen_ext20.negatives.bed	--max-len 300 --mode 2 --seq-ext 20 --seed 1	5340	61	227	103.01666666666667	101.0	5340	61	223	103.03707865168539	101.0
SF3B4_K562_ENCSR267OLV	rnaprot_gt_out/SF3B4_K562_ENCSR267OLV_varlen_ext20_gt_out	rnaprot_gt_out/pos_neg_fasta_out/SF3B4_K562_ENCSR267OLV.varlen_ext20.positives.bed	rnaprot_gt_out/pos_neg_fasta_out/SF3B4_K562_ENCSR267OLV.varlen_ext20.negatives.bed	--max-len 300 --mode 2 --seq-ext 20 --seed 1	8920	61	243	105.46367713004484	103.0	8920	61	243	105.41872197309416	103.0
SFPQ_HepG2_ENCSR965DLL	rnaprot_gt_out/SFPQ_HepG2_ENCSR965DLL_varlen_ext20_gt_out	rnaprot_gt_out/pos_neg_fasta_out/SFPQ_HepG2_ENCSR965DLL.varlen_ext20.positives.bed	rnaprot_gt_out/pos_neg_fasta_out/SFPQ_HepG2_ENCSR965DLL.varlen_ext20.negatives.bed	--max-len 300 --mode 2 --seq-ext 20 --seed 1	2321	61	278	112.30633347694959	105	2321	61	278	111.47694959069366	104
SLBP_K562_ENCSR483NOP	rnaprot_gt_out/SLBP_K562_ENCSR483NOP_varlen_ext20_gt_out	rnaprot_gt_out/pos_neg_fasta_out/SLBP_K562_ENCSR483NOP.varlen_ext20.positives.bed	rnaprot_gt_out/pos_neg_fasta_out/SLBP_K562_ENCSR483NOP.varlen_ext20.negatives.bed	--max-len 300 --mode 2 --seq-ext 20 --seed 1	79	61	223	85.60759493670886	81	79	61	223	85.75949367088607	84
SLTM_HepG2_ENCSR351PVI	rnaprot_gt_out/SLTM_HepG2_ENCSR351PVI_varlen_ext20_gt_out	rnaprot_gt_out/pos_neg_fasta_out/SLTM_HepG2_ENCSR351PVI.varlen_ext20.positives.bed	rnaprot_gt_out/pos_neg_fasta_out/SLTM_HepG2_ENCSR351PVI.varlen_ext20.negatives.bed	--max-len 300 --mode 2 --seq-ext 20 --seed 1	1122	61	315	107.97237076648841	104.0	1122	61	315	107.72014260249554	104.0
SLTM_K562_ENCSR000SSH	rnaprot_gt_out/SLTM_K562_ENCSR000SSH_varlen_ext20_gt_out	rnaprot_gt_out/pos_neg_fasta_out/SLTM_K562_ENCSR000SSH.varlen_ext20.positives.bed	rnaprot_gt_out/pos_neg_fasta_out/SLTM_K562_ENCSR000SSH.varlen_ext20.negatives.bed	--max-len 300 --mode 2 --seq-ext 20 --seed 1	3182	61	265	105.21370207416719	101.0	3182	61	265	105.57699560025141	101.0
SMNDC1_HepG2_ENCSR373ODC	rnaprot_gt_out/SMNDC1_HepG2_ENCSR373ODC_varlen_ext20_gt_out	rnaprot_gt_out/pos_neg_fasta_out/SMNDC1_HepG2_ENCSR373ODC.varlen_ext20.positives.bed	rnaprot_gt_out/pos_neg_fasta_out/SMNDC1_HepG2_ENCSR373ODC.varlen_ext20.negatives.bed	--max-len 300 --mode 2 --seq-ext 20 --seed 1	149	61	182	85.57046979865771	80	149	61	153	82.90604026845638	78
SMNDC1_K562_ENCSR658IQB	rnaprot_gt_out/SMNDC1_K562_ENCSR658IQB_varlen_ext20_gt_out	rnaprot_gt_out/pos_neg_fasta_out/SMNDC1_K562_ENCSR658IQB.varlen_ext20.positives.bed	rnaprot_gt_out/pos_neg_fasta_out/SMNDC1_K562_ENCSR658IQB.varlen_ext20.negatives.bed	--max-len 300 --mode 2 --seq-ext 20 --seed 1	1847	61	219	99.00757985923119	96	1847	61	219	98.60747157552788	96
SND1_HepG2_ENCSR061EVO	rnaprot_gt_out/SND1_HepG2_ENCSR061EVO_varlen_ext20_gt_out	rnaprot_gt_out/pos_neg_fasta_out/SND1_HepG2_ENCSR061EVO.varlen_ext20.positives.bed	rnaprot_gt_out/pos_neg_fasta_out/SND1_HepG2_ENCSR061EVO.varlen_ext20.negatives.bed	--max-len 300 --mode 2 --seq-ext 20 --seed 1	3685	61	308	89.39077340569878	85	3685	61	308	89.63229308005427	85
SND1_K562_ENCSR128VXC	rnaprot_gt_out/SND1_K562_ENCSR128VXC_varlen_ext20_gt_out	rnaprot_gt_out/pos_neg_fasta_out/SND1_K562_ENCSR128VXC.varlen_ext20.positives.bed	rnaprot_gt_out/pos_neg_fasta_out/SND1_K562_ENCSR128VXC.varlen_ext20.negatives.bed	--max-len 300 --mode 2 --seq-ext 20 --seed 1	2649	61	298	97.90562476406191	94	2649	61	227	97.91921479803699	94
SNRNP200_HepG2_ENCSR789YZZ	rnaprot_gt_out/SNRNP200_HepG2_ENCSR789YZZ_varlen_ext20_gt_out	rnaprot_gt_out/pos_neg_fasta_out/SNRNP200_HepG2_ENCSR789YZZ.varlen_ext20.positives.bed	rnaprot_gt_out/pos_neg_fasta_out/SNRNP200_HepG2_ENCSR789YZZ.varlen_ext20.negatives.bed	--max-len 300 --mode 2 --seq-ext 20 --seed 1	969	61	236	101.95975232198143	102	969	61	210	102.48297213622291	102
SNRNP200_K562_ENCSR280JAB	rnaprot_gt_out/SNRNP200_K562_ENCSR280JAB_varlen_ext20_gt_out	rnaprot_gt_out/pos_neg_fasta_out/SNRNP200_K562_ENCSR280JAB.varlen_ext20.positives.bed	rnaprot_gt_out/pos_neg_fasta_out/SNRNP200_K562_ENCSR280JAB.varlen_ext20.negatives.bed	--max-len 300 --mode 2 --seq-ext 20 --seed 1	615	61	247	116.04715447154472	117	615	61	247	115.03089430894309	116
SNRPA1_HepG2_ENCSR203ACR	rnaprot_gt_out/SNRPA1_HepG2_ENCSR203ACR_varlen_ext20_gt_out	rnaprot_gt_out/pos_neg_fasta_out/SNRPA1_HepG2_ENCSR203ACR.varlen_ext20.positives.bed	rnaprot_gt_out/pos_neg_fasta_out/SNRPA1_HepG2_ENCSR203ACR.varlen_ext20.negatives.bed	--max-len 300 --mode 2 --seq-ext 20 --seed 1	284	61	158	72.88380281690141	61.0	284	61	158	72.38380281690141	61.0
SNRPC_HepG2_ENCSR959OKB	rnaprot_gt_out/SNRPC_HepG2_ENCSR959OKB_varlen_ext20_gt_out	rnaprot_gt_out/pos_neg_fasta_out/SNRPC_HepG2_ENCSR959OKB.varlen_ext20.positives.bed	rnaprot_gt_out/pos_neg_fasta_out/SNRPC_HepG2_ENCSR959OKB.varlen_ext20.negatives.bed	--max-len 300 --mode 2 --seq-ext 20 --seed 1	2589	61	337	155.6361529548088	155	2589	61	337	155.25415218230978	155
SNRPC_K562_ENCSR714FKK	rnaprot_gt_out/SNRPC_K562_ENCSR714FKK_varlen_ext20_gt_out	rnaprot_gt_out/pos_neg_fasta_out/SNRPC_K562_ENCSR714FKK.varlen_ext20.positives.bed	rnaprot_gt_out/pos_neg_fasta_out/SNRPC_K562_ENCSR714FKK.varlen_ext20.negatives.bed	--max-len 300 --mode 2 --seq-ext 20 --seed 1	2333	61	309	136.46806686669524	135	2333	61	309	137.52507501071582	136
SNRPD3_HepG2_ENCSR038CCV	rnaprot_gt_out/SNRPD3_HepG2_ENCSR038CCV_varlen_ext20_gt_out	rnaprot_gt_out/pos_neg_fasta_out/SNRPD3_HepG2_ENCSR038CCV.varlen_ext20.positives.bed	rnaprot_gt_out/pos_neg_fasta_out/SNRPD3_HepG2_ENCSR038CCV.varlen_ext20.negatives.bed	--max-len 300 --mode 2 --seq-ext 20 --seed 1	346	61	139	74.16184971098266	66.0	346	61	122	73.60982658959537	65.0
SNRPD3_K562_ENCSR552TNU	rnaprot_gt_out/SNRPD3_K562_ENCSR552TNU_varlen_ext20_gt_out	rnaprot_gt_out/pos_neg_fasta_out/SNRPD3_K562_ENCSR552TNU.varlen_ext20.positives.bed	rnaprot_gt_out/pos_neg_fasta_out/SNRPD3_K562_ENCSR552TNU.varlen_ext20.negatives.bed	--max-len 300 --mode 2 --seq-ext 20 --seed 1	1201	61	332	127.80099916736053	128	1201	61	298	127.88093255620316	128
SRSF1_HepG2_ENCSR989VIY	rnaprot_gt_out/SRSF1_HepG2_ENCSR989VIY_varlen_ext20_gt_out	rnaprot_gt_out/pos_neg_fasta_out/SRSF1_HepG2_ENCSR989VIY.varlen_ext20.positives.bed	rnaprot_gt_out/pos_neg_fasta_out/SRSF1_HepG2_ENCSR989VIY.varlen_ext20.negatives.bed	--max-len 300 --mode 2 --seq-ext 20 --seed 1	1525	61	330	120.7744262295082	116	1525	61	278	120.1383606557377	116
SRSF1_K562_ENCSR321PWZ	rnaprot_gt_out/SRSF1_K562_ENCSR321PWZ_varlen_ext20_gt_out	rnaprot_gt_out/pos_neg_fasta_out/SRSF1_K562_ENCSR321PWZ.varlen_ext20.positives.bed	rnaprot_gt_out/pos_neg_fasta_out/SRSF1_K562_ENCSR321PWZ.varlen_ext20.negatives.bed	--max-len 300 --mode 2 --seq-ext 20 --seed 1	2850	61	328	110.37403508771929	103.0	2850	61	328	110.00105263157894	103.0
SRSF1_K562_ENCSR432XUP	rnaprot_gt_out/SRSF1_K562_ENCSR432XUP_varlen_ext20_gt_out	rnaprot_gt_out/pos_neg_fasta_out/SRSF1_K562_ENCSR432XUP.varlen_ext20.positives.bed	rnaprot_gt_out/pos_neg_fasta_out/SRSF1_K562_ENCSR432XUP.varlen_ext20.negatives.bed	--max-len 300 --mode 2 --seq-ext 20 --seed 1	1806	61	334	122.04928017718716	117.0	1806	61	334	122.10077519379846	117.0
SRSF5_K562_ENCSR124DES	rnaprot_gt_out/SRSF5_K562_ENCSR124DES_varlen_ext20_gt_out	rnaprot_gt_out/pos_neg_fasta_out/SRSF5_K562_ENCSR124DES.varlen_ext20.positives.bed	rnaprot_gt_out/pos_neg_fasta_out/SRSF5_K562_ENCSR124DES.varlen_ext20.negatives.bed	--max-len 300 --mode 2 --seq-ext 20 --seed 1	362	61	279	118.10773480662984	113.0	362	61	279	117.26795580110497	114.5
SRSF7_HepG2_ENCSR513NDD	rnaprot_gt_out/SRSF7_HepG2_ENCSR513NDD_varlen_ext20_gt_out	rnaprot_gt_out/pos_neg_fasta_out/SRSF7_HepG2_ENCSR513NDD.varlen_ext20.positives.bed	rnaprot_gt_out/pos_neg_fasta_out/SRSF7_HepG2_ENCSR513NDD.varlen_ext20.negatives.bed	--max-len 300 --mode 2 --seq-ext 20 --seed 1	342	61	259	111.56432748538012	108.0	342	61	259	110.9093567251462	106.0
SRSF7_K562_ENCSR468FSW	rnaprot_gt_out/SRSF7_K562_ENCSR468FSW_varlen_ext20_gt_out	rnaprot_gt_out/pos_neg_fasta_out/SRSF7_K562_ENCSR468FSW.varlen_ext20.positives.bed	rnaprot_gt_out/pos_neg_fasta_out/SRSF7_K562_ENCSR468FSW.varlen_ext20.negatives.bed	--max-len 300 --mode 2 --seq-ext 20 --seed 1	416	61	305	124.14903846153847	118.0	416	61	305	124.19471153846153	119.5
SRSF9_HepG2_ENCSR773KRC	rnaprot_gt_out/SRSF9_HepG2_ENCSR773KRC_varlen_ext20_gt_out	rnaprot_gt_out/pos_neg_fasta_out/SRSF9_HepG2_ENCSR773KRC.varlen_ext20.positives.bed	rnaprot_gt_out/pos_neg_fasta_out/SRSF9_HepG2_ENCSR773KRC.varlen_ext20.negatives.bed	--max-len 300 --mode 2 --seq-ext 20 --seed 1	585	61	291	121.4940170940171	117	585	61	291	121.79145299145299	116
SRSF9_K562_ENCSR381VNR	rnaprot_gt_out/SRSF9_K562_ENCSR381VNR_varlen_ext20_gt_out	rnaprot_gt_out/pos_neg_fasta_out/SRSF9_K562_ENCSR381VNR.varlen_ext20.positives.bed	rnaprot_gt_out/pos_neg_fasta_out/SRSF9_K562_ENCSR381VNR.varlen_ext20.negatives.bed	--max-len 300 --mode 2 --seq-ext 20 --seed 1	190	61	268	109.15789473684211	106.0	190	61	239	104.28421052631579	95.0
SSB_K562_ENCSR356MSW	rnaprot_gt_out/SSB_K562_ENCSR356MSW_varlen_ext20_gt_out	rnaprot_gt_out/pos_neg_fasta_out/SSB_K562_ENCSR356MSW.varlen_ext20.positives.bed	rnaprot_gt_out/pos_neg_fasta_out/SSB_K562_ENCSR356MSW.varlen_ext20.negatives.bed	--max-len 300 --mode 2 --seq-ext 20 --seed 1	92	61	156	85.90217391304348	82.0	92	61	156	84.26086956521739	77.0
STAU2_HepG2_ENCSR979EWD	rnaprot_gt_out/STAU2_HepG2_ENCSR979EWD_varlen_ext20_gt_out	rnaprot_gt_out/pos_neg_fasta_out/STAU2_HepG2_ENCSR979EWD.varlen_ext20.positives.bed	rnaprot_gt_out/pos_neg_fasta_out/STAU2_HepG2_ENCSR979EWD.varlen_ext20.negatives.bed	--max-len 300 --mode 2 --seq-ext 20 --seed 1	656	61	288	108.5594512195122	103.0	656	61	288	109.15548780487805	105.0
SUB1_HepG2_ENCSR406OOZ	rnaprot_gt_out/SUB1_HepG2_ENCSR406OOZ_varlen_ext20_gt_out	rnaprot_gt_out/pos_neg_fasta_out/SUB1_HepG2_ENCSR406OOZ.varlen_ext20.positives.bed	rnaprot_gt_out/pos_neg_fasta_out/SUB1_HepG2_ENCSR406OOZ.varlen_ext20.negatives.bed	--max-len 300 --mode 2 --seq-ext 20 --seed 1	2435	61	219	101.55277207392197	100	2435	61	219	101.97741273100615	100
SUGP2_HepG2_ENCSR506UPY	rnaprot_gt_out/SUGP2_HepG2_ENCSR506UPY_varlen_ext20_gt_out	rnaprot_gt_out/pos_neg_fasta_out/SUGP2_HepG2_ENCSR506UPY.varlen_ext20.positives.bed	rnaprot_gt_out/pos_neg_fasta_out/SUGP2_HepG2_ENCSR506UPY.varlen_ext20.negatives.bed	--max-len 300 --mode 2 --seq-ext 20 --seed 1	11966	61	265	103.68845061006184	99.0	11966	61	265	103.3738091258566	99.0
SUPV3L1_HepG2_ENCSR580MFX	rnaprot_gt_out/SUPV3L1_HepG2_ENCSR580MFX_varlen_ext20_gt_out	rnaprot_gt_out/pos_neg_fasta_out/SUPV3L1_HepG2_ENCSR580MFX.varlen_ext20.positives.bed	rnaprot_gt_out/pos_neg_fasta_out/SUPV3L1_HepG2_ENCSR580MFX.varlen_ext20.negatives.bed	--max-len 300 --mode 2 --seq-ext 20 --seed 1	220	61	188	98.35454545454546	95.0	220	61	188	97	94.5
TAF15_HepG2_ENCSR841EQA	rnaprot_gt_out/TAF15_HepG2_ENCSR841EQA_varlen_ext20_gt_out	rnaprot_gt_out/pos_neg_fasta_out/TAF15_HepG2_ENCSR841EQA.varlen_ext20.positives.bed	rnaprot_gt_out/pos_neg_fasta_out/TAF15_HepG2_ENCSR841EQA.varlen_ext20.negatives.bed	--max-len 300 --mode 2 --seq-ext 20 --seed 1	713	61	291	120.2258064516129	116	713	61	253	119.43618513323983	114
TAF15_K562_ENCSR568DZW	rnaprot_gt_out/TAF15_K562_ENCSR568DZW_varlen_ext20_gt_out	rnaprot_gt_out/pos_neg_fasta_out/TAF15_K562_ENCSR568DZW.varlen_ext20.positives.bed	rnaprot_gt_out/pos_neg_fasta_out/TAF15_K562_ENCSR568DZW.varlen_ext20.negatives.bed	--max-len 300 --mode 2 --seq-ext 20 --seed 1	458	61	249	109.0524017467249	105.0	458	61	249	109.51091703056768	105.0
TARDBP_HepG2_ENCSR187VEQ	rnaprot_gt_out/TARDBP_HepG2_ENCSR187VEQ_varlen_ext20_gt_out	rnaprot_gt_out/pos_neg_fasta_out/TARDBP_HepG2_ENCSR187VEQ.varlen_ext20.positives.bed	rnaprot_gt_out/pos_neg_fasta_out/TARDBP_HepG2_ENCSR187VEQ.varlen_ext20.negatives.bed	--max-len 300 --mode 2 --seq-ext 20 --seed 1	10862	61	334	121.86770392192966	120.0	10862	61	334	122.06665439145645	120.0
TARDBP_K562_ENCSR584TCR	rnaprot_gt_out/TARDBP_K562_ENCSR584TCR_varlen_ext20_gt_out	rnaprot_gt_out/pos_neg_fasta_out/TARDBP_K562_ENCSR584TCR.varlen_ext20.positives.bed	rnaprot_gt_out/pos_neg_fasta_out/TARDBP_K562_ENCSR584TCR.varlen_ext20.negatives.bed	--max-len 300 --mode 2 --seq-ext 20 --seed 1	5449	61	329	127.0967149935768	122	5449	61	317	127.05505597357313	122
TARDBP_K562_ENCSR720BJU	rnaprot_gt_out/TARDBP_K562_ENCSR720BJU_varlen_ext20_gt_out	rnaprot_gt_out/pos_neg_fasta_out/TARDBP_K562_ENCSR720BJU.varlen_ext20.positives.bed	rnaprot_gt_out/pos_neg_fasta_out/TARDBP_K562_ENCSR720BJU.varlen_ext20.negatives.bed	--max-len 300 --mode 2 --seq-ext 20 --seed 1	3445	61	327	131.110885341074	126	3445	61	327	131.80319303338172	127
TBRG4_HepG2_ENCSR916SRV	rnaprot_gt_out/TBRG4_HepG2_ENCSR916SRV_varlen_ext20_gt_out	rnaprot_gt_out/pos_neg_fasta_out/TBRG4_HepG2_ENCSR916SRV.varlen_ext20.positives.bed	rnaprot_gt_out/pos_neg_fasta_out/TBRG4_HepG2_ENCSR916SRV.varlen_ext20.negatives.bed	--max-len 300 --mode 2 --seq-ext 20 --seed 1	48	61	165	81.79166666666667	71.0	48	61	140	78.97916666666667	70.0
TBRG4_K562_ENCSR506OTC	rnaprot_gt_out/TBRG4_K562_ENCSR506OTC_varlen_ext20_gt_out	rnaprot_gt_out/pos_neg_fasta_out/TBRG4_K562_ENCSR506OTC.varlen_ext20.positives.bed	rnaprot_gt_out/pos_neg_fasta_out/TBRG4_K562_ENCSR506OTC.varlen_ext20.negatives.bed	--max-len 300 --mode 2 --seq-ext 20 --seed 1	278	61	335	97.76978417266187	95.0	278	61	199	98.47122302158273	96.0
TIA1_HepG2_ENCSR623VEQ	rnaprot_gt_out/TIA1_HepG2_ENCSR623VEQ_varlen_ext20_gt_out	rnaprot_gt_out/pos_neg_fasta_out/TIA1_HepG2_ENCSR623VEQ.varlen_ext20.positives.bed	rnaprot_gt_out/pos_neg_fasta_out/TIA1_HepG2_ENCSR623VEQ.varlen_ext20.negatives.bed	--max-len 300 --mode 2 --seq-ext 20 --seed 1	1401	61	227	97.19557458957887	95	1401	61	227	96.89864382583869	94
TIA1_K562_ENCSR057DWB	rnaprot_gt_out/TIA1_K562_ENCSR057DWB_varlen_ext20_gt_out	rnaprot_gt_out/pos_neg_fasta_out/TIA1_K562_ENCSR057DWB.varlen_ext20.positives.bed	rnaprot_gt_out/pos_neg_fasta_out/TIA1_K562_ENCSR057DWB.varlen_ext20.negatives.bed	--max-len 300 --mode 2 --seq-ext 20 --seed 1	5022	61	255	97.45519713261649	95.0	5022	61	255	97.49820788530467	94.0
TIAL1_HepG2_ENCSR322HHA	rnaprot_gt_out/TIAL1_HepG2_ENCSR322HHA_varlen_ext20_gt_out	rnaprot_gt_out/pos_neg_fasta_out/TIAL1_HepG2_ENCSR322HHA.varlen_ext20.positives.bed	rnaprot_gt_out/pos_neg_fasta_out/TIAL1_HepG2_ENCSR322HHA.varlen_ext20.negatives.bed	--max-len 300 --mode 2 --seq-ext 20 --seed 1	1970	61	237	105.27360406091371	102.0	1970	61	237	105.13096446700507	102.0
TIAL1_K562_ENCSR539DEW	rnaprot_gt_out/TIAL1_K562_ENCSR539DEW_varlen_ext20_gt_out	rnaprot_gt_out/pos_neg_fasta_out/TIAL1_K562_ENCSR539DEW.varlen_ext20.positives.bed	rnaprot_gt_out/pos_neg_fasta_out/TIAL1_K562_ENCSR539DEW.varlen_ext20.negatives.bed	--max-len 300 --mode 2 --seq-ext 20 --seed 1	4410	61	311	120.25260770975056	119.0	4410	61	311	119.98185941043084	118.0
TRA2A_HepG2_ENCSR314UMJ	rnaprot_gt_out/TRA2A_HepG2_ENCSR314UMJ_varlen_ext20_gt_out	rnaprot_gt_out/pos_neg_fasta_out/TRA2A_HepG2_ENCSR314UMJ.varlen_ext20.positives.bed	rnaprot_gt_out/pos_neg_fasta_out/TRA2A_HepG2_ENCSR314UMJ.varlen_ext20.negatives.bed	--max-len 300 --mode 2 --seq-ext 20 --seed 1	754	61	245	120.42042440318302	116.0	754	61	244	120.34482758620689	116.0
TRA2A_K562_ENCSR365NVO	rnaprot_gt_out/TRA2A_K562_ENCSR365NVO_varlen_ext20_gt_out	rnaprot_gt_out/pos_neg_fasta_out/TRA2A_K562_ENCSR365NVO.varlen_ext20.positives.bed	rnaprot_gt_out/pos_neg_fasta_out/TRA2A_K562_ENCSR365NVO.varlen_ext20.negatives.bed	--max-len 300 --mode 2 --seq-ext 20 --seed 1	1164	61	292	112.63487972508591	107.0	1164	61	292	112.54810996563575	106.5
TROVE2_HepG2_ENCSR993FMY	rnaprot_gt_out/TROVE2_HepG2_ENCSR993FMY_varlen_ext20_gt_out	rnaprot_gt_out/pos_neg_fasta_out/TROVE2_HepG2_ENCSR993FMY.varlen_ext20.positives.bed	rnaprot_gt_out/pos_neg_fasta_out/TROVE2_HepG2_ENCSR993FMY.varlen_ext20.negatives.bed	--max-len 300 --mode 2 --seq-ext 20 --seed 1	112	61	176	79.63392857142857	74.0	112	61	176	81.44642857142857	74.0
TROVE2_K562_ENCSR539ZTS	rnaprot_gt_out/TROVE2_K562_ENCSR539ZTS_varlen_ext20_gt_out	rnaprot_gt_out/pos_neg_fasta_out/TROVE2_K562_ENCSR539ZTS.varlen_ext20.positives.bed	rnaprot_gt_out/pos_neg_fasta_out/TROVE2_K562_ENCSR539ZTS.varlen_ext20.negatives.bed	--max-len 300 --mode 2 --seq-ext 20 --seed 1	324	61	157	79.07098765432099	76.0	324	61	157	79.50308641975309	76.0
U2AF1_HepG2_ENCSR328LLU	rnaprot_gt_out/U2AF1_HepG2_ENCSR328LLU_varlen_ext20_gt_out	rnaprot_gt_out/pos_neg_fasta_out/U2AF1_HepG2_ENCSR328LLU.varlen_ext20.positives.bed	rnaprot_gt_out/pos_neg_fasta_out/U2AF1_HepG2_ENCSR328LLU.varlen_ext20.negatives.bed	--max-len 300 --mode 2 --seq-ext 20 --seed 1	932	61	221	99.5675965665236	98.0	932	61	212	99.64484978540773	99.0
U2AF1_K562_ENCSR862QCH	rnaprot_gt_out/U2AF1_K562_ENCSR862QCH_varlen_ext20_gt_out	rnaprot_gt_out/pos_neg_fasta_out/U2AF1_K562_ENCSR862QCH.varlen_ext20.positives.bed	rnaprot_gt_out/pos_neg_fasta_out/U2AF1_K562_ENCSR862QCH.varlen_ext20.negatives.bed	--max-len 300 --mode 2 --seq-ext 20 --seed 1	1133	61	226	98.24271844660194	96	1133	61	183	98.74933804060018	96
U2AF2_HepG2_ENCSR202BFN	rnaprot_gt_out/U2AF2_HepG2_ENCSR202BFN_varlen_ext20_gt_out	rnaprot_gt_out/pos_neg_fasta_out/U2AF2_HepG2_ENCSR202BFN.varlen_ext20.positives.bed	rnaprot_gt_out/pos_neg_fasta_out/U2AF2_HepG2_ENCSR202BFN.varlen_ext20.negatives.bed	--max-len 300 --mode 2 --seq-ext 20 --seed 1	9985	61	299	104.91817726589885	101	9985	61	299	104.87621432148222	101
U2AF2_K562_ENCSR893RAV	rnaprot_gt_out/U2AF2_K562_ENCSR893RAV_varlen_ext20_gt_out	rnaprot_gt_out/pos_neg_fasta_out/U2AF2_K562_ENCSR893RAV.varlen_ext20.positives.bed	rnaprot_gt_out/pos_neg_fasta_out/U2AF2_K562_ENCSR893RAV.varlen_ext20.negatives.bed	--max-len 300 --mode 2 --seq-ext 20 --seed 1	3177	61	223	102.35631098520616	101	3177	61	223	102.10103871576959	101
UCHL5_HepG2_ENCSR490IEE	rnaprot_gt_out/UCHL5_HepG2_ENCSR490IEE_varlen_ext20_gt_out	rnaprot_gt_out/pos_neg_fasta_out/UCHL5_HepG2_ENCSR490IEE.varlen_ext20.positives.bed	rnaprot_gt_out/pos_neg_fasta_out/UCHL5_HepG2_ENCSR490IEE.varlen_ext20.negatives.bed	--max-len 300 --mode 2 --seq-ext 20 --seed 1	1917	61	286	107.57902973395932	101	1917	61	283	107.72509128847157	101
UCHL5_K562_ENCSR349KMG	rnaprot_gt_out/UCHL5_K562_ENCSR349KMG_varlen_ext20_gt_out	rnaprot_gt_out/pos_neg_fasta_out/UCHL5_K562_ENCSR349KMG.varlen_ext20.positives.bed	rnaprot_gt_out/pos_neg_fasta_out/UCHL5_K562_ENCSR349KMG.varlen_ext20.negatives.bed	--max-len 300 --mode 2 --seq-ext 20 --seed 1	14183	61	314	101.37763519706691	96	14183	61	314	101.45723753789748	96
UPF1_HepG2_ENCSR539BEV	rnaprot_gt_out/UPF1_HepG2_ENCSR539BEV_varlen_ext20_gt_out	rnaprot_gt_out/pos_neg_fasta_out/UPF1_HepG2_ENCSR539BEV.varlen_ext20.positives.bed	rnaprot_gt_out/pos_neg_fasta_out/UPF1_HepG2_ENCSR539BEV.varlen_ext20.negatives.bed	--max-len 300 --mode 2 --seq-ext 20 --seed 1	6271	61	340	122.91357040344442	117	6271	61	322	122.87131239036836	117
UPF1_K562_ENCSR456ASB	rnaprot_gt_out/UPF1_K562_ENCSR456ASB_varlen_ext20_gt_out	rnaprot_gt_out/pos_neg_fasta_out/UPF1_K562_ENCSR456ASB.varlen_ext20.positives.bed	rnaprot_gt_out/pos_neg_fasta_out/UPF1_K562_ENCSR456ASB.varlen_ext20.negatives.bed	--max-len 300 --mode 2 --seq-ext 20 --seed 1	8325	61	331	104.71651651651652	99	8325	61	331	104.74630630630631	99
UTP18_K562_ENCSR964VOX	rnaprot_gt_out/UTP18_K562_ENCSR964VOX_varlen_ext20_gt_out	rnaprot_gt_out/pos_neg_fasta_out/UTP18_K562_ENCSR964VOX.varlen_ext20.positives.bed	rnaprot_gt_out/pos_neg_fasta_out/UTP18_K562_ENCSR964VOX.varlen_ext20.negatives.bed	--max-len 300 --mode 2 --seq-ext 20 --seed 1	100	61	167	96.8	95.0	100	61	167	95.62	92.5
WDR43_HepG2_ENCSR085JPB	rnaprot_gt_out/WDR43_HepG2_ENCSR085JPB_varlen_ext20_gt_out	rnaprot_gt_out/pos_neg_fasta_out/WDR43_HepG2_ENCSR085JPB.varlen_ext20.positives.bed	rnaprot_gt_out/pos_neg_fasta_out/WDR43_HepG2_ENCSR085JPB.varlen_ext20.negatives.bed	--max-len 300 --mode 2 --seq-ext 20 --seed 1	171	61	184	96.27485380116958	91	171	61	184	97.0233918128655	91
WDR43_K562_ENCSR349CMI	rnaprot_gt_out/WDR43_K562_ENCSR349CMI_varlen_ext20_gt_out	rnaprot_gt_out/pos_neg_fasta_out/WDR43_K562_ENCSR349CMI.varlen_ext20.positives.bed	rnaprot_gt_out/pos_neg_fasta_out/WDR43_K562_ENCSR349CMI.varlen_ext20.negatives.bed	--max-len 300 --mode 2 --seq-ext 20 --seed 1	112	61	180	96.51785714285714	93.0	112	61	180	97.32142857142857	94.5
WRN_K562_ENCSR038JME	rnaprot_gt_out/WRN_K562_ENCSR038JME_varlen_ext20_gt_out	rnaprot_gt_out/pos_neg_fasta_out/WRN_K562_ENCSR038JME.varlen_ext20.positives.bed	rnaprot_gt_out/pos_neg_fasta_out/WRN_K562_ENCSR038JME.varlen_ext20.negatives.bed	--max-len 300 --mode 2 --seq-ext 20 --seed 1	85	61	159	78.4	67	85	61	159	76.08235294117647	67
XPO5_HepG2_ENCSR921SXC	rnaprot_gt_out/XPO5_HepG2_ENCSR921SXC_varlen_ext20_gt_out	rnaprot_gt_out/pos_neg_fasta_out/XPO5_HepG2_ENCSR921SXC.varlen_ext20.positives.bed	rnaprot_gt_out/pos_neg_fasta_out/XPO5_HepG2_ENCSR921SXC.varlen_ext20.negatives.bed	--max-len 300 --mode 2 --seq-ext 20 --seed 1	3566	61	331	105.34324172742569	101.0	3566	61	331	105.38446438586652	101.0
XRCC6_K562_ENCSR258QKO	rnaprot_gt_out/XRCC6_K562_ENCSR258QKO_varlen_ext20_gt_out	rnaprot_gt_out/pos_neg_fasta_out/XRCC6_K562_ENCSR258QKO.varlen_ext20.positives.bed	rnaprot_gt_out/pos_neg_fasta_out/XRCC6_K562_ENCSR258QKO.varlen_ext20.negatives.bed	--max-len 300 --mode 2 --seq-ext 20 --seed 1	783	61	227	98.18773946360153	96	783	61	227	97.95402298850574	95
XRN2_HepG2_ENCSR655NZA	rnaprot_gt_out/XRN2_HepG2_ENCSR655NZA_varlen_ext20_gt_out	rnaprot_gt_out/pos_neg_fasta_out/XRN2_HepG2_ENCSR655NZA.varlen_ext20.positives.bed	rnaprot_gt_out/pos_neg_fasta_out/XRN2_HepG2_ENCSR655NZA.varlen_ext20.negatives.bed	--max-len 300 --mode 2 --seq-ext 20 --seed 1	1392	61	233	103.88721264367815	100.0	1392	61	229	103.63793103448276	100.0
XRN2_K562_ENCSR657TZB	rnaprot_gt_out/XRN2_K562_ENCSR657TZB_varlen_ext20_gt_out	rnaprot_gt_out/pos_neg_fasta_out/XRN2_K562_ENCSR657TZB.varlen_ext20.positives.bed	rnaprot_gt_out/pos_neg_fasta_out/XRN2_K562_ENCSR657TZB.varlen_ext20.negatives.bed	--max-len 300 --mode 2 --seq-ext 20 --seed 1	1241	61	332	115.35455278001612	109	1241	61	332	115.55922643029815	110
YBX3_HepG2_ENCSR735HOK	rnaprot_gt_out/YBX3_HepG2_ENCSR735HOK_varlen_ext20_gt_out	rnaprot_gt_out/pos_neg_fasta_out/YBX3_HepG2_ENCSR735HOK.varlen_ext20.positives.bed	rnaprot_gt_out/pos_neg_fasta_out/YBX3_HepG2_ENCSR735HOK.varlen_ext20.negatives.bed	--max-len 300 --mode 2 --seq-ext 20 --seed 1	1035	61	293	108.42705314009662	100	1035	61	293	111.8280193236715	101
YBX3_K562_ENCSR529FKI	rnaprot_gt_out/YBX3_K562_ENCSR529FKI_varlen_ext20_gt_out	rnaprot_gt_out/pos_neg_fasta_out/YBX3_K562_ENCSR529FKI.varlen_ext20.positives.bed	rnaprot_gt_out/pos_neg_fasta_out/YBX3_K562_ENCSR529FKI.varlen_ext20.negatives.bed	--max-len 300 --mode 2 --seq-ext 20 --seed 1	10560	61	257	85.70520833333333	79.0	10560	61	257	85.56912878787878	79.0
YWHAG_K562_ENCSR867ZVK	rnaprot_gt_out/YWHAG_K562_ENCSR867ZVK_varlen_ext20_gt_out	rnaprot_gt_out/pos_neg_fasta_out/YWHAG_K562_ENCSR867ZVK.varlen_ext20.positives.bed	rnaprot_gt_out/pos_neg_fasta_out/YWHAG_K562_ENCSR867ZVK.varlen_ext20.negatives.bed	--max-len 300 --mode 2 --seq-ext 20 --seed 1	715	61	231	100.9006993006993	96	715	61	227	101.41118881118881	97
ZC3H11A_HepG2_ENCSR907GUB	rnaprot_gt_out/ZC3H11A_HepG2_ENCSR907GUB_varlen_ext20_gt_out	rnaprot_gt_out/pos_neg_fasta_out/ZC3H11A_HepG2_ENCSR907GUB.varlen_ext20.positives.bed	rnaprot_gt_out/pos_neg_fasta_out/ZC3H11A_HepG2_ENCSR907GUB.varlen_ext20.negatives.bed	--max-len 300 --mode 2 --seq-ext 20 --seed 1	957	61	274	107.36990595611286	102	957	61	261	105.86938349007315	101
ZC3H11A_K562_ENCSR712IAG	rnaprot_gt_out/ZC3H11A_K562_ENCSR712IAG_varlen_ext20_gt_out	rnaprot_gt_out/pos_neg_fasta_out/ZC3H11A_K562_ENCSR712IAG.varlen_ext20.positives.bed	rnaprot_gt_out/pos_neg_fasta_out/ZC3H11A_K562_ENCSR712IAG.varlen_ext20.negatives.bed	--max-len 300 --mode 2 --seq-ext 20 --seed 1	991	61	273	109.94248234106962	105	991	61	273	109.15640766902119	105
ZC3H8_K562_ENCSR181NRW	rnaprot_gt_out/ZC3H8_K562_ENCSR181NRW_varlen_ext20_gt_out	rnaprot_gt_out/pos_neg_fasta_out/ZC3H8_K562_ENCSR181NRW.varlen_ext20.positives.bed	rnaprot_gt_out/pos_neg_fasta_out/ZC3H8_K562_ENCSR181NRW.varlen_ext20.negatives.bed	--max-len 300 --mode 2 --seq-ext 20 --seed 1	138	61	268	91.28985507246377	84.5	138	61	268	91.1304347826087	84.5
ZNF622_K562_ENCSR657TZZ	rnaprot_gt_out/ZNF622_K562_ENCSR657TZZ_varlen_ext20_gt_out	rnaprot_gt_out/pos_neg_fasta_out/ZNF622_K562_ENCSR657TZZ.varlen_ext20.positives.bed	rnaprot_gt_out/pos_neg_fasta_out/ZNF622_K562_ENCSR657TZZ.varlen_ext20.negatives.bed	--max-len 300 --mode 2 --seq-ext 20 --seed 1	11769	61	318	98.97977738125584	94	11769	61	318	98.9664372504036	94
ZNF800_HepG2_ENCSR685AUR	rnaprot_gt_out/ZNF800_HepG2_ENCSR685AUR_varlen_ext20_gt_out	rnaprot_gt_out/pos_neg_fasta_out/ZNF800_HepG2_ENCSR685AUR.varlen_ext20.positives.bed	rnaprot_gt_out/pos_neg_fasta_out/ZNF800_HepG2_ENCSR685AUR.varlen_ext20.negatives.bed	--max-len 300 --mode 2 --seq-ext 20 --seed 1	2282	61	301	106.02103418054338	99.0	2282	61	301	105.45705521472392	99.0
ZNF800_K562_ENCSR586DGV	rnaprot_gt_out/ZNF800_K562_ENCSR586DGV_varlen_ext20_gt_out	rnaprot_gt_out/pos_neg_fasta_out/ZNF800_K562_ENCSR586DGV.varlen_ext20.positives.bed	rnaprot_gt_out/pos_neg_fasta_out/ZNF800_K562_ENCSR586DGV.varlen_ext20.negatives.bed	--max-len 300 --mode 2 --seq-ext 20 --seed 1	2037	61	319	109.72312223858616	104	2037	61	319	109.67746686303387	103
ZRANB2_K562_ENCSR663NRA	rnaprot_gt_out/ZRANB2_K562_ENCSR663NRA_varlen_ext20_gt_out	rnaprot_gt_out/pos_neg_fasta_out/ZRANB2_K562_ENCSR663NRA.varlen_ext20.positives.bed	rnaprot_gt_out/pos_neg_fasta_out/ZRANB2_K562_ENCSR663NRA.varlen_ext20.negatives.bed	--max-len 300 --mode 2 --seq-ext 20 --seed 1	210	61	203	100.50952380952381	94.5	210	61	193	99.5904761904762	94.5
AATF_K562_ENCSR819XBT	rnaprot_gt_out/AATF_K562_ENCSR819XBT_fixlen_101_gt_out	rnaprot_gt_out/pos_neg_fasta_out/AATF_K562_ENCSR819XBT.fixlen_101.positives.bed	rnaprot_gt_out/pos_neg_fasta_out/AATF_K562_ENCSR819XBT.fixlen_101.negatives.bed	--max-len 200 --mode 1 --seq-ext 50 --seed 1	718	101	101	101	101.0	718	101	101	101	101.0
ADAR_K562_ENCSR202LKI	rnaprot_gt_out/ADAR_K562_ENCSR202LKI_fixlen_101_gt_out	rnaprot_gt_out/pos_neg_fasta_out/ADAR_K562_ENCSR202LKI.fixlen_101.positives.bed	rnaprot_gt_out/pos_neg_fasta_out/ADAR_K562_ENCSR202LKI.fixlen_101.negatives.bed	--max-len 200 --mode 1 --seq-ext 50 --seed 1	745	101	101	101	101	745	101	101	101	101
ADAT1_K562_ENCSR750YOM	rnaprot_gt_out/ADAT1_K562_ENCSR750YOM_fixlen_101_gt_out	rnaprot_gt_out/pos_neg_fasta_out/ADAT1_K562_ENCSR750YOM.fixlen_101.positives.bed	rnaprot_gt_out/pos_neg_fasta_out/ADAT1_K562_ENCSR750YOM.fixlen_101.negatives.bed	--max-len 200 --mode 1 --seq-ext 50 --seed 1	693	101	101	101	101	693	101	101	101	101
AGGF1_HepG2_ENCSR543TPH	rnaprot_gt_out/AGGF1_HepG2_ENCSR543TPH_fixlen_101_gt_out	rnaprot_gt_out/pos_neg_fasta_out/AGGF1_HepG2_ENCSR543TPH.fixlen_101.positives.bed	rnaprot_gt_out/pos_neg_fasta_out/AGGF1_HepG2_ENCSR543TPH.fixlen_101.negatives.bed	--max-len 200 --mode 1 --seq-ext 50 --seed 1	1889	101	101	101	101	1889	101	101	101	101
AGGF1_K562_ENCSR725ARB	rnaprot_gt_out/AGGF1_K562_ENCSR725ARB_fixlen_101_gt_out	rnaprot_gt_out/pos_neg_fasta_out/AGGF1_K562_ENCSR725ARB.fixlen_101.positives.bed	rnaprot_gt_out/pos_neg_fasta_out/AGGF1_K562_ENCSR725ARB.fixlen_101.negatives.bed	--max-len 200 --mode 1 --seq-ext 50 --seed 1	3623	101	101	101	101	3623	101	101	101	101
AGO2_K562_ENCSR048YXG	rnaprot_gt_out/AGO2_K562_ENCSR048YXG_fixlen_101_gt_out	rnaprot_gt_out/pos_neg_fasta_out/AGO2_K562_ENCSR048YXG.fixlen_101.positives.bed	rnaprot_gt_out/pos_neg_fasta_out/AGO2_K562_ENCSR048YXG.fixlen_101.negatives.bed	--max-len 200 --mode 1 --seq-ext 50 --seed 1	8223	101	101	101	101	8223	101	101	101	101
AKAP1_HepG2_ENCSR356ZMO	rnaprot_gt_out/AKAP1_HepG2_ENCSR356ZMO_fixlen_101_gt_out	rnaprot_gt_out/pos_neg_fasta_out/AKAP1_HepG2_ENCSR356ZMO.fixlen_101.positives.bed	rnaprot_gt_out/pos_neg_fasta_out/AKAP1_HepG2_ENCSR356ZMO.fixlen_101.negatives.bed	--max-len 200 --mode 1 --seq-ext 50 --seed 1	3687	101	101	101	101	3687	101	101	101	101
AKAP1_K562_ENCSR177QQY	rnaprot_gt_out/AKAP1_K562_ENCSR177QQY_fixlen_101_gt_out	rnaprot_gt_out/pos_neg_fasta_out/AKAP1_K562_ENCSR177QQY.fixlen_101.positives.bed	rnaprot_gt_out/pos_neg_fasta_out/AKAP1_K562_ENCSR177QQY.fixlen_101.negatives.bed	--max-len 200 --mode 1 --seq-ext 50 --seed 1	1215	101	101	101	101	1215	101	101	101	101
AKAP8L_K562_ENCSR206RXT	rnaprot_gt_out/AKAP8L_K562_ENCSR206RXT_fixlen_101_gt_out	rnaprot_gt_out/pos_neg_fasta_out/AKAP8L_K562_ENCSR206RXT.fixlen_101.positives.bed	rnaprot_gt_out/pos_neg_fasta_out/AKAP8L_K562_ENCSR206RXT.fixlen_101.negatives.bed	--max-len 200 --mode 1 --seq-ext 50 --seed 1	1876	101	101	101	101.0	1876	101	101	101	101.0
APEX1_HepG2_ENCSR554GSW	rnaprot_gt_out/APEX1_HepG2_ENCSR554GSW_fixlen_101_gt_out	rnaprot_gt_out/pos_neg_fasta_out/APEX1_HepG2_ENCSR554GSW.fixlen_101.positives.bed	rnaprot_gt_out/pos_neg_fasta_out/APEX1_HepG2_ENCSR554GSW.fixlen_101.negatives.bed	--max-len 200 --mode 1 --seq-ext 50 --seed 1	353	101	101	101	101	353	101	101	101	101
APEX1_K562_ENCSR256NCI	rnaprot_gt_out/APEX1_K562_ENCSR256NCI_fixlen_101_gt_out	rnaprot_gt_out/pos_neg_fasta_out/APEX1_K562_ENCSR256NCI.fixlen_101.positives.bed	rnaprot_gt_out/pos_neg_fasta_out/APEX1_K562_ENCSR256NCI.fixlen_101.negatives.bed	--max-len 200 --mode 1 --seq-ext 50 --seed 1	104	101	101	101	101.0	104	101	101	101	101.0
APOBEC3C_K562_ENCSR739VVT	rnaprot_gt_out/APOBEC3C_K562_ENCSR739VVT_fixlen_101_gt_out	rnaprot_gt_out/pos_neg_fasta_out/APOBEC3C_K562_ENCSR739VVT.fixlen_101.positives.bed	rnaprot_gt_out/pos_neg_fasta_out/APOBEC3C_K562_ENCSR739VVT.fixlen_101.negatives.bed	--max-len 200 --mode 1 --seq-ext 50 --seed 1	848	101	101	101	101.0	848	101	101	101	101.0
AQR_HepG2_ENCSR018WPY	rnaprot_gt_out/AQR_HepG2_ENCSR018WPY_fixlen_101_gt_out	rnaprot_gt_out/pos_neg_fasta_out/AQR_HepG2_ENCSR018WPY.fixlen_101.positives.bed	rnaprot_gt_out/pos_neg_fasta_out/AQR_HepG2_ENCSR018WPY.fixlen_101.negatives.bed	--max-len 200 --mode 1 --seq-ext 50 --seed 1	8915	101	101	101	101	8915	101	101	101	101
AQR_K562_ENCSR606BPV	rnaprot_gt_out/AQR_K562_ENCSR606BPV_fixlen_101_gt_out	rnaprot_gt_out/pos_neg_fasta_out/AQR_K562_ENCSR606BPV.fixlen_101.positives.bed	rnaprot_gt_out/pos_neg_fasta_out/AQR_K562_ENCSR606BPV.fixlen_101.negatives.bed	--max-len 200 --mode 1 --seq-ext 50 --seed 1	16987	101	101	101	101	16987	101	101	101	101
BCCIP_HepG2_ENCSR485QCG	rnaprot_gt_out/BCCIP_HepG2_ENCSR485QCG_fixlen_101_gt_out	rnaprot_gt_out/pos_neg_fasta_out/BCCIP_HepG2_ENCSR485QCG.fixlen_101.positives.bed	rnaprot_gt_out/pos_neg_fasta_out/BCCIP_HepG2_ENCSR485QCG.fixlen_101.negatives.bed	--max-len 200 --mode 1 --seq-ext 50 --seed 1	429	101	101	101	101	429	101	101	101	101
BCLAF1_HepG2_ENCSR876EYA	rnaprot_gt_out/BCLAF1_HepG2_ENCSR876EYA_fixlen_101_gt_out	rnaprot_gt_out/pos_neg_fasta_out/BCLAF1_HepG2_ENCSR876EYA.fixlen_101.positives.bed	rnaprot_gt_out/pos_neg_fasta_out/BCLAF1_HepG2_ENCSR876EYA.fixlen_101.negatives.bed	--max-len 200 --mode 1 --seq-ext 50 --seed 1	23206	101	101	101	101.0	23206	101	101	101	101.0
BUD13_HepG2_ENCSR830BSQ	rnaprot_gt_out/BUD13_HepG2_ENCSR830BSQ_fixlen_101_gt_out	rnaprot_gt_out/pos_neg_fasta_out/BUD13_HepG2_ENCSR830BSQ.fixlen_101.positives.bed	rnaprot_gt_out/pos_neg_fasta_out/BUD13_HepG2_ENCSR830BSQ.fixlen_101.negatives.bed	--max-len 200 --mode 1 --seq-ext 50 --seed 1	3892	101	101	101	101.0	3892	101	101	101	101.0
BUD13_K562_ENCSR663WES	rnaprot_gt_out/BUD13_K562_ENCSR663WES_fixlen_101_gt_out	rnaprot_gt_out/pos_neg_fasta_out/BUD13_K562_ENCSR663WES.fixlen_101.positives.bed	rnaprot_gt_out/pos_neg_fasta_out/BUD13_K562_ENCSR663WES.fixlen_101.negatives.bed	--max-len 200 --mode 1 --seq-ext 50 --seed 1	8044	101	101	101	101.0	8044	101	101	101	101.0
CACTIN_HepG2_ENCSR150QBS	rnaprot_gt_out/CACTIN_HepG2_ENCSR150QBS_fixlen_101_gt_out	rnaprot_gt_out/pos_neg_fasta_out/CACTIN_HepG2_ENCSR150QBS.fixlen_101.positives.bed	rnaprot_gt_out/pos_neg_fasta_out/CACTIN_HepG2_ENCSR150QBS.fixlen_101.negatives.bed	--max-len 200 --mode 1 --seq-ext 50 --seed 1	295	101	101	101	101	295	101	101	101	101
CACTIN_K562_ENCSR145KZO	rnaprot_gt_out/CACTIN_K562_ENCSR145KZO_fixlen_101_gt_out	rnaprot_gt_out/pos_neg_fasta_out/CACTIN_K562_ENCSR145KZO.fixlen_101.positives.bed	rnaprot_gt_out/pos_neg_fasta_out/CACTIN_K562_ENCSR145KZO.fixlen_101.negatives.bed	--max-len 200 --mode 1 --seq-ext 50 --seed 1	277	101	101	101	101	277	101	101	101	101
CDC40_HepG2_ENCSR815VVI	rnaprot_gt_out/CDC40_HepG2_ENCSR815VVI_fixlen_101_gt_out	rnaprot_gt_out/pos_neg_fasta_out/CDC40_HepG2_ENCSR815VVI.fixlen_101.positives.bed	rnaprot_gt_out/pos_neg_fasta_out/CDC40_HepG2_ENCSR815VVI.fixlen_101.negatives.bed	--max-len 200 --mode 1 --seq-ext 50 --seed 1	959	101	101	101	101	959	101	101	101	101
CPEB4_K562_ENCSR046JHH	rnaprot_gt_out/CPEB4_K562_ENCSR046JHH_fixlen_101_gt_out	rnaprot_gt_out/pos_neg_fasta_out/CPEB4_K562_ENCSR046JHH.fixlen_101.positives.bed	rnaprot_gt_out/pos_neg_fasta_out/CPEB4_K562_ENCSR046JHH.fixlen_101.negatives.bed	--max-len 200 --mode 1 --seq-ext 50 --seed 1	145	101	101	101	101	145	101	101	101	101
CPSF6_K562_ENCSR532VUB	rnaprot_gt_out/CPSF6_K562_ENCSR532VUB_fixlen_101_gt_out	rnaprot_gt_out/pos_neg_fasta_out/CPSF6_K562_ENCSR532VUB.fixlen_101.positives.bed	rnaprot_gt_out/pos_neg_fasta_out/CPSF6_K562_ENCSR532VUB.fixlen_101.negatives.bed	--max-len 200 --mode 1 --seq-ext 50 --seed 1	637	101	101	101	101	637	101	101	101	101
CSTF2T_HepG2_ENCSR919HSE	rnaprot_gt_out/CSTF2T_HepG2_ENCSR919HSE_fixlen_101_gt_out	rnaprot_gt_out/pos_neg_fasta_out/CSTF2T_HepG2_ENCSR919HSE.fixlen_101.positives.bed	rnaprot_gt_out/pos_neg_fasta_out/CSTF2T_HepG2_ENCSR919HSE.fixlen_101.negatives.bed	--max-len 200 --mode 1 --seq-ext 50 --seed 1	15216	101	101	101	101.0	15216	101	101	101	101.0
CSTF2T_K562_ENCSR840DRD	rnaprot_gt_out/CSTF2T_K562_ENCSR840DRD_fixlen_101_gt_out	rnaprot_gt_out/pos_neg_fasta_out/CSTF2T_K562_ENCSR840DRD.fixlen_101.positives.bed	rnaprot_gt_out/pos_neg_fasta_out/CSTF2T_K562_ENCSR840DRD.fixlen_101.negatives.bed	--max-len 200 --mode 1 --seq-ext 50 --seed 1	8969	101	101	101	101	8969	101	101	101	101
CSTF2_HepG2_ENCSR384MWO	rnaprot_gt_out/CSTF2_HepG2_ENCSR384MWO_fixlen_101_gt_out	rnaprot_gt_out/pos_neg_fasta_out/CSTF2_HepG2_ENCSR384MWO.fixlen_101.positives.bed	rnaprot_gt_out/pos_neg_fasta_out/CSTF2_HepG2_ENCSR384MWO.fixlen_101.negatives.bed	--max-len 200 --mode 1 --seq-ext 50 --seed 1	2433	101	101	101	101	2433	101	101	101	101
DDX1_K562_ENCSR293FWY	rnaprot_gt_out/DDX1_K562_ENCSR293FWY_fixlen_101_gt_out	rnaprot_gt_out/pos_neg_fasta_out/DDX1_K562_ENCSR293FWY.fixlen_101.positives.bed	rnaprot_gt_out/pos_neg_fasta_out/DDX1_K562_ENCSR293FWY.fixlen_101.negatives.bed	--max-len 200 --mode 1 --seq-ext 50 --seed 1	3164	101	101	101	101.0	3164	101	101	101	101.0
DDX24_K562_ENCSR999WKT	rnaprot_gt_out/DDX24_K562_ENCSR999WKT_fixlen_101_gt_out	rnaprot_gt_out/pos_neg_fasta_out/DDX24_K562_ENCSR999WKT.fixlen_101.positives.bed	rnaprot_gt_out/pos_neg_fasta_out/DDX24_K562_ENCSR999WKT.fixlen_101.negatives.bed	--max-len 200 --mode 1 --seq-ext 50 --seed 1	8040	101	101	101	101.0	8040	101	101	101	101.0
DDX3X_HepG2_ENCSR648LAH	rnaprot_gt_out/DDX3X_HepG2_ENCSR648LAH_fixlen_101_gt_out	rnaprot_gt_out/pos_neg_fasta_out/DDX3X_HepG2_ENCSR648LAH.fixlen_101.positives.bed	rnaprot_gt_out/pos_neg_fasta_out/DDX3X_HepG2_ENCSR648LAH.fixlen_101.negatives.bed	--max-len 200 --mode 1 --seq-ext 50 --seed 1	5181	101	101	101	101	5181	101	101	101	101
DDX3X_K562_ENCSR930BZL	rnaprot_gt_out/DDX3X_K562_ENCSR930BZL_fixlen_101_gt_out	rnaprot_gt_out/pos_neg_fasta_out/DDX3X_K562_ENCSR930BZL.fixlen_101.positives.bed	rnaprot_gt_out/pos_neg_fasta_out/DDX3X_K562_ENCSR930BZL.fixlen_101.negatives.bed	--max-len 200 --mode 1 --seq-ext 50 --seed 1	4727	101	101	101	101	4727	101	101	101	101
DDX42_K562_ENCSR576SHT	rnaprot_gt_out/DDX42_K562_ENCSR576SHT_fixlen_101_gt_out	rnaprot_gt_out/pos_neg_fasta_out/DDX42_K562_ENCSR576SHT.fixlen_101.positives.bed	rnaprot_gt_out/pos_neg_fasta_out/DDX42_K562_ENCSR576SHT.fixlen_101.negatives.bed	--max-len 200 --mode 1 --seq-ext 50 --seed 1	100	101	101	101	101.0	100	101	101	101	101.0
DDX43_K562_ENCSR008MQM	rnaprot_gt_out/DDX43_K562_ENCSR008MQM_fixlen_101_gt_out	rnaprot_gt_out/pos_neg_fasta_out/DDX43_K562_ENCSR008MQM.fixlen_101.positives.bed	rnaprot_gt_out/pos_neg_fasta_out/DDX43_K562_ENCSR008MQM.fixlen_101.negatives.bed	--max-len 200 --mode 1 --seq-ext 50 --seed 1	7655	101	101	101	101	7655	101	101	101	101
DDX47_K562_ENCSR631HUN	rnaprot_gt_out/DDX47_K562_ENCSR631HUN_fixlen_101_gt_out	rnaprot_gt_out/pos_neg_fasta_out/DDX47_K562_ENCSR631HUN.fixlen_101.positives.bed	rnaprot_gt_out/pos_neg_fasta_out/DDX47_K562_ENCSR631HUN.fixlen_101.negatives.bed	--max-len 200 --mode 1 --seq-ext 50 --seed 1	203	101	101	101	101	203	101	101	101	101
DDX51_K562_ENCSR145NLR	rnaprot_gt_out/DDX51_K562_ENCSR145NLR_fixlen_101_gt_out	rnaprot_gt_out/pos_neg_fasta_out/DDX51_K562_ENCSR145NLR.fixlen_101.positives.bed	rnaprot_gt_out/pos_neg_fasta_out/DDX51_K562_ENCSR145NLR.fixlen_101.negatives.bed	--max-len 200 --mode 1 --seq-ext 50 --seed 1	353	101	101	101	101	353	101	101	101	101
DDX52_HepG2_ENCSR970FEW	rnaprot_gt_out/DDX52_HepG2_ENCSR970FEW_fixlen_101_gt_out	rnaprot_gt_out/pos_neg_fasta_out/DDX52_HepG2_ENCSR970FEW.fixlen_101.positives.bed	rnaprot_gt_out/pos_neg_fasta_out/DDX52_HepG2_ENCSR970FEW.fixlen_101.negatives.bed	--max-len 200 --mode 1 --seq-ext 50 --seed 1	124	101	101	101	101.0	124	101	101	101	101.0
DDX52_K562_ENCSR154CSN	rnaprot_gt_out/DDX52_K562_ENCSR154CSN_fixlen_101_gt_out	rnaprot_gt_out/pos_neg_fasta_out/DDX52_K562_ENCSR154CSN.fixlen_101.positives.bed	rnaprot_gt_out/pos_neg_fasta_out/DDX52_K562_ENCSR154CSN.fixlen_101.negatives.bed	--max-len 200 --mode 1 --seq-ext 50 --seed 1	1107	101	101	101	101	1107	101	101	101	101
DDX55_HepG2_ENCSR845VGB	rnaprot_gt_out/DDX55_HepG2_ENCSR845VGB_fixlen_101_gt_out	rnaprot_gt_out/pos_neg_fasta_out/DDX55_HepG2_ENCSR845VGB.fixlen_101.positives.bed	rnaprot_gt_out/pos_neg_fasta_out/DDX55_HepG2_ENCSR845VGB.fixlen_101.negatives.bed	--max-len 200 --mode 1 --seq-ext 50 --seed 1	1269	101	101	101	101	1269	101	101	101	101
DDX55_K562_ENCSR923NKN	rnaprot_gt_out/DDX55_K562_ENCSR923NKN_fixlen_101_gt_out	rnaprot_gt_out/pos_neg_fasta_out/DDX55_K562_ENCSR923NKN.fixlen_101.positives.bed	rnaprot_gt_out/pos_neg_fasta_out/DDX55_K562_ENCSR923NKN.fixlen_101.negatives.bed	--max-len 200 --mode 1 --seq-ext 50 --seed 1	895	101	101	101	101	895	101	101	101	101
DDX59_HepG2_ENCSR214BZA	rnaprot_gt_out/DDX59_HepG2_ENCSR214BZA_fixlen_101_gt_out	rnaprot_gt_out/pos_neg_fasta_out/DDX59_HepG2_ENCSR214BZA.fixlen_101.positives.bed	rnaprot_gt_out/pos_neg_fasta_out/DDX59_HepG2_ENCSR214BZA.fixlen_101.negatives.bed	--max-len 200 --mode 1 --seq-ext 50 --seed 1	2372	101	101	101	101.0	2372	101	101	101	101.0
DDX6_HepG2_ENCSR141OIM	rnaprot_gt_out/DDX6_HepG2_ENCSR141OIM_fixlen_101_gt_out	rnaprot_gt_out/pos_neg_fasta_out/DDX6_HepG2_ENCSR141OIM.fixlen_101.positives.bed	rnaprot_gt_out/pos_neg_fasta_out/DDX6_HepG2_ENCSR141OIM.fixlen_101.negatives.bed	--max-len 200 --mode 1 --seq-ext 50 --seed 1	352	101	101	101	101.0	352	101	101	101	101.0
DDX6_K562_ENCSR893EFU	rnaprot_gt_out/DDX6_K562_ENCSR893EFU_fixlen_101_gt_out	rnaprot_gt_out/pos_neg_fasta_out/DDX6_K562_ENCSR893EFU.fixlen_101.positives.bed	rnaprot_gt_out/pos_neg_fasta_out/DDX6_K562_ENCSR893EFU.fixlen_101.negatives.bed	--max-len 200 --mode 1 --seq-ext 50 --seed 1	1612	101	101	101	101.0	1612	101	101	101	101.0
DEK_HepG2_ENCSR332LFL	rnaprot_gt_out/DEK_HepG2_ENCSR332LFL_fixlen_101_gt_out	rnaprot_gt_out/pos_neg_fasta_out/DEK_HepG2_ENCSR332LFL.fixlen_101.positives.bed	rnaprot_gt_out/pos_neg_fasta_out/DEK_HepG2_ENCSR332LFL.fixlen_101.negatives.bed	--max-len 200 --mode 1 --seq-ext 50 --seed 1	235	101	101	101	101	235	101	101	101	101
DEK_K562_ENCSR691HQP	rnaprot_gt_out/DEK_K562_ENCSR691HQP_fixlen_101_gt_out	rnaprot_gt_out/pos_neg_fasta_out/DEK_K562_ENCSR691HQP.fixlen_101.positives.bed	rnaprot_gt_out/pos_neg_fasta_out/DEK_K562_ENCSR691HQP.fixlen_101.negatives.bed	--max-len 200 --mode 1 --seq-ext 50 --seed 1	93	101	101	101	101	93	101	101	101	101
DGCR8_HepG2_ENCSR061SZV	rnaprot_gt_out/DGCR8_HepG2_ENCSR061SZV_fixlen_101_gt_out	rnaprot_gt_out/pos_neg_fasta_out/DGCR8_HepG2_ENCSR061SZV.fixlen_101.positives.bed	rnaprot_gt_out/pos_neg_fasta_out/DGCR8_HepG2_ENCSR061SZV.fixlen_101.negatives.bed	--max-len 200 --mode 1 --seq-ext 50 --seed 1	1005	101	101	101	101	1005	101	101	101	101
DGCR8_K562_ENCSR947JVR	rnaprot_gt_out/DGCR8_K562_ENCSR947JVR_fixlen_101_gt_out	rnaprot_gt_out/pos_neg_fasta_out/DGCR8_K562_ENCSR947JVR.fixlen_101.positives.bed	rnaprot_gt_out/pos_neg_fasta_out/DGCR8_K562_ENCSR947JVR.fixlen_101.negatives.bed	--max-len 200 --mode 1 --seq-ext 50 --seed 1	714	101	101	101	101.0	714	101	101	101	101.0
DGCR8_adrenal-gland_ENCSR634MFO	rnaprot_gt_out/DGCR8_adrenal-gland_ENCSR634MFO_fixlen_101_gt_out	rnaprot_gt_out/pos_neg_fasta_out/DGCR8_adrenal-gland_ENCSR634MFO.fixlen_101.positives.bed	rnaprot_gt_out/pos_neg_fasta_out/DGCR8_adrenal-gland_ENCSR634MFO.fixlen_101.negatives.bed	--max-len 200 --mode 1 --seq-ext 50 --seed 1	209	101	101	101	101	209	101	101	101	101
DHX30_HepG2_ENCSR565DGW	rnaprot_gt_out/DHX30_HepG2_ENCSR565DGW_fixlen_101_gt_out	rnaprot_gt_out/pos_neg_fasta_out/DHX30_HepG2_ENCSR565DGW.fixlen_101.positives.bed	rnaprot_gt_out/pos_neg_fasta_out/DHX30_HepG2_ENCSR565DGW.fixlen_101.negatives.bed	--max-len 200 --mode 1 --seq-ext 50 --seed 1	88	101	101	101	101.0	88	101	101	101	101.0
DHX30_K562_ENCSR529GSJ	rnaprot_gt_out/DHX30_K562_ENCSR529GSJ_fixlen_101_gt_out	rnaprot_gt_out/pos_neg_fasta_out/DHX30_K562_ENCSR529GSJ.fixlen_101.positives.bed	rnaprot_gt_out/pos_neg_fasta_out/DHX30_K562_ENCSR529GSJ.fixlen_101.negatives.bed	--max-len 200 --mode 1 --seq-ext 50 --seed 1	732	101	101	101	101.0	732	101	101	101	101.0
DKC1_HepG2_ENCSR301TFY	rnaprot_gt_out/DKC1_HepG2_ENCSR301TFY_fixlen_101_gt_out	rnaprot_gt_out/pos_neg_fasta_out/DKC1_HepG2_ENCSR301TFY.fixlen_101.positives.bed	rnaprot_gt_out/pos_neg_fasta_out/DKC1_HepG2_ENCSR301TFY.fixlen_101.negatives.bed	--max-len 200 --mode 1 --seq-ext 50 --seed 1	775	101	101	101	101	775	101	101	101	101
DROSHA_HepG2_ENCSR834YLD	rnaprot_gt_out/DROSHA_HepG2_ENCSR834YLD_fixlen_101_gt_out	rnaprot_gt_out/pos_neg_fasta_out/DROSHA_HepG2_ENCSR834YLD.fixlen_101.positives.bed	rnaprot_gt_out/pos_neg_fasta_out/DROSHA_HepG2_ENCSR834YLD.fixlen_101.negatives.bed	--max-len 200 --mode 1 --seq-ext 50 --seed 1	1398	101	101	101	101.0	1398	101	101	101	101.0
DROSHA_K562_ENCSR653HQC	rnaprot_gt_out/DROSHA_K562_ENCSR653HQC_fixlen_101_gt_out	rnaprot_gt_out/pos_neg_fasta_out/DROSHA_K562_ENCSR653HQC.fixlen_101.positives.bed	rnaprot_gt_out/pos_neg_fasta_out/DROSHA_K562_ENCSR653HQC.fixlen_101.negatives.bed	--max-len 200 --mode 1 --seq-ext 50 --seed 1	3240	101	101	101	101.0	3240	101	101	101	101.0
EED_K562_ENCSR171XCR	rnaprot_gt_out/EED_K562_ENCSR171XCR_fixlen_101_gt_out	rnaprot_gt_out/pos_neg_fasta_out/EED_K562_ENCSR171XCR.fixlen_101.positives.bed	rnaprot_gt_out/pos_neg_fasta_out/EED_K562_ENCSR171XCR.fixlen_101.negatives.bed	--max-len 200 --mode 1 --seq-ext 50 --seed 1	13039	101	101	101	101	13039	101	101	101	101
EEF2_K562_ENCSR004VIR	rnaprot_gt_out/EEF2_K562_ENCSR004VIR_fixlen_101_gt_out	rnaprot_gt_out/pos_neg_fasta_out/EEF2_K562_ENCSR004VIR.fixlen_101.positives.bed	rnaprot_gt_out/pos_neg_fasta_out/EEF2_K562_ENCSR004VIR.fixlen_101.negatives.bed	--max-len 200 --mode 1 --seq-ext 50 --seed 1	86	101	101	101	101.0	86	101	101	101	101.0
EFTUD2_HepG2_ENCSR527DXF	rnaprot_gt_out/EFTUD2_HepG2_ENCSR527DXF_fixlen_101_gt_out	rnaprot_gt_out/pos_neg_fasta_out/EFTUD2_HepG2_ENCSR527DXF.fixlen_101.positives.bed	rnaprot_gt_out/pos_neg_fasta_out/EFTUD2_HepG2_ENCSR527DXF.fixlen_101.negatives.bed	--max-len 200 --mode 1 --seq-ext 50 --seed 1	6047	101	101	101	101	6047	101	101	101	101
EFTUD2_K562_ENCSR844RVX	rnaprot_gt_out/EFTUD2_K562_ENCSR844RVX_fixlen_101_gt_out	rnaprot_gt_out/pos_neg_fasta_out/EFTUD2_K562_ENCSR844RVX.fixlen_101.positives.bed	rnaprot_gt_out/pos_neg_fasta_out/EFTUD2_K562_ENCSR844RVX.fixlen_101.negatives.bed	--max-len 200 --mode 1 --seq-ext 50 --seed 1	4816	101	101	101	101.0	4816	101	101	101	101.0
EIF3A_K562_ENCSR311SHM	rnaprot_gt_out/EIF3A_K562_ENCSR311SHM_fixlen_101_gt_out	rnaprot_gt_out/pos_neg_fasta_out/EIF3A_K562_ENCSR311SHM.fixlen_101.positives.bed	rnaprot_gt_out/pos_neg_fasta_out/EIF3A_K562_ENCSR311SHM.fixlen_101.negatives.bed	--max-len 200 --mode 1 --seq-ext 50 --seed 1	8049	101	101	101	101	8049	101	101	101	101
EIF3D_HepG2_ENCSR041NUV	rnaprot_gt_out/EIF3D_HepG2_ENCSR041NUV_fixlen_101_gt_out	rnaprot_gt_out/pos_neg_fasta_out/EIF3D_HepG2_ENCSR041NUV.fixlen_101.positives.bed	rnaprot_gt_out/pos_neg_fasta_out/EIF3D_HepG2_ENCSR041NUV.fixlen_101.negatives.bed	--max-len 200 --mode 1 --seq-ext 50 --seed 1	764	101	101	101	101.0	764	101	101	101	101.0
EIF3G_K562_ENCSR023PKW	rnaprot_gt_out/EIF3G_K562_ENCSR023PKW_fixlen_101_gt_out	rnaprot_gt_out/pos_neg_fasta_out/EIF3G_K562_ENCSR023PKW.fixlen_101.positives.bed	rnaprot_gt_out/pos_neg_fasta_out/EIF3G_K562_ENCSR023PKW.fixlen_101.negatives.bed	--max-len 200 --mode 1 --seq-ext 50 --seed 1	242	101	101	101	101.0	242	101	101	101	101.0
EIF3H_HepG2_ENCSR916XIV	rnaprot_gt_out/EIF3H_HepG2_ENCSR916XIV_fixlen_101_gt_out	rnaprot_gt_out/pos_neg_fasta_out/EIF3H_HepG2_ENCSR916XIV.fixlen_101.positives.bed	rnaprot_gt_out/pos_neg_fasta_out/EIF3H_HepG2_ENCSR916XIV.fixlen_101.negatives.bed	--max-len 200 --mode 1 --seq-ext 50 --seed 1	2340	101	101	101	101.0	2340	101	101	101	101.0
EIF4E_HepG2_ENCSR383BCQ	rnaprot_gt_out/EIF4E_HepG2_ENCSR383BCQ_fixlen_101_gt_out	rnaprot_gt_out/pos_neg_fasta_out/EIF4E_HepG2_ENCSR383BCQ.fixlen_101.positives.bed	rnaprot_gt_out/pos_neg_fasta_out/EIF4E_HepG2_ENCSR383BCQ.fixlen_101.negatives.bed	--max-len 200 --mode 1 --seq-ext 50 --seed 1	2841	101	101	101	101	2841	101	101	101	101
EIF4E_K562_ENCSR391BBA	rnaprot_gt_out/EIF4E_K562_ENCSR391BBA_fixlen_101_gt_out	rnaprot_gt_out/pos_neg_fasta_out/EIF4E_K562_ENCSR391BBA.fixlen_101.positives.bed	rnaprot_gt_out/pos_neg_fasta_out/EIF4E_K562_ENCSR391BBA.fixlen_101.negatives.bed	--max-len 200 --mode 1 --seq-ext 50 --seed 1	1884	101	101	101	101.0	1884	101	101	101	101.0
EIF4G2_K562_ENCSR307YIW	rnaprot_gt_out/EIF4G2_K562_ENCSR307YIW_fixlen_101_gt_out	rnaprot_gt_out/pos_neg_fasta_out/EIF4G2_K562_ENCSR307YIW.fixlen_101.positives.bed	rnaprot_gt_out/pos_neg_fasta_out/EIF4G2_K562_ENCSR307YIW.fixlen_101.negatives.bed	--max-len 200 --mode 1 --seq-ext 50 --seed 1	3535	101	101	101	101	3535	101	101	101	101
ELAC2_K562_ENCSR440MSY	rnaprot_gt_out/ELAC2_K562_ENCSR440MSY_fixlen_101_gt_out	rnaprot_gt_out/pos_neg_fasta_out/ELAC2_K562_ENCSR440MSY.fixlen_101.positives.bed	rnaprot_gt_out/pos_neg_fasta_out/ELAC2_K562_ENCSR440MSY.fixlen_101.negatives.bed	--max-len 200 --mode 1 --seq-ext 50 --seed 1	7927	101	101	101	101	7927	101	101	101	101
ELAVL1_HepG2_ENCSR296TSJ	rnaprot_gt_out/ELAVL1_HepG2_ENCSR296TSJ_fixlen_101_gt_out	rnaprot_gt_out/pos_neg_fasta_out/ELAVL1_HepG2_ENCSR296TSJ.fixlen_101.positives.bed	rnaprot_gt_out/pos_neg_fasta_out/ELAVL1_HepG2_ENCSR296TSJ.fixlen_101.negatives.bed	--max-len 200 --mode 1 --seq-ext 50 --seed 1	3665	101	101	101	101	3665	101	101	101	101
ELAVL1_K562_ENCSR090LNQ	rnaprot_gt_out/ELAVL1_K562_ENCSR090LNQ_fixlen_101_gt_out	rnaprot_gt_out/pos_neg_fasta_out/ELAVL1_K562_ENCSR090LNQ.fixlen_101.positives.bed	rnaprot_gt_out/pos_neg_fasta_out/ELAVL1_K562_ENCSR090LNQ.fixlen_101.negatives.bed	--max-len 200 --mode 1 --seq-ext 50 --seed 1	6637	101	101	101	101	6637	101	101	101	101
EWSR1_K562_ENCSR887LPK	rnaprot_gt_out/EWSR1_K562_ENCSR887LPK_fixlen_101_gt_out	rnaprot_gt_out/pos_neg_fasta_out/EWSR1_K562_ENCSR887LPK.fixlen_101.positives.bed	rnaprot_gt_out/pos_neg_fasta_out/EWSR1_K562_ENCSR887LPK.fixlen_101.negatives.bed	--max-len 200 --mode 1 --seq-ext 50 --seed 1	7644	101	101	101	101.0	7644	101	101	101	101.0
EXOSC10_K562_ENCSR521GON	rnaprot_gt_out/EXOSC10_K562_ENCSR521GON_fixlen_101_gt_out	rnaprot_gt_out/pos_neg_fasta_out/EXOSC10_K562_ENCSR521GON.fixlen_101.positives.bed	rnaprot_gt_out/pos_neg_fasta_out/EXOSC10_K562_ENCSR521GON.fixlen_101.negatives.bed	--max-len 200 --mode 1 --seq-ext 50 --seed 1	970	101	101	101	101.0	970	101	101	101	101.0
EXOSC5_HepG2_ENCSR693JWP	rnaprot_gt_out/EXOSC5_HepG2_ENCSR693JWP_fixlen_101_gt_out	rnaprot_gt_out/pos_neg_fasta_out/EXOSC5_HepG2_ENCSR693JWP.fixlen_101.positives.bed	rnaprot_gt_out/pos_neg_fasta_out/EXOSC5_HepG2_ENCSR693JWP.fixlen_101.negatives.bed	--max-len 200 --mode 1 --seq-ext 50 --seed 1	643	101	101	101	101	643	101	101	101	101
EXOSC5_K562_ENCSR013CTQ	rnaprot_gt_out/EXOSC5_K562_ENCSR013CTQ_fixlen_101_gt_out	rnaprot_gt_out/pos_neg_fasta_out/EXOSC5_K562_ENCSR013CTQ.fixlen_101.positives.bed	rnaprot_gt_out/pos_neg_fasta_out/EXOSC5_K562_ENCSR013CTQ.fixlen_101.negatives.bed	--max-len 200 --mode 1 --seq-ext 50 --seed 1	9194	101	101	101	101.0	9194	101	101	101	101.0
FAM120A_HepG2_ENCSR987NYS	rnaprot_gt_out/FAM120A_HepG2_ENCSR987NYS_fixlen_101_gt_out	rnaprot_gt_out/pos_neg_fasta_out/FAM120A_HepG2_ENCSR987NYS.fixlen_101.positives.bed	rnaprot_gt_out/pos_neg_fasta_out/FAM120A_HepG2_ENCSR987NYS.fixlen_101.negatives.bed	--max-len 200 --mode 1 --seq-ext 50 --seed 1	6555	101	101	101	101	6555	101	101	101	101
FAM120A_K562_ENCSR006OEQ	rnaprot_gt_out/FAM120A_K562_ENCSR006OEQ_fixlen_101_gt_out	rnaprot_gt_out/pos_neg_fasta_out/FAM120A_K562_ENCSR006OEQ.fixlen_101.positives.bed	rnaprot_gt_out/pos_neg_fasta_out/FAM120A_K562_ENCSR006OEQ.fixlen_101.negatives.bed	--max-len 200 --mode 1 --seq-ext 50 --seed 1	4465	101	101	101	101	4465	101	101	101	101
FASTKD2_HepG2_ENCSR023UHL	rnaprot_gt_out/FASTKD2_HepG2_ENCSR023UHL_fixlen_101_gt_out	rnaprot_gt_out/pos_neg_fasta_out/FASTKD2_HepG2_ENCSR023UHL.fixlen_101.positives.bed	rnaprot_gt_out/pos_neg_fasta_out/FASTKD2_HepG2_ENCSR023UHL.fixlen_101.negatives.bed	--max-len 200 --mode 1 --seq-ext 50 --seed 1	782	101	101	101	101.0	782	101	101	101	101.0
FASTKD2_K562_ENCSR887FHF	rnaprot_gt_out/FASTKD2_K562_ENCSR887FHF_fixlen_101_gt_out	rnaprot_gt_out/pos_neg_fasta_out/FASTKD2_K562_ENCSR887FHF.fixlen_101.positives.bed	rnaprot_gt_out/pos_neg_fasta_out/FASTKD2_K562_ENCSR887FHF.fixlen_101.negatives.bed	--max-len 200 --mode 1 --seq-ext 50 --seed 1	475	101	101	101	101	475	101	101	101	101
FKBP4_HepG2_ENCSR018ZUE	rnaprot_gt_out/FKBP4_HepG2_ENCSR018ZUE_fixlen_101_gt_out	rnaprot_gt_out/pos_neg_fasta_out/FKBP4_HepG2_ENCSR018ZUE.fixlen_101.positives.bed	rnaprot_gt_out/pos_neg_fasta_out/FKBP4_HepG2_ENCSR018ZUE.fixlen_101.negatives.bed	--max-len 200 --mode 1 --seq-ext 50 --seed 1	1325	101	101	101	101	1325	101	101	101	101
FMR1_K562_ENCSR331VNX	rnaprot_gt_out/FMR1_K562_ENCSR331VNX_fixlen_101_gt_out	rnaprot_gt_out/pos_neg_fasta_out/FMR1_K562_ENCSR331VNX.fixlen_101.positives.bed	rnaprot_gt_out/pos_neg_fasta_out/FMR1_K562_ENCSR331VNX.fixlen_101.negatives.bed	--max-len 200 --mode 1 --seq-ext 50 --seed 1	2348	101	101	101	101.0	2348	101	101	101	101.0
FMR1_K562_ENCSR554UVB	rnaprot_gt_out/FMR1_K562_ENCSR554UVB_fixlen_101_gt_out	rnaprot_gt_out/pos_neg_fasta_out/FMR1_K562_ENCSR554UVB.fixlen_101.positives.bed	rnaprot_gt_out/pos_neg_fasta_out/FMR1_K562_ENCSR554UVB.fixlen_101.negatives.bed	--max-len 200 --mode 1 --seq-ext 50 --seed 1	3209	101	101	101	101	3209	101	101	101	101
FTO_HepG2_ENCSR903PRV	rnaprot_gt_out/FTO_HepG2_ENCSR903PRV_fixlen_101_gt_out	rnaprot_gt_out/pos_neg_fasta_out/FTO_HepG2_ENCSR903PRV.fixlen_101.positives.bed	rnaprot_gt_out/pos_neg_fasta_out/FTO_HepG2_ENCSR903PRV.fixlen_101.negatives.bed	--max-len 200 --mode 1 --seq-ext 50 --seed 1	413	101	101	101	101	413	101	101	101	101
FTO_K562_ENCSR989SMC	rnaprot_gt_out/FTO_K562_ENCSR989SMC_fixlen_101_gt_out	rnaprot_gt_out/pos_neg_fasta_out/FTO_K562_ENCSR989SMC.fixlen_101.positives.bed	rnaprot_gt_out/pos_neg_fasta_out/FTO_K562_ENCSR989SMC.fixlen_101.negatives.bed	--max-len 200 --mode 1 --seq-ext 50 --seed 1	756	101	101	101	101.0	756	101	101	101	101.0
FUBP3_HepG2_ENCSR486YGP	rnaprot_gt_out/FUBP3_HepG2_ENCSR486YGP_fixlen_101_gt_out	rnaprot_gt_out/pos_neg_fasta_out/FUBP3_HepG2_ENCSR486YGP.fixlen_101.positives.bed	rnaprot_gt_out/pos_neg_fasta_out/FUBP3_HepG2_ENCSR486YGP.fixlen_101.negatives.bed	--max-len 200 --mode 1 --seq-ext 50 --seed 1	2101	101	101	101	101	2101	101	101	101	101
FUS_HepG2_ENCSR464OSH	rnaprot_gt_out/FUS_HepG2_ENCSR464OSH_fixlen_101_gt_out	rnaprot_gt_out/pos_neg_fasta_out/FUS_HepG2_ENCSR464OSH.fixlen_101.positives.bed	rnaprot_gt_out/pos_neg_fasta_out/FUS_HepG2_ENCSR464OSH.fixlen_101.negatives.bed	--max-len 200 --mode 1 --seq-ext 50 --seed 1	817	101	101	101	101	817	101	101	101	101
FUS_K562_ENCSR069EVH	rnaprot_gt_out/FUS_K562_ENCSR069EVH_fixlen_101_gt_out	rnaprot_gt_out/pos_neg_fasta_out/FUS_K562_ENCSR069EVH.fixlen_101.positives.bed	rnaprot_gt_out/pos_neg_fasta_out/FUS_K562_ENCSR069EVH.fixlen_101.negatives.bed	--max-len 200 --mode 1 --seq-ext 50 --seed 1	3759	101	101	101	101	3759	101	101	101	101
FXR1_K562_ENCSR248TXP	rnaprot_gt_out/FXR1_K562_ENCSR248TXP_fixlen_101_gt_out	rnaprot_gt_out/pos_neg_fasta_out/FXR1_K562_ENCSR248TXP.fixlen_101.positives.bed	rnaprot_gt_out/pos_neg_fasta_out/FXR1_K562_ENCSR248TXP.fixlen_101.negatives.bed	--max-len 200 --mode 1 --seq-ext 50 --seed 1	2493	101	101	101	101	2493	101	101	101	101
FXR1_K562_ENCSR774RFN	rnaprot_gt_out/FXR1_K562_ENCSR774RFN_fixlen_101_gt_out	rnaprot_gt_out/pos_neg_fasta_out/FXR1_K562_ENCSR774RFN.fixlen_101.positives.bed	rnaprot_gt_out/pos_neg_fasta_out/FXR1_K562_ENCSR774RFN.fixlen_101.negatives.bed	--max-len 200 --mode 1 --seq-ext 50 --seed 1	1031	101	101	101	101	1031	101	101	101	101
FXR2_HepG2_ENCSR270FOD	rnaprot_gt_out/FXR2_HepG2_ENCSR270FOD_fixlen_101_gt_out	rnaprot_gt_out/pos_neg_fasta_out/FXR2_HepG2_ENCSR270FOD.fixlen_101.positives.bed	rnaprot_gt_out/pos_neg_fasta_out/FXR2_HepG2_ENCSR270FOD.fixlen_101.negatives.bed	--max-len 200 --mode 1 --seq-ext 50 --seed 1	2038	101	101	101	101.0	2038	101	101	101	101.0
FXR2_HepG2_ENCSR973HOJ	rnaprot_gt_out/FXR2_HepG2_ENCSR973HOJ_fixlen_101_gt_out	rnaprot_gt_out/pos_neg_fasta_out/FXR2_HepG2_ENCSR973HOJ.fixlen_101.positives.bed	rnaprot_gt_out/pos_neg_fasta_out/FXR2_HepG2_ENCSR973HOJ.fixlen_101.negatives.bed	--max-len 200 --mode 1 --seq-ext 50 --seed 1	3056	101	101	101	101.0	3056	101	101	101	101.0
FXR2_K562_ENCSR224QWC	rnaprot_gt_out/FXR2_K562_ENCSR224QWC_fixlen_101_gt_out	rnaprot_gt_out/pos_neg_fasta_out/FXR2_K562_ENCSR224QWC.fixlen_101.positives.bed	rnaprot_gt_out/pos_neg_fasta_out/FXR2_K562_ENCSR224QWC.fixlen_101.negatives.bed	--max-len 200 --mode 1 --seq-ext 50 --seed 1	2926	101	101	101	101.0	2926	101	101	101	101.0
FXR2_K562_ENCSR767OEY	rnaprot_gt_out/FXR2_K562_ENCSR767OEY_fixlen_101_gt_out	rnaprot_gt_out/pos_neg_fasta_out/FXR2_K562_ENCSR767OEY.fixlen_101.positives.bed	rnaprot_gt_out/pos_neg_fasta_out/FXR2_K562_ENCSR767OEY.fixlen_101.negatives.bed	--max-len 200 --mode 1 --seq-ext 50 --seed 1	3473	101	101	101	101	3473	101	101	101	101
G3BP1_HepG2_ENCSR721HPX	rnaprot_gt_out/G3BP1_HepG2_ENCSR721HPX_fixlen_101_gt_out	rnaprot_gt_out/pos_neg_fasta_out/G3BP1_HepG2_ENCSR721HPX.fixlen_101.positives.bed	rnaprot_gt_out/pos_neg_fasta_out/G3BP1_HepG2_ENCSR721HPX.fixlen_101.negatives.bed	--max-len 200 --mode 1 --seq-ext 50 --seed 1	5034	101	101	101	101.0	5034	101	101	101	101.0
GARS_HepG2_ENCSR181SOG	rnaprot_gt_out/GARS_HepG2_ENCSR181SOG_fixlen_101_gt_out	rnaprot_gt_out/pos_neg_fasta_out/GARS_HepG2_ENCSR181SOG.fixlen_101.positives.bed	rnaprot_gt_out/pos_neg_fasta_out/GARS_HepG2_ENCSR181SOG.fixlen_101.negatives.bed	--max-len 200 --mode 1 --seq-ext 50 --seed 1	1128	101	101	101	101.0	1128	101	101	101	101.0
GARS_K562_ENCSR448GXJ	rnaprot_gt_out/GARS_K562_ENCSR448GXJ_fixlen_101_gt_out	rnaprot_gt_out/pos_neg_fasta_out/GARS_K562_ENCSR448GXJ.fixlen_101.positives.bed	rnaprot_gt_out/pos_neg_fasta_out/GARS_K562_ENCSR448GXJ.fixlen_101.negatives.bed	--max-len 200 --mode 1 --seq-ext 50 --seed 1	314	101	101	101	101.0	314	101	101	101	101.0
GEMIN5_K562_ENCSR238CLX	rnaprot_gt_out/GEMIN5_K562_ENCSR238CLX_fixlen_101_gt_out	rnaprot_gt_out/pos_neg_fasta_out/GEMIN5_K562_ENCSR238CLX.fixlen_101.positives.bed	rnaprot_gt_out/pos_neg_fasta_out/GEMIN5_K562_ENCSR238CLX.fixlen_101.negatives.bed	--max-len 200 --mode 1 --seq-ext 50 --seed 1	2256	101	101	101	101.0	2256	101	101	101	101.0
GPKOW_K562_ENCSR647CLF	rnaprot_gt_out/GPKOW_K562_ENCSR647CLF_fixlen_101_gt_out	rnaprot_gt_out/pos_neg_fasta_out/GPKOW_K562_ENCSR647CLF.fixlen_101.positives.bed	rnaprot_gt_out/pos_neg_fasta_out/GPKOW_K562_ENCSR647CLF.fixlen_101.negatives.bed	--max-len 200 --mode 1 --seq-ext 50 --seed 1	1013	101	101	101	101	1013	101	101	101	101
GRSF1_HepG2_ENCSR668MJX	rnaprot_gt_out/GRSF1_HepG2_ENCSR668MJX_fixlen_101_gt_out	rnaprot_gt_out/pos_neg_fasta_out/GRSF1_HepG2_ENCSR668MJX.fixlen_101.positives.bed	rnaprot_gt_out/pos_neg_fasta_out/GRSF1_HepG2_ENCSR668MJX.fixlen_101.negatives.bed	--max-len 200 --mode 1 --seq-ext 50 --seed 1	767	101	101	101	101	767	101	101	101	101
GRWD1_HepG2_ENCSR893NWB	rnaprot_gt_out/GRWD1_HepG2_ENCSR893NWB_fixlen_101_gt_out	rnaprot_gt_out/pos_neg_fasta_out/GRWD1_HepG2_ENCSR893NWB.fixlen_101.positives.bed	rnaprot_gt_out/pos_neg_fasta_out/GRWD1_HepG2_ENCSR893NWB.fixlen_101.negatives.bed	--max-len 200 --mode 1 --seq-ext 50 --seed 1	16771	101	101	101	101	16771	101	101	101	101
GRWD1_K562_ENCSR999YGP	rnaprot_gt_out/GRWD1_K562_ENCSR999YGP_fixlen_101_gt_out	rnaprot_gt_out/pos_neg_fasta_out/GRWD1_K562_ENCSR999YGP.fixlen_101.positives.bed	rnaprot_gt_out/pos_neg_fasta_out/GRWD1_K562_ENCSR999YGP.fixlen_101.negatives.bed	--max-len 200 --mode 1 --seq-ext 50 --seed 1	3645	101	101	101	101	3645	101	101	101	101
GTF2F1_HepG2_ENCSR265ZIS	rnaprot_gt_out/GTF2F1_HepG2_ENCSR265ZIS_fixlen_101_gt_out	rnaprot_gt_out/pos_neg_fasta_out/GTF2F1_HepG2_ENCSR265ZIS.fixlen_101.positives.bed	rnaprot_gt_out/pos_neg_fasta_out/GTF2F1_HepG2_ENCSR265ZIS.fixlen_101.negatives.bed	--max-len 200 --mode 1 --seq-ext 50 --seed 1	3765	101	101	101	101	3765	101	101	101	101
GTF2F1_K562_ENCSR736AAG	rnaprot_gt_out/GTF2F1_K562_ENCSR736AAG_fixlen_101_gt_out	rnaprot_gt_out/pos_neg_fasta_out/GTF2F1_K562_ENCSR736AAG.fixlen_101.positives.bed	rnaprot_gt_out/pos_neg_fasta_out/GTF2F1_K562_ENCSR736AAG.fixlen_101.negatives.bed	--max-len 200 --mode 1 --seq-ext 50 --seed 1	4291	101	101	101	101	4291	101	101	101	101
HLTF_HepG2_ENCSR647HOX	rnaprot_gt_out/HLTF_HepG2_ENCSR647HOX_fixlen_101_gt_out	rnaprot_gt_out/pos_neg_fasta_out/HLTF_HepG2_ENCSR647HOX.fixlen_101.positives.bed	rnaprot_gt_out/pos_neg_fasta_out/HLTF_HepG2_ENCSR647HOX.fixlen_101.negatives.bed	--max-len 200 --mode 1 --seq-ext 50 --seed 1	3270	101	101	101	101.0	3270	101	101	101	101.0
HLTF_K562_ENCSR589YHM	rnaprot_gt_out/HLTF_K562_ENCSR589YHM_fixlen_101_gt_out	rnaprot_gt_out/pos_neg_fasta_out/HLTF_K562_ENCSR589YHM.fixlen_101.positives.bed	rnaprot_gt_out/pos_neg_fasta_out/HLTF_K562_ENCSR589YHM.fixlen_101.negatives.bed	--max-len 200 --mode 1 --seq-ext 50 --seed 1	218	101	101	101	101.0	218	101	101	101	101.0
HNRNPA1_K562_ENCSR154HRN	rnaprot_gt_out/HNRNPA1_K562_ENCSR154HRN_fixlen_101_gt_out	rnaprot_gt_out/pos_neg_fasta_out/HNRNPA1_K562_ENCSR154HRN.fixlen_101.positives.bed	rnaprot_gt_out/pos_neg_fasta_out/HNRNPA1_K562_ENCSR154HRN.fixlen_101.negatives.bed	--max-len 200 --mode 1 --seq-ext 50 --seed 1	196	101	101	101	101.0	196	101	101	101	101.0
HNRNPC_HepG2_ENCSR550DVK	rnaprot_gt_out/HNRNPC_HepG2_ENCSR550DVK_fixlen_101_gt_out	rnaprot_gt_out/pos_neg_fasta_out/HNRNPC_HepG2_ENCSR550DVK.fixlen_101.positives.bed	rnaprot_gt_out/pos_neg_fasta_out/HNRNPC_HepG2_ENCSR550DVK.fixlen_101.negatives.bed	--max-len 200 --mode 1 --seq-ext 50 --seed 1	2914	101	101	101	101.0	2914	101	101	101	101.0
HNRNPC_K562_ENCSR249ROI	rnaprot_gt_out/HNRNPC_K562_ENCSR249ROI_fixlen_101_gt_out	rnaprot_gt_out/pos_neg_fasta_out/HNRNPC_K562_ENCSR249ROI.fixlen_101.positives.bed	rnaprot_gt_out/pos_neg_fasta_out/HNRNPC_K562_ENCSR249ROI.fixlen_101.negatives.bed	--max-len 200 --mode 1 --seq-ext 50 --seed 1	430	101	101	101	101.0	430	101	101	101	101.0
HNRNPK_HepG2_ENCSR828ZID	rnaprot_gt_out/HNRNPK_HepG2_ENCSR828ZID_fixlen_101_gt_out	rnaprot_gt_out/pos_neg_fasta_out/HNRNPK_HepG2_ENCSR828ZID.fixlen_101.positives.bed	rnaprot_gt_out/pos_neg_fasta_out/HNRNPK_HepG2_ENCSR828ZID.fixlen_101.negatives.bed	--max-len 200 --mode 1 --seq-ext 50 --seed 1	4781	101	101	101	101	4781	101	101	101	101
HNRNPK_K562_ENCSR268ETU	rnaprot_gt_out/HNRNPK_K562_ENCSR268ETU_fixlen_101_gt_out	rnaprot_gt_out/pos_neg_fasta_out/HNRNPK_K562_ENCSR268ETU.fixlen_101.positives.bed	rnaprot_gt_out/pos_neg_fasta_out/HNRNPK_K562_ENCSR268ETU.fixlen_101.negatives.bed	--max-len 200 --mode 1 --seq-ext 50 --seed 1	2514	101	101	101	101.0	2514	101	101	101	101.0
HNRNPK_K562_ENCSR953ZOA	rnaprot_gt_out/HNRNPK_K562_ENCSR953ZOA_fixlen_101_gt_out	rnaprot_gt_out/pos_neg_fasta_out/HNRNPK_K562_ENCSR953ZOA.fixlen_101.positives.bed	rnaprot_gt_out/pos_neg_fasta_out/HNRNPK_K562_ENCSR953ZOA.fixlen_101.negatives.bed	--max-len 200 --mode 1 --seq-ext 50 --seed 1	3633	101	101	101	101	3633	101	101	101	101
HNRNPL_HepG2_ENCSR724RDN	rnaprot_gt_out/HNRNPL_HepG2_ENCSR724RDN_fixlen_101_gt_out	rnaprot_gt_out/pos_neg_fasta_out/HNRNPL_HepG2_ENCSR724RDN.fixlen_101.positives.bed	rnaprot_gt_out/pos_neg_fasta_out/HNRNPL_HepG2_ENCSR724RDN.fixlen_101.negatives.bed	--max-len 200 --mode 1 --seq-ext 50 --seed 1	5724	101	101	101	101.0	5724	101	101	101	101.0
HNRNPL_K562_ENCSR795CAI	rnaprot_gt_out/HNRNPL_K562_ENCSR795CAI_fixlen_101_gt_out	rnaprot_gt_out/pos_neg_fasta_out/HNRNPL_K562_ENCSR795CAI.fixlen_101.positives.bed	rnaprot_gt_out/pos_neg_fasta_out/HNRNPL_K562_ENCSR795CAI.fixlen_101.negatives.bed	--max-len 200 --mode 1 --seq-ext 50 --seed 1	4018	101	101	101	101.0	4018	101	101	101	101.0
HNRNPM_HepG2_ENCSR267UCX	rnaprot_gt_out/HNRNPM_HepG2_ENCSR267UCX_fixlen_101_gt_out	rnaprot_gt_out/pos_neg_fasta_out/HNRNPM_HepG2_ENCSR267UCX.fixlen_101.positives.bed	rnaprot_gt_out/pos_neg_fasta_out/HNRNPM_HepG2_ENCSR267UCX.fixlen_101.negatives.bed	--max-len 200 --mode 1 --seq-ext 50 --seed 1	10587	101	101	101	101	10587	101	101	101	101
HNRNPM_K562_ENCSR412NOW	rnaprot_gt_out/HNRNPM_K562_ENCSR412NOW_fixlen_101_gt_out	rnaprot_gt_out/pos_neg_fasta_out/HNRNPM_K562_ENCSR412NOW.fixlen_101.positives.bed	rnaprot_gt_out/pos_neg_fasta_out/HNRNPM_K562_ENCSR412NOW.fixlen_101.negatives.bed	--max-len 200 --mode 1 --seq-ext 50 --seed 1	4742	101	101	101	101.0	4742	101	101	101	101.0
HNRNPUL1_HepG2_ENCSR755TJC	rnaprot_gt_out/HNRNPUL1_HepG2_ENCSR755TJC_fixlen_101_gt_out	rnaprot_gt_out/pos_neg_fasta_out/HNRNPUL1_HepG2_ENCSR755TJC.fixlen_101.positives.bed	rnaprot_gt_out/pos_neg_fasta_out/HNRNPUL1_HepG2_ENCSR755TJC.fixlen_101.negatives.bed	--max-len 200 --mode 1 --seq-ext 50 --seed 1	364	101	101	101	101.0	364	101	101	101	101.0
HNRNPUL1_K562_ENCSR571VHI	rnaprot_gt_out/HNRNPUL1_K562_ENCSR571VHI_fixlen_101_gt_out	rnaprot_gt_out/pos_neg_fasta_out/HNRNPUL1_K562_ENCSR571VHI.fixlen_101.positives.bed	rnaprot_gt_out/pos_neg_fasta_out/HNRNPUL1_K562_ENCSR571VHI.fixlen_101.negatives.bed	--max-len 200 --mode 1 --seq-ext 50 --seed 1	149	101	101	101	101	149	101	101	101	101
HNRNPU_HepG2_ENCSR240MVJ	rnaprot_gt_out/HNRNPU_HepG2_ENCSR240MVJ_fixlen_101_gt_out	rnaprot_gt_out/pos_neg_fasta_out/HNRNPU_HepG2_ENCSR240MVJ.fixlen_101.positives.bed	rnaprot_gt_out/pos_neg_fasta_out/HNRNPU_HepG2_ENCSR240MVJ.fixlen_101.negatives.bed	--max-len 200 --mode 1 --seq-ext 50 --seed 1	292	101	101	101	101.0	292	101	101	101	101.0
HNRNPU_K562_ENCSR520BZQ	rnaprot_gt_out/HNRNPU_K562_ENCSR520BZQ_fixlen_101_gt_out	rnaprot_gt_out/pos_neg_fasta_out/HNRNPU_K562_ENCSR520BZQ.fixlen_101.positives.bed	rnaprot_gt_out/pos_neg_fasta_out/HNRNPU_K562_ENCSR520BZQ.fixlen_101.negatives.bed	--max-len 200 --mode 1 --seq-ext 50 --seed 1	179	101	101	101	101	179	101	101	101	101
IGF2BP1_HepG2_ENCSR744GEU	rnaprot_gt_out/IGF2BP1_HepG2_ENCSR744GEU_fixlen_101_gt_out	rnaprot_gt_out/pos_neg_fasta_out/IGF2BP1_HepG2_ENCSR744GEU.fixlen_101.positives.bed	rnaprot_gt_out/pos_neg_fasta_out/IGF2BP1_HepG2_ENCSR744GEU.fixlen_101.negatives.bed	--max-len 200 --mode 1 --seq-ext 50 --seed 1	3080	101	101	101	101.0	3080	101	101	101	101.0
IGF2BP1_K562_ENCSR975KIR	rnaprot_gt_out/IGF2BP1_K562_ENCSR975KIR_fixlen_101_gt_out	rnaprot_gt_out/pos_neg_fasta_out/IGF2BP1_K562_ENCSR975KIR.fixlen_101.positives.bed	rnaprot_gt_out/pos_neg_fasta_out/IGF2BP1_K562_ENCSR975KIR.fixlen_101.negatives.bed	--max-len 200 --mode 1 --seq-ext 50 --seed 1	4318	101	101	101	101.0	4318	101	101	101	101.0
IGF2BP2_K562_ENCSR062NNB	rnaprot_gt_out/IGF2BP2_K562_ENCSR062NNB_fixlen_101_gt_out	rnaprot_gt_out/pos_neg_fasta_out/IGF2BP2_K562_ENCSR062NNB.fixlen_101.positives.bed	rnaprot_gt_out/pos_neg_fasta_out/IGF2BP2_K562_ENCSR062NNB.fixlen_101.negatives.bed	--max-len 200 --mode 1 --seq-ext 50 --seed 1	2699	101	101	101	101	2699	101	101	101	101
IGF2BP3_HepG2_ENCSR993OLA	rnaprot_gt_out/IGF2BP3_HepG2_ENCSR993OLA_fixlen_101_gt_out	rnaprot_gt_out/pos_neg_fasta_out/IGF2BP3_HepG2_ENCSR993OLA.fixlen_101.positives.bed	rnaprot_gt_out/pos_neg_fasta_out/IGF2BP3_HepG2_ENCSR993OLA.fixlen_101.negatives.bed	--max-len 200 --mode 1 --seq-ext 50 --seed 1	1578	101	101	101	101.0	1578	101	101	101	101.0
ILF3_HepG2_ENCSR786TSC	rnaprot_gt_out/ILF3_HepG2_ENCSR786TSC_fixlen_101_gt_out	rnaprot_gt_out/pos_neg_fasta_out/ILF3_HepG2_ENCSR786TSC.fixlen_101.positives.bed	rnaprot_gt_out/pos_neg_fasta_out/ILF3_HepG2_ENCSR786TSC.fixlen_101.negatives.bed	--max-len 200 --mode 1 --seq-ext 50 --seed 1	2990	101	101	101	101.0	2990	101	101	101	101.0
ILF3_K562_ENCSR438KWZ	rnaprot_gt_out/ILF3_K562_ENCSR438KWZ_fixlen_101_gt_out	rnaprot_gt_out/pos_neg_fasta_out/ILF3_K562_ENCSR438KWZ.fixlen_101.positives.bed	rnaprot_gt_out/pos_neg_fasta_out/ILF3_K562_ENCSR438KWZ.fixlen_101.negatives.bed	--max-len 200 --mode 1 --seq-ext 50 --seed 1	2462	101	101	101	101.0	2462	101	101	101	101.0
KHDRBS1_K562_ENCSR628IDK	rnaprot_gt_out/KHDRBS1_K562_ENCSR628IDK_fixlen_101_gt_out	rnaprot_gt_out/pos_neg_fasta_out/KHDRBS1_K562_ENCSR628IDK.fixlen_101.positives.bed	rnaprot_gt_out/pos_neg_fasta_out/KHDRBS1_K562_ENCSR628IDK.fixlen_101.negatives.bed	--max-len 200 --mode 1 --seq-ext 50 --seed 1	1075	101	101	101	101	1075	101	101	101	101
KHSRP_HepG2_ENCSR366DGX	rnaprot_gt_out/KHSRP_HepG2_ENCSR366DGX_fixlen_101_gt_out	rnaprot_gt_out/pos_neg_fasta_out/KHSRP_HepG2_ENCSR366DGX.fixlen_101.positives.bed	rnaprot_gt_out/pos_neg_fasta_out/KHSRP_HepG2_ENCSR366DGX.fixlen_101.negatives.bed	--max-len 200 --mode 1 --seq-ext 50 --seed 1	4527	101	101	101	101	4527	101	101	101	101
KHSRP_K562_ENCSR438GZQ	rnaprot_gt_out/KHSRP_K562_ENCSR438GZQ_fixlen_101_gt_out	rnaprot_gt_out/pos_neg_fasta_out/KHSRP_K562_ENCSR438GZQ.fixlen_101.positives.bed	rnaprot_gt_out/pos_neg_fasta_out/KHSRP_K562_ENCSR438GZQ.fixlen_101.negatives.bed	--max-len 200 --mode 1 --seq-ext 50 --seed 1	17441	101	101	101	101	17441	101	101	101	101
LARP4_HepG2_ENCSR805SRN	rnaprot_gt_out/LARP4_HepG2_ENCSR805SRN_fixlen_101_gt_out	rnaprot_gt_out/pos_neg_fasta_out/LARP4_HepG2_ENCSR805SRN.fixlen_101.positives.bed	rnaprot_gt_out/pos_neg_fasta_out/LARP4_HepG2_ENCSR805SRN.fixlen_101.negatives.bed	--max-len 200 --mode 1 --seq-ext 50 --seed 1	3371	101	101	101	101	3371	101	101	101	101
LARP4_K562_ENCSR888YTT	rnaprot_gt_out/LARP4_K562_ENCSR888YTT_fixlen_101_gt_out	rnaprot_gt_out/pos_neg_fasta_out/LARP4_K562_ENCSR888YTT.fixlen_101.positives.bed	rnaprot_gt_out/pos_neg_fasta_out/LARP4_K562_ENCSR888YTT.fixlen_101.negatives.bed	--max-len 200 --mode 1 --seq-ext 50 --seed 1	344	101	101	101	101.0	344	101	101	101	101.0
LARP7_HepG2_ENCSR961OKA	rnaprot_gt_out/LARP7_HepG2_ENCSR961OKA_fixlen_101_gt_out	rnaprot_gt_out/pos_neg_fasta_out/LARP7_HepG2_ENCSR961OKA.fixlen_101.positives.bed	rnaprot_gt_out/pos_neg_fasta_out/LARP7_HepG2_ENCSR961OKA.fixlen_101.negatives.bed	--max-len 200 --mode 1 --seq-ext 50 --seed 1	173	101	101	101	101	173	101	101	101	101
LARP7_K562_ENCSR456KXI	rnaprot_gt_out/LARP7_K562_ENCSR456KXI_fixlen_101_gt_out	rnaprot_gt_out/pos_neg_fasta_out/LARP7_K562_ENCSR456KXI.fixlen_101.positives.bed	rnaprot_gt_out/pos_neg_fasta_out/LARP7_K562_ENCSR456KXI.fixlen_101.negatives.bed	--max-len 200 --mode 1 --seq-ext 50 --seed 1	129	101	101	101	101	129	101	101	101	101
LIN28B_HepG2_ENCSR861GYE	rnaprot_gt_out/LIN28B_HepG2_ENCSR861GYE_fixlen_101_gt_out	rnaprot_gt_out/pos_neg_fasta_out/LIN28B_HepG2_ENCSR861GYE.fixlen_101.positives.bed	rnaprot_gt_out/pos_neg_fasta_out/LIN28B_HepG2_ENCSR861GYE.fixlen_101.negatives.bed	--max-len 200 --mode 1 --seq-ext 50 --seed 1	2906	101	101	101	101.0	2906	101	101	101	101.0
LIN28B_K562_ENCSR970NKP	rnaprot_gt_out/LIN28B_K562_ENCSR970NKP_fixlen_101_gt_out	rnaprot_gt_out/pos_neg_fasta_out/LIN28B_K562_ENCSR970NKP.fixlen_101.positives.bed	rnaprot_gt_out/pos_neg_fasta_out/LIN28B_K562_ENCSR970NKP.fixlen_101.negatives.bed	--max-len 200 --mode 1 --seq-ext 50 --seed 1	5184	101	101	101	101.0	5184	101	101	101	101.0
LSM11_HepG2_ENCSR135VMS	rnaprot_gt_out/LSM11_HepG2_ENCSR135VMS_fixlen_101_gt_out	rnaprot_gt_out/pos_neg_fasta_out/LSM11_HepG2_ENCSR135VMS.fixlen_101.positives.bed	rnaprot_gt_out/pos_neg_fasta_out/LSM11_HepG2_ENCSR135VMS.fixlen_101.negatives.bed	--max-len 200 --mode 1 --seq-ext 50 --seed 1	1720	101	101	101	101.0	1720	101	101	101	101.0
LSM11_K562_ENCSR022BVV	rnaprot_gt_out/LSM11_K562_ENCSR022BVV_fixlen_101_gt_out	rnaprot_gt_out/pos_neg_fasta_out/LSM11_K562_ENCSR022BVV.fixlen_101.positives.bed	rnaprot_gt_out/pos_neg_fasta_out/LSM11_K562_ENCSR022BVV.fixlen_101.negatives.bed	--max-len 200 --mode 1 --seq-ext 50 --seed 1	1102	101	101	101	101.0	1102	101	101	101	101.0
MATR3_HepG2_ENCSR290VLT	rnaprot_gt_out/MATR3_HepG2_ENCSR290VLT_fixlen_101_gt_out	rnaprot_gt_out/pos_neg_fasta_out/MATR3_HepG2_ENCSR290VLT.fixlen_101.positives.bed	rnaprot_gt_out/pos_neg_fasta_out/MATR3_HepG2_ENCSR290VLT.fixlen_101.negatives.bed	--max-len 200 --mode 1 --seq-ext 50 --seed 1	6172	101	101	101	101.0	6172	101	101	101	101.0
MATR3_K562_ENCSR440SUX	rnaprot_gt_out/MATR3_K562_ENCSR440SUX_fixlen_101_gt_out	rnaprot_gt_out/pos_neg_fasta_out/MATR3_K562_ENCSR440SUX.fixlen_101.positives.bed	rnaprot_gt_out/pos_neg_fasta_out/MATR3_K562_ENCSR440SUX.fixlen_101.negatives.bed	--max-len 200 --mode 1 --seq-ext 50 --seed 1	4275	101	101	101	101	4275	101	101	101	101
MBNL1_K562_ENCSR497XZI	rnaprot_gt_out/MBNL1_K562_ENCSR497XZI_fixlen_101_gt_out	rnaprot_gt_out/pos_neg_fasta_out/MBNL1_K562_ENCSR497XZI.fixlen_101.positives.bed	rnaprot_gt_out/pos_neg_fasta_out/MBNL1_K562_ENCSR497XZI.fixlen_101.negatives.bed	--max-len 200 --mode 1 --seq-ext 50 --seed 1	976	101	101	101	101.0	976	101	101	101	101.0
METAP2_K562_ENCSR303OQD	rnaprot_gt_out/METAP2_K562_ENCSR303OQD_fixlen_101_gt_out	rnaprot_gt_out/pos_neg_fasta_out/METAP2_K562_ENCSR303OQD.fixlen_101.positives.bed	rnaprot_gt_out/pos_neg_fasta_out/METAP2_K562_ENCSR303OQD.fixlen_101.negatives.bed	--max-len 200 --mode 1 --seq-ext 50 --seed 1	2323	101	101	101	101	2323	101	101	101	101
METTL1_K562_ENCSR498DQS	rnaprot_gt_out/METTL1_K562_ENCSR498DQS_fixlen_101_gt_out	rnaprot_gt_out/pos_neg_fasta_out/METTL1_K562_ENCSR498DQS.fixlen_101.positives.bed	rnaprot_gt_out/pos_neg_fasta_out/METTL1_K562_ENCSR498DQS.fixlen_101.negatives.bed	--max-len 200 --mode 1 --seq-ext 50 --seed 1	304	101	101	101	101.0	304	101	101	101	101.0
MFAP1_K562_ENCSR491HUW	rnaprot_gt_out/MFAP1_K562_ENCSR491HUW_fixlen_101_gt_out	rnaprot_gt_out/pos_neg_fasta_out/MFAP1_K562_ENCSR491HUW.fixlen_101.positives.bed	rnaprot_gt_out/pos_neg_fasta_out/MFAP1_K562_ENCSR491HUW.fixlen_101.negatives.bed	--max-len 200 --mode 1 --seq-ext 50 --seed 1	6484	101	101	101	101.0	6484	101	101	101	101.0
MORC2_K562_ENCSR168VUE	rnaprot_gt_out/MORC2_K562_ENCSR168VUE_fixlen_101_gt_out	rnaprot_gt_out/pos_neg_fasta_out/MORC2_K562_ENCSR168VUE.fixlen_101.positives.bed	rnaprot_gt_out/pos_neg_fasta_out/MORC2_K562_ENCSR168VUE.fixlen_101.negatives.bed	--max-len 200 --mode 1 --seq-ext 50 --seed 1	741	101	101	101	101	741	101	101	101	101
MTPAP_K562_ENCSR200DKE	rnaprot_gt_out/MTPAP_K562_ENCSR200DKE_fixlen_101_gt_out	rnaprot_gt_out/pos_neg_fasta_out/MTPAP_K562_ENCSR200DKE.fixlen_101.positives.bed	rnaprot_gt_out/pos_neg_fasta_out/MTPAP_K562_ENCSR200DKE.fixlen_101.negatives.bed	--max-len 200 --mode 1 --seq-ext 50 --seed 1	1005	101	101	101	101	1005	101	101	101	101
NCBP2_HepG2_ENCSR018RVZ	rnaprot_gt_out/NCBP2_HepG2_ENCSR018RVZ_fixlen_101_gt_out	rnaprot_gt_out/pos_neg_fasta_out/NCBP2_HepG2_ENCSR018RVZ.fixlen_101.positives.bed	rnaprot_gt_out/pos_neg_fasta_out/NCBP2_HepG2_ENCSR018RVZ.fixlen_101.negatives.bed	--max-len 200 --mode 1 --seq-ext 50 --seed 1	2809	101	101	101	101	2809	101	101	101	101
NCBP2_K562_ENCSR484LTQ	rnaprot_gt_out/NCBP2_K562_ENCSR484LTQ_fixlen_101_gt_out	rnaprot_gt_out/pos_neg_fasta_out/NCBP2_K562_ENCSR484LTQ.fixlen_101.positives.bed	rnaprot_gt_out/pos_neg_fasta_out/NCBP2_K562_ENCSR484LTQ.fixlen_101.negatives.bed	--max-len 200 --mode 1 --seq-ext 50 --seed 1	384	101	101	101	101.0	384	101	101	101	101.0
NIP7_HepG2_ENCSR361OCV	rnaprot_gt_out/NIP7_HepG2_ENCSR361OCV_fixlen_101_gt_out	rnaprot_gt_out/pos_neg_fasta_out/NIP7_HepG2_ENCSR361OCV.fixlen_101.positives.bed	rnaprot_gt_out/pos_neg_fasta_out/NIP7_HepG2_ENCSR361OCV.fixlen_101.negatives.bed	--max-len 200 --mode 1 --seq-ext 50 --seed 1	181	101	101	101	101	181	101	101	101	101
NIPBL_K562_ENCSR891RIC	rnaprot_gt_out/NIPBL_K562_ENCSR891RIC_fixlen_101_gt_out	rnaprot_gt_out/pos_neg_fasta_out/NIPBL_K562_ENCSR891RIC.fixlen_101.positives.bed	rnaprot_gt_out/pos_neg_fasta_out/NIPBL_K562_ENCSR891RIC.fixlen_101.negatives.bed	--max-len 200 --mode 1 --seq-ext 50 --seed 1	242	101	101	101	101.0	242	101	101	101	101.0
NKRF_HepG2_ENCSR277DEO	rnaprot_gt_out/NKRF_HepG2_ENCSR277DEO_fixlen_101_gt_out	rnaprot_gt_out/pos_neg_fasta_out/NKRF_HepG2_ENCSR277DEO.fixlen_101.positives.bed	rnaprot_gt_out/pos_neg_fasta_out/NKRF_HepG2_ENCSR277DEO.fixlen_101.negatives.bed	--max-len 200 --mode 1 --seq-ext 50 --seed 1	3397	101	101	101	101	3397	101	101	101	101
NOL12_HepG2_ENCSR820DQJ	rnaprot_gt_out/NOL12_HepG2_ENCSR820DQJ_fixlen_101_gt_out	rnaprot_gt_out/pos_neg_fasta_out/NOL12_HepG2_ENCSR820DQJ.fixlen_101.positives.bed	rnaprot_gt_out/pos_neg_fasta_out/NOL12_HepG2_ENCSR820DQJ.fixlen_101.negatives.bed	--max-len 200 --mode 1 --seq-ext 50 --seed 1	220	101	101	101	101.0	220	101	101	101	101.0
NOLC1_HepG2_ENCSR194HZU	rnaprot_gt_out/NOLC1_HepG2_ENCSR194HZU_fixlen_101_gt_out	rnaprot_gt_out/pos_neg_fasta_out/NOLC1_HepG2_ENCSR194HZU.fixlen_101.positives.bed	rnaprot_gt_out/pos_neg_fasta_out/NOLC1_HepG2_ENCSR194HZU.fixlen_101.negatives.bed	--max-len 200 --mode 1 --seq-ext 50 --seed 1	506	101	101	101	101.0	506	101	101	101	101.0
NOLC1_K562_ENCSR001VAC	rnaprot_gt_out/NOLC1_K562_ENCSR001VAC_fixlen_101_gt_out	rnaprot_gt_out/pos_neg_fasta_out/NOLC1_K562_ENCSR001VAC.fixlen_101.positives.bed	rnaprot_gt_out/pos_neg_fasta_out/NOLC1_K562_ENCSR001VAC.fixlen_101.negatives.bed	--max-len 200 --mode 1 --seq-ext 50 --seed 1	1214	101	101	101	101.0	1214	101	101	101	101.0
NONO_HepG2_ENCSR585SMS	rnaprot_gt_out/NONO_HepG2_ENCSR585SMS_fixlen_101_gt_out	rnaprot_gt_out/pos_neg_fasta_out/NONO_HepG2_ENCSR585SMS.fixlen_101.positives.bed	rnaprot_gt_out/pos_neg_fasta_out/NONO_HepG2_ENCSR585SMS.fixlen_101.negatives.bed	--max-len 200 --mode 1 --seq-ext 50 --seed 1	3460	101	101	101	101.0	3460	101	101	101	101.0
NONO_K562_ENCSR285QHT	rnaprot_gt_out/NONO_K562_ENCSR285QHT_fixlen_101_gt_out	rnaprot_gt_out/pos_neg_fasta_out/NONO_K562_ENCSR285QHT.fixlen_101.positives.bed	rnaprot_gt_out/pos_neg_fasta_out/NONO_K562_ENCSR285QHT.fixlen_101.negatives.bed	--max-len 200 --mode 1 --seq-ext 50 --seed 1	2425	101	101	101	101	2425	101	101	101	101
NONO_K562_ENCSR861PAR	rnaprot_gt_out/NONO_K562_ENCSR861PAR_fixlen_101_gt_out	rnaprot_gt_out/pos_neg_fasta_out/NONO_K562_ENCSR861PAR.fixlen_101.positives.bed	rnaprot_gt_out/pos_neg_fasta_out/NONO_K562_ENCSR861PAR.fixlen_101.negatives.bed	--max-len 200 --mode 1 --seq-ext 50 --seed 1	8849	101	101	101	101	8849	101	101	101	101
NPM1_K562_ENCSR448IDP	rnaprot_gt_out/NPM1_K562_ENCSR448IDP_fixlen_101_gt_out	rnaprot_gt_out/pos_neg_fasta_out/NPM1_K562_ENCSR448IDP.fixlen_101.positives.bed	rnaprot_gt_out/pos_neg_fasta_out/NPM1_K562_ENCSR448IDP.fixlen_101.negatives.bed	--max-len 200 --mode 1 --seq-ext 50 --seed 1	274	101	101	101	101.0	274	101	101	101	101.0
NSUN2_HepG2_ENCSR379GZS	rnaprot_gt_out/NSUN2_HepG2_ENCSR379GZS_fixlen_101_gt_out	rnaprot_gt_out/pos_neg_fasta_out/NSUN2_HepG2_ENCSR379GZS.fixlen_101.positives.bed	rnaprot_gt_out/pos_neg_fasta_out/NSUN2_HepG2_ENCSR379GZS.fixlen_101.negatives.bed	--max-len 200 --mode 1 --seq-ext 50 --seed 1	268	101	101	101	101.0	268	101	101	101	101.0
NSUN2_K562_ENCSR081JYH	rnaprot_gt_out/NSUN2_K562_ENCSR081JYH_fixlen_101_gt_out	rnaprot_gt_out/pos_neg_fasta_out/NSUN2_K562_ENCSR081JYH.fixlen_101.positives.bed	rnaprot_gt_out/pos_neg_fasta_out/NSUN2_K562_ENCSR081JYH.fixlen_101.negatives.bed	--max-len 200 --mode 1 --seq-ext 50 --seed 1	85	101	101	101	101	85	101	101	101	101
NSUN4_K562_ENCSR224QFQ	rnaprot_gt_out/NSUN4_K562_ENCSR224QFQ_fixlen_101_gt_out	rnaprot_gt_out/pos_neg_fasta_out/NSUN4_K562_ENCSR224QFQ.fixlen_101.positives.bed	rnaprot_gt_out/pos_neg_fasta_out/NSUN4_K562_ENCSR224QFQ.fixlen_101.negatives.bed	--max-len 200 --mode 1 --seq-ext 50 --seed 1	956	101	101	101	101.0	956	101	101	101	101.0
PABPC4_K562_ENCSR958FKZ	rnaprot_gt_out/PABPC4_K562_ENCSR958FKZ_fixlen_101_gt_out	rnaprot_gt_out/pos_neg_fasta_out/PABPC4_K562_ENCSR958FKZ.fixlen_101.positives.bed	rnaprot_gt_out/pos_neg_fasta_out/PABPC4_K562_ENCSR958FKZ.fixlen_101.negatives.bed	--max-len 200 --mode 1 --seq-ext 50 --seed 1	3488	101	101	101	101.0	3488	101	101	101	101.0
PABPN1_HepG2_ENCSR820UYE	rnaprot_gt_out/PABPN1_HepG2_ENCSR820UYE_fixlen_101_gt_out	rnaprot_gt_out/pos_neg_fasta_out/PABPN1_HepG2_ENCSR820UYE.fixlen_101.positives.bed	rnaprot_gt_out/pos_neg_fasta_out/PABPN1_HepG2_ENCSR820UYE.fixlen_101.negatives.bed	--max-len 200 --mode 1 --seq-ext 50 --seed 1	2922	101	101	101	101.0	2922	101	101	101	101.0
PARP1_HepG2_ENCSR352IFB	rnaprot_gt_out/PARP1_HepG2_ENCSR352IFB_fixlen_101_gt_out	rnaprot_gt_out/pos_neg_fasta_out/PARP1_HepG2_ENCSR352IFB.fixlen_101.positives.bed	rnaprot_gt_out/pos_neg_fasta_out/PARP1_HepG2_ENCSR352IFB.fixlen_101.negatives.bed	--max-len 200 --mode 1 --seq-ext 50 --seed 1	98	101	101	101	101.0	98	101	101	101	101.0
PCBP1_HepG2_ENCSR256CHX	rnaprot_gt_out/PCBP1_HepG2_ENCSR256CHX_fixlen_101_gt_out	rnaprot_gt_out/pos_neg_fasta_out/PCBP1_HepG2_ENCSR256CHX.fixlen_101.positives.bed	rnaprot_gt_out/pos_neg_fasta_out/PCBP1_HepG2_ENCSR256CHX.fixlen_101.negatives.bed	--max-len 200 --mode 1 --seq-ext 50 --seed 1	688	101	101	101	101.0	688	101	101	101	101.0
PCBP1_K562_ENCSR922WJV	rnaprot_gt_out/PCBP1_K562_ENCSR922WJV_fixlen_101_gt_out	rnaprot_gt_out/pos_neg_fasta_out/PCBP1_K562_ENCSR922WJV.fixlen_101.positives.bed	rnaprot_gt_out/pos_neg_fasta_out/PCBP1_K562_ENCSR922WJV.fixlen_101.negatives.bed	--max-len 200 --mode 1 --seq-ext 50 --seed 1	1673	101	101	101	101	1673	101	101	101	101
PCBP2_HepG2_ENCSR339FUY	rnaprot_gt_out/PCBP2_HepG2_ENCSR339FUY_fixlen_101_gt_out	rnaprot_gt_out/pos_neg_fasta_out/PCBP2_HepG2_ENCSR339FUY.fixlen_101.positives.bed	rnaprot_gt_out/pos_neg_fasta_out/PCBP2_HepG2_ENCSR339FUY.fixlen_101.negatives.bed	--max-len 200 --mode 1 --seq-ext 50 --seed 1	6674	101	101	101	101.0	6674	101	101	101	101.0
PHF6_K562_ENCSR001KKZ	rnaprot_gt_out/PHF6_K562_ENCSR001KKZ_fixlen_101_gt_out	rnaprot_gt_out/pos_neg_fasta_out/PHF6_K562_ENCSR001KKZ.fixlen_101.positives.bed	rnaprot_gt_out/pos_neg_fasta_out/PHF6_K562_ENCSR001KKZ.fixlen_101.negatives.bed	--max-len 200 --mode 1 --seq-ext 50 --seed 1	545	101	101	101	101	545	101	101	101	101
PPIG_HepG2_ENCSR097NEE	rnaprot_gt_out/PPIG_HepG2_ENCSR097NEE_fixlen_101_gt_out	rnaprot_gt_out/pos_neg_fasta_out/PPIG_HepG2_ENCSR097NEE.fixlen_101.positives.bed	rnaprot_gt_out/pos_neg_fasta_out/PPIG_HepG2_ENCSR097NEE.fixlen_101.negatives.bed	--max-len 200 --mode 1 --seq-ext 50 --seed 1	18619	101	101	101	101	18619	101	101	101	101
PPIL4_K562_ENCSR197INS	rnaprot_gt_out/PPIL4_K562_ENCSR197INS_fixlen_101_gt_out	rnaprot_gt_out/pos_neg_fasta_out/PPIL4_K562_ENCSR197INS.fixlen_101.positives.bed	rnaprot_gt_out/pos_neg_fasta_out/PPIL4_K562_ENCSR197INS.fixlen_101.negatives.bed	--max-len 200 --mode 1 --seq-ext 50 --seed 1	488	101	101	101	101.0	488	101	101	101	101.0
PRP16_HepG2_ENCSR678OKJ	rnaprot_gt_out/PRP16_HepG2_ENCSR678OKJ_fixlen_101_gt_out	rnaprot_gt_out/pos_neg_fasta_out/PRP16_HepG2_ENCSR678OKJ.fixlen_101.positives.bed	rnaprot_gt_out/pos_neg_fasta_out/PRP16_HepG2_ENCSR678OKJ.fixlen_101.negatives.bed	--max-len 200 --mode 1 --seq-ext 50 --seed 1	139	101	101	101	101	139	101	101	101	101
PRPF39_HepG2_ENCSR348MQL	rnaprot_gt_out/PRPF39_HepG2_ENCSR348MQL_fixlen_101_gt_out	rnaprot_gt_out/pos_neg_fasta_out/PRPF39_HepG2_ENCSR348MQL.fixlen_101.positives.bed	rnaprot_gt_out/pos_neg_fasta_out/PRPF39_HepG2_ENCSR348MQL.fixlen_101.negatives.bed	--max-len 200 --mode 1 --seq-ext 50 --seed 1	4971	101	101	101	101	4971	101	101	101	101
PRPF39_HepG2_ENCSR884RBW	rnaprot_gt_out/PRPF39_HepG2_ENCSR884RBW_fixlen_101_gt_out	rnaprot_gt_out/pos_neg_fasta_out/PRPF39_HepG2_ENCSR884RBW.fixlen_101.positives.bed	rnaprot_gt_out/pos_neg_fasta_out/PRPF39_HepG2_ENCSR884RBW.fixlen_101.negatives.bed	--max-len 200 --mode 1 --seq-ext 50 --seed 1	4528	101	101	101	101.0	4528	101	101	101	101.0
PRPF4_HepG2_ENCSR977OXG	rnaprot_gt_out/PRPF4_HepG2_ENCSR977OXG_fixlen_101_gt_out	rnaprot_gt_out/pos_neg_fasta_out/PRPF4_HepG2_ENCSR977OXG.fixlen_101.positives.bed	rnaprot_gt_out/pos_neg_fasta_out/PRPF4_HepG2_ENCSR977OXG.fixlen_101.negatives.bed	--max-len 200 --mode 1 --seq-ext 50 --seed 1	7308	101	101	101	101.0	7308	101	101	101	101.0
PRPF8_HepG2_ENCSR121NVA	rnaprot_gt_out/PRPF8_HepG2_ENCSR121NVA_fixlen_101_gt_out	rnaprot_gt_out/pos_neg_fasta_out/PRPF8_HepG2_ENCSR121NVA.fixlen_101.positives.bed	rnaprot_gt_out/pos_neg_fasta_out/PRPF8_HepG2_ENCSR121NVA.fixlen_101.negatives.bed	--max-len 200 --mode 1 --seq-ext 50 --seed 1	17200	101	101	101	101.0	17200	101	101	101	101.0
PRPF8_K562_ENCSR534YOI	rnaprot_gt_out/PRPF8_K562_ENCSR534YOI_fixlen_101_gt_out	rnaprot_gt_out/pos_neg_fasta_out/PRPF8_K562_ENCSR534YOI.fixlen_101.positives.bed	rnaprot_gt_out/pos_neg_fasta_out/PRPF8_K562_ENCSR534YOI.fixlen_101.negatives.bed	--max-len 200 --mode 1 --seq-ext 50 --seed 1	9893	101	101	101	101	9893	101	101	101	101
PTBP1_HepG2_ENCSR384KAN	rnaprot_gt_out/PTBP1_HepG2_ENCSR384KAN_fixlen_101_gt_out	rnaprot_gt_out/pos_neg_fasta_out/PTBP1_HepG2_ENCSR384KAN.fixlen_101.positives.bed	rnaprot_gt_out/pos_neg_fasta_out/PTBP1_HepG2_ENCSR384KAN.fixlen_101.negatives.bed	--max-len 200 --mode 1 --seq-ext 50 --seed 1	6928	101	101	101	101.0	6928	101	101	101	101.0
PTBP1_K562_ENCSR981WKN	rnaprot_gt_out/PTBP1_K562_ENCSR981WKN_fixlen_101_gt_out	rnaprot_gt_out/pos_neg_fasta_out/PTBP1_K562_ENCSR981WKN.fixlen_101.positives.bed	rnaprot_gt_out/pos_neg_fasta_out/PTBP1_K562_ENCSR981WKN.fixlen_101.negatives.bed	--max-len 200 --mode 1 --seq-ext 50 --seed 1	6528	101	101	101	101.0	6528	101	101	101	101.0
PUM1_K562_ENCSR308YNT	rnaprot_gt_out/PUM1_K562_ENCSR308YNT_fixlen_101_gt_out	rnaprot_gt_out/pos_neg_fasta_out/PUM1_K562_ENCSR308YNT.fixlen_101.positives.bed	rnaprot_gt_out/pos_neg_fasta_out/PUM1_K562_ENCSR308YNT.fixlen_101.negatives.bed	--max-len 200 --mode 1 --seq-ext 50 --seed 1	2013	101	101	101	101	2013	101	101	101	101
PUM2_K562_ENCSR661ICQ	rnaprot_gt_out/PUM2_K562_ENCSR661ICQ_fixlen_101_gt_out	rnaprot_gt_out/pos_neg_fasta_out/PUM2_K562_ENCSR661ICQ.fixlen_101.positives.bed	rnaprot_gt_out/pos_neg_fasta_out/PUM2_K562_ENCSR661ICQ.fixlen_101.negatives.bed	--max-len 200 --mode 1 --seq-ext 50 --seed 1	4187	101	101	101	101	4187	101	101	101	101
QKI_HepG2_ENCSR570WLM	rnaprot_gt_out/QKI_HepG2_ENCSR570WLM_fixlen_101_gt_out	rnaprot_gt_out/pos_neg_fasta_out/QKI_HepG2_ENCSR570WLM.fixlen_101.positives.bed	rnaprot_gt_out/pos_neg_fasta_out/QKI_HepG2_ENCSR570WLM.fixlen_101.negatives.bed	--max-len 200 --mode 1 --seq-ext 50 --seed 1	8146	101	101	101	101.0	8146	101	101	101	101.0
QKI_K562_ENCSR366YOG	rnaprot_gt_out/QKI_K562_ENCSR366YOG_fixlen_101_gt_out	rnaprot_gt_out/pos_neg_fasta_out/QKI_K562_ENCSR366YOG.fixlen_101.positives.bed	rnaprot_gt_out/pos_neg_fasta_out/QKI_K562_ENCSR366YOG.fixlen_101.negatives.bed	--max-len 200 --mode 1 --seq-ext 50 --seed 1	2009	101	101	101	101	2009	101	101	101	101
RBFOX2_HepG2_ENCSR987FTF	rnaprot_gt_out/RBFOX2_HepG2_ENCSR987FTF_fixlen_101_gt_out	rnaprot_gt_out/pos_neg_fasta_out/RBFOX2_HepG2_ENCSR987FTF.fixlen_101.positives.bed	rnaprot_gt_out/pos_neg_fasta_out/RBFOX2_HepG2_ENCSR987FTF.fixlen_101.negatives.bed	--max-len 200 --mode 1 --seq-ext 50 --seed 1	5591	101	101	101	101	5591	101	101	101	101
RBFOX2_K562_ENCSR756CKJ	rnaprot_gt_out/RBFOX2_K562_ENCSR756CKJ_fixlen_101_gt_out	rnaprot_gt_out/pos_neg_fasta_out/RBFOX2_K562_ENCSR756CKJ.fixlen_101.positives.bed	rnaprot_gt_out/pos_neg_fasta_out/RBFOX2_K562_ENCSR756CKJ.fixlen_101.negatives.bed	--max-len 200 --mode 1 --seq-ext 50 --seed 1	2835	101	101	101	101	2835	101	101	101	101
RBM15_HepG2_ENCSR754NDA	rnaprot_gt_out/RBM15_HepG2_ENCSR754NDA_fixlen_101_gt_out	rnaprot_gt_out/pos_neg_fasta_out/RBM15_HepG2_ENCSR754NDA.fixlen_101.positives.bed	rnaprot_gt_out/pos_neg_fasta_out/RBM15_HepG2_ENCSR754NDA.fixlen_101.negatives.bed	--max-len 200 --mode 1 --seq-ext 50 --seed 1	1203	101	101	101	101	1203	101	101	101	101
RBM15_K562_ENCSR196INN	rnaprot_gt_out/RBM15_K562_ENCSR196INN_fixlen_101_gt_out	rnaprot_gt_out/pos_neg_fasta_out/RBM15_K562_ENCSR196INN.fixlen_101.positives.bed	rnaprot_gt_out/pos_neg_fasta_out/RBM15_K562_ENCSR196INN.fixlen_101.negatives.bed	--max-len 200 --mode 1 --seq-ext 50 --seed 1	6816	101	101	101	101.0	6816	101	101	101	101.0
RBM22_HepG2_ENCSR456JJQ	rnaprot_gt_out/RBM22_HepG2_ENCSR456JJQ_fixlen_101_gt_out	rnaprot_gt_out/pos_neg_fasta_out/RBM22_HepG2_ENCSR456JJQ.fixlen_101.positives.bed	rnaprot_gt_out/pos_neg_fasta_out/RBM22_HepG2_ENCSR456JJQ.fixlen_101.negatives.bed	--max-len 200 --mode 1 --seq-ext 50 --seed 1	1775	101	101	101	101	1775	101	101	101	101
RBM22_K562_ENCSR295OKT	rnaprot_gt_out/RBM22_K562_ENCSR295OKT_fixlen_101_gt_out	rnaprot_gt_out/pos_neg_fasta_out/RBM22_K562_ENCSR295OKT.fixlen_101.positives.bed	rnaprot_gt_out/pos_neg_fasta_out/RBM22_K562_ENCSR295OKT.fixlen_101.negatives.bed	--max-len 200 --mode 1 --seq-ext 50 --seed 1	931	101	101	101	101	931	101	101	101	101
RBM5_HepG2_ENCSR489ABS	rnaprot_gt_out/RBM5_HepG2_ENCSR489ABS_fixlen_101_gt_out	rnaprot_gt_out/pos_neg_fasta_out/RBM5_HepG2_ENCSR489ABS.fixlen_101.positives.bed	rnaprot_gt_out/pos_neg_fasta_out/RBM5_HepG2_ENCSR489ABS.fixlen_101.negatives.bed	--max-len 200 --mode 1 --seq-ext 50 --seed 1	603	101	101	101	101	603	101	101	101	101
RNF187_K562_ENCSR153STI	rnaprot_gt_out/RNF187_K562_ENCSR153STI_fixlen_101_gt_out	rnaprot_gt_out/pos_neg_fasta_out/RNF187_K562_ENCSR153STI.fixlen_101.positives.bed	rnaprot_gt_out/pos_neg_fasta_out/RNF187_K562_ENCSR153STI.fixlen_101.negatives.bed	--max-len 200 --mode 1 --seq-ext 50 --seed 1	593	101	101	101	101	593	101	101	101	101
RPS3_HepG2_ENCSR766FAC	rnaprot_gt_out/RPS3_HepG2_ENCSR766FAC_fixlen_101_gt_out	rnaprot_gt_out/pos_neg_fasta_out/RPS3_HepG2_ENCSR766FAC.fixlen_101.positives.bed	rnaprot_gt_out/pos_neg_fasta_out/RPS3_HepG2_ENCSR766FAC.fixlen_101.negatives.bed	--max-len 200 --mode 1 --seq-ext 50 --seed 1	3729	101	101	101	101	3729	101	101	101	101
RPS3_K562_ENCSR120EAR	rnaprot_gt_out/RPS3_K562_ENCSR120EAR_fixlen_101_gt_out	rnaprot_gt_out/pos_neg_fasta_out/RPS3_K562_ENCSR120EAR.fixlen_101.positives.bed	rnaprot_gt_out/pos_neg_fasta_out/RPS3_K562_ENCSR120EAR.fixlen_101.negatives.bed	--max-len 200 --mode 1 --seq-ext 50 --seed 1	1725	101	101	101	101	1725	101	101	101	101
RPS6_K562_ENCSR100ARZ	rnaprot_gt_out/RPS6_K562_ENCSR100ARZ_fixlen_101_gt_out	rnaprot_gt_out/pos_neg_fasta_out/RPS6_K562_ENCSR100ARZ.fixlen_101.positives.bed	rnaprot_gt_out/pos_neg_fasta_out/RPS6_K562_ENCSR100ARZ.fixlen_101.negatives.bed	--max-len 200 --mode 1 --seq-ext 50 --seed 1	208	101	101	101	101.0	208	101	101	101	101.0
RYBP_K562_ENCSR179MPN	rnaprot_gt_out/RYBP_K562_ENCSR179MPN_fixlen_101_gt_out	rnaprot_gt_out/pos_neg_fasta_out/RYBP_K562_ENCSR179MPN.fixlen_101.positives.bed	rnaprot_gt_out/pos_neg_fasta_out/RYBP_K562_ENCSR179MPN.fixlen_101.negatives.bed	--max-len 200 --mode 1 --seq-ext 50 --seed 1	667	101	101	101	101	667	101	101	101	101
SAFB2_K562_ENCSR943MHU	rnaprot_gt_out/SAFB2_K562_ENCSR943MHU_fixlen_101_gt_out	rnaprot_gt_out/pos_neg_fasta_out/SAFB2_K562_ENCSR943MHU.fixlen_101.positives.bed	rnaprot_gt_out/pos_neg_fasta_out/SAFB2_K562_ENCSR943MHU.fixlen_101.negatives.bed	--max-len 200 --mode 1 --seq-ext 50 --seed 1	3149	101	101	101	101	3149	101	101	101	101
SAFB_HepG2_ENCSR337XGI	rnaprot_gt_out/SAFB_HepG2_ENCSR337XGI_fixlen_101_gt_out	rnaprot_gt_out/pos_neg_fasta_out/SAFB_HepG2_ENCSR337XGI.fixlen_101.positives.bed	rnaprot_gt_out/pos_neg_fasta_out/SAFB_HepG2_ENCSR337XGI.fixlen_101.negatives.bed	--max-len 200 --mode 1 --seq-ext 50 --seed 1	246	101	101	101	101.0	246	101	101	101	101.0
SAFB_K562_ENCSR484LAB	rnaprot_gt_out/SAFB_K562_ENCSR484LAB_fixlen_101_gt_out	rnaprot_gt_out/pos_neg_fasta_out/SAFB_K562_ENCSR484LAB.fixlen_101.positives.bed	rnaprot_gt_out/pos_neg_fasta_out/SAFB_K562_ENCSR484LAB.fixlen_101.negatives.bed	--max-len 200 --mode 1 --seq-ext 50 --seed 1	427	101	101	101	101	427	101	101	101	101
SDAD1_HepG2_ENCSR050BDZ	rnaprot_gt_out/SDAD1_HepG2_ENCSR050BDZ_fixlen_101_gt_out	rnaprot_gt_out/pos_neg_fasta_out/SDAD1_HepG2_ENCSR050BDZ.fixlen_101.positives.bed	rnaprot_gt_out/pos_neg_fasta_out/SDAD1_HepG2_ENCSR050BDZ.fixlen_101.negatives.bed	--max-len 200 --mode 1 --seq-ext 50 --seed 1	681	101	101	101	101	681	101	101	101	101
SERBP1_K562_ENCSR121GQH	rnaprot_gt_out/SERBP1_K562_ENCSR121GQH_fixlen_101_gt_out	rnaprot_gt_out/pos_neg_fasta_out/SERBP1_K562_ENCSR121GQH.fixlen_101.positives.bed	rnaprot_gt_out/pos_neg_fasta_out/SERBP1_K562_ENCSR121GQH.fixlen_101.negatives.bed	--max-len 200 --mode 1 --seq-ext 50 --seed 1	109	101	101	101	101	109	101	101	101	101
SF3A1_HepG2_ENCSR317QOX	rnaprot_gt_out/SF3A1_HepG2_ENCSR317QOX_fixlen_101_gt_out	rnaprot_gt_out/pos_neg_fasta_out/SF3A1_HepG2_ENCSR317QOX.fixlen_101.positives.bed	rnaprot_gt_out/pos_neg_fasta_out/SF3A1_HepG2_ENCSR317QOX.fixlen_101.negatives.bed	--max-len 200 --mode 1 --seq-ext 50 --seed 1	1253	101	101	101	101	1253	101	101	101	101
SF3A3_HepG2_ENCSR331MIC	rnaprot_gt_out/SF3A3_HepG2_ENCSR331MIC_fixlen_101_gt_out	rnaprot_gt_out/pos_neg_fasta_out/SF3A3_HepG2_ENCSR331MIC.fixlen_101.positives.bed	rnaprot_gt_out/pos_neg_fasta_out/SF3A3_HepG2_ENCSR331MIC.fixlen_101.negatives.bed	--max-len 200 --mode 1 --seq-ext 50 --seed 1	2020	101	101	101	101.0	2020	101	101	101	101.0
SF3B4_HepG2_ENCSR279UJF	rnaprot_gt_out/SF3B4_HepG2_ENCSR279UJF_fixlen_101_gt_out	rnaprot_gt_out/pos_neg_fasta_out/SF3B4_HepG2_ENCSR279UJF.fixlen_101.positives.bed	rnaprot_gt_out/pos_neg_fasta_out/SF3B4_HepG2_ENCSR279UJF.fixlen_101.negatives.bed	--max-len 200 --mode 1 --seq-ext 50 --seed 1	5335	101	101	101	101	5335	101	101	101	101
SF3B4_K562_ENCSR267OLV	rnaprot_gt_out/SF3B4_K562_ENCSR267OLV_fixlen_101_gt_out	rnaprot_gt_out/pos_neg_fasta_out/SF3B4_K562_ENCSR267OLV.fixlen_101.positives.bed	rnaprot_gt_out/pos_neg_fasta_out/SF3B4_K562_ENCSR267OLV.fixlen_101.negatives.bed	--max-len 200 --mode 1 --seq-ext 50 --seed 1	8899	101	101	101	101	8899	101	101	101	101
SFPQ_HepG2_ENCSR965DLL	rnaprot_gt_out/SFPQ_HepG2_ENCSR965DLL_fixlen_101_gt_out	rnaprot_gt_out/pos_neg_fasta_out/SFPQ_HepG2_ENCSR965DLL.fixlen_101.positives.bed	rnaprot_gt_out/pos_neg_fasta_out/SFPQ_HepG2_ENCSR965DLL.fixlen_101.negatives.bed	--max-len 200 --mode 1 --seq-ext 50 --seed 1	2315	101	101	101	101	2315	101	101	101	101
SLBP_K562_ENCSR483NOP	rnaprot_gt_out/SLBP_K562_ENCSR483NOP_fixlen_101_gt_out	rnaprot_gt_out/pos_neg_fasta_out/SLBP_K562_ENCSR483NOP.fixlen_101.positives.bed	rnaprot_gt_out/pos_neg_fasta_out/SLBP_K562_ENCSR483NOP.fixlen_101.negatives.bed	--max-len 200 --mode 1 --seq-ext 50 --seed 1	75	101	101	101	101	75	101	101	101	101
SLTM_HepG2_ENCSR351PVI	rnaprot_gt_out/SLTM_HepG2_ENCSR351PVI_fixlen_101_gt_out	rnaprot_gt_out/pos_neg_fasta_out/SLTM_HepG2_ENCSR351PVI.fixlen_101.positives.bed	rnaprot_gt_out/pos_neg_fasta_out/SLTM_HepG2_ENCSR351PVI.fixlen_101.negatives.bed	--max-len 200 --mode 1 --seq-ext 50 --seed 1	1127	101	101	101	101	1127	101	101	101	101
SLTM_K562_ENCSR000SSH	rnaprot_gt_out/SLTM_K562_ENCSR000SSH_fixlen_101_gt_out	rnaprot_gt_out/pos_neg_fasta_out/SLTM_K562_ENCSR000SSH.fixlen_101.positives.bed	rnaprot_gt_out/pos_neg_fasta_out/SLTM_K562_ENCSR000SSH.fixlen_101.negatives.bed	--max-len 200 --mode 1 --seq-ext 50 --seed 1	3184	101	101	101	101.0	3184	101	101	101	101.0
SMNDC1_HepG2_ENCSR373ODC	rnaprot_gt_out/SMNDC1_HepG2_ENCSR373ODC_fixlen_101_gt_out	rnaprot_gt_out/pos_neg_fasta_out/SMNDC1_HepG2_ENCSR373ODC.fixlen_101.positives.bed	rnaprot_gt_out/pos_neg_fasta_out/SMNDC1_HepG2_ENCSR373ODC.fixlen_101.negatives.bed	--max-len 200 --mode 1 --seq-ext 50 --seed 1	149	101	101	101	101	149	101	101	101	101
SMNDC1_K562_ENCSR658IQB	rnaprot_gt_out/SMNDC1_K562_ENCSR658IQB_fixlen_101_gt_out	rnaprot_gt_out/pos_neg_fasta_out/SMNDC1_K562_ENCSR658IQB.fixlen_101.positives.bed	rnaprot_gt_out/pos_neg_fasta_out/SMNDC1_K562_ENCSR658IQB.fixlen_101.negatives.bed	--max-len 200 --mode 1 --seq-ext 50 --seed 1	1824	101	101	101	101.0	1824	101	101	101	101.0
SND1_HepG2_ENCSR061EVO	rnaprot_gt_out/SND1_HepG2_ENCSR061EVO_fixlen_101_gt_out	rnaprot_gt_out/pos_neg_fasta_out/SND1_HepG2_ENCSR061EVO.fixlen_101.positives.bed	rnaprot_gt_out/pos_neg_fasta_out/SND1_HepG2_ENCSR061EVO.fixlen_101.negatives.bed	--max-len 200 --mode 1 --seq-ext 50 --seed 1	3568	101	101	101	101.0	3568	101	101	101	101.0
SND1_K562_ENCSR128VXC	rnaprot_gt_out/SND1_K562_ENCSR128VXC_fixlen_101_gt_out	rnaprot_gt_out/pos_neg_fasta_out/SND1_K562_ENCSR128VXC.fixlen_101.positives.bed	rnaprot_gt_out/pos_neg_fasta_out/SND1_K562_ENCSR128VXC.fixlen_101.negatives.bed	--max-len 200 --mode 1 --seq-ext 50 --seed 1	2645	101	101	101	101	2645	101	101	101	101
SNRNP200_HepG2_ENCSR789YZZ	rnaprot_gt_out/SNRNP200_HepG2_ENCSR789YZZ_fixlen_101_gt_out	rnaprot_gt_out/pos_neg_fasta_out/SNRNP200_HepG2_ENCSR789YZZ.fixlen_101.positives.bed	rnaprot_gt_out/pos_neg_fasta_out/SNRNP200_HepG2_ENCSR789YZZ.fixlen_101.negatives.bed	--max-len 200 --mode 1 --seq-ext 50 --seed 1	969	101	101	101	101	969	101	101	101	101
SNRNP200_K562_ENCSR280JAB	rnaprot_gt_out/SNRNP200_K562_ENCSR280JAB_fixlen_101_gt_out	rnaprot_gt_out/pos_neg_fasta_out/SNRNP200_K562_ENCSR280JAB.fixlen_101.positives.bed	rnaprot_gt_out/pos_neg_fasta_out/SNRNP200_K562_ENCSR280JAB.fixlen_101.negatives.bed	--max-len 200 --mode 1 --seq-ext 50 --seed 1	617	101	101	101	101	617	101	101	101	101
SNRPA1_HepG2_ENCSR203ACR	rnaprot_gt_out/SNRPA1_HepG2_ENCSR203ACR_fixlen_101_gt_out	rnaprot_gt_out/pos_neg_fasta_out/SNRPA1_HepG2_ENCSR203ACR.fixlen_101.positives.bed	rnaprot_gt_out/pos_neg_fasta_out/SNRPA1_HepG2_ENCSR203ACR.fixlen_101.negatives.bed	--max-len 200 --mode 1 --seq-ext 50 --seed 1	280	101	101	101	101.0	280	101	101	101	101.0
SNRPC_HepG2_ENCSR959OKB	rnaprot_gt_out/SNRPC_HepG2_ENCSR959OKB_fixlen_101_gt_out	rnaprot_gt_out/pos_neg_fasta_out/SNRPC_HepG2_ENCSR959OKB.fixlen_101.positives.bed	rnaprot_gt_out/pos_neg_fasta_out/SNRPC_HepG2_ENCSR959OKB.fixlen_101.negatives.bed	--max-len 200 --mode 1 --seq-ext 50 --seed 1	2600	101	101	101	101.0	2600	101	101	101	101.0
SNRPC_K562_ENCSR714FKK	rnaprot_gt_out/SNRPC_K562_ENCSR714FKK_fixlen_101_gt_out	rnaprot_gt_out/pos_neg_fasta_out/SNRPC_K562_ENCSR714FKK.fixlen_101.positives.bed	rnaprot_gt_out/pos_neg_fasta_out/SNRPC_K562_ENCSR714FKK.fixlen_101.negatives.bed	--max-len 200 --mode 1 --seq-ext 50 --seed 1	2331	101	101	101	101	2331	101	101	101	101
SNRPD3_HepG2_ENCSR038CCV	rnaprot_gt_out/SNRPD3_HepG2_ENCSR038CCV_fixlen_101_gt_out	rnaprot_gt_out/pos_neg_fasta_out/SNRPD3_HepG2_ENCSR038CCV.fixlen_101.positives.bed	rnaprot_gt_out/pos_neg_fasta_out/SNRPD3_HepG2_ENCSR038CCV.fixlen_101.negatives.bed	--max-len 200 --mode 1 --seq-ext 50 --seed 1	337	101	101	101	101	337	101	101	101	101
SNRPD3_K562_ENCSR552TNU	rnaprot_gt_out/SNRPD3_K562_ENCSR552TNU_fixlen_101_gt_out	rnaprot_gt_out/pos_neg_fasta_out/SNRPD3_K562_ENCSR552TNU.fixlen_101.positives.bed	rnaprot_gt_out/pos_neg_fasta_out/SNRPD3_K562_ENCSR552TNU.fixlen_101.negatives.bed	--max-len 200 --mode 1 --seq-ext 50 --seed 1	1200	101	101	101	101.0	1200	101	101	101	101.0
SRSF1_HepG2_ENCSR989VIY	rnaprot_gt_out/SRSF1_HepG2_ENCSR989VIY_fixlen_101_gt_out	rnaprot_gt_out/pos_neg_fasta_out/SRSF1_HepG2_ENCSR989VIY.fixlen_101.positives.bed	rnaprot_gt_out/pos_neg_fasta_out/SRSF1_HepG2_ENCSR989VIY.fixlen_101.negatives.bed	--max-len 200 --mode 1 --seq-ext 50 --seed 1	1527	101	101	101	101	1527	101	101	101	101
SRSF1_K562_ENCSR321PWZ	rnaprot_gt_out/SRSF1_K562_ENCSR321PWZ_fixlen_101_gt_out	rnaprot_gt_out/pos_neg_fasta_out/SRSF1_K562_ENCSR321PWZ.fixlen_101.positives.bed	rnaprot_gt_out/pos_neg_fasta_out/SRSF1_K562_ENCSR321PWZ.fixlen_101.negatives.bed	--max-len 200 --mode 1 --seq-ext 50 --seed 1	2850	101	101	101	101.0	2850	101	101	101	101.0
SRSF1_K562_ENCSR432XUP	rnaprot_gt_out/SRSF1_K562_ENCSR432XUP_fixlen_101_gt_out	rnaprot_gt_out/pos_neg_fasta_out/SRSF1_K562_ENCSR432XUP.fixlen_101.positives.bed	rnaprot_gt_out/pos_neg_fasta_out/SRSF1_K562_ENCSR432XUP.fixlen_101.negatives.bed	--max-len 200 --mode 1 --seq-ext 50 --seed 1	1815	101	101	101	101	1815	101	101	101	101
SRSF5_K562_ENCSR124DES	rnaprot_gt_out/SRSF5_K562_ENCSR124DES_fixlen_101_gt_out	rnaprot_gt_out/pos_neg_fasta_out/SRSF5_K562_ENCSR124DES.fixlen_101.positives.bed	rnaprot_gt_out/pos_neg_fasta_out/SRSF5_K562_ENCSR124DES.fixlen_101.negatives.bed	--max-len 200 --mode 1 --seq-ext 50 --seed 1	363	101	101	101	101	363	101	101	101	101
SRSF7_HepG2_ENCSR513NDD	rnaprot_gt_out/SRSF7_HepG2_ENCSR513NDD_fixlen_101_gt_out	rnaprot_gt_out/pos_neg_fasta_out/SRSF7_HepG2_ENCSR513NDD.fixlen_101.positives.bed	rnaprot_gt_out/pos_neg_fasta_out/SRSF7_HepG2_ENCSR513NDD.fixlen_101.negatives.bed	--max-len 200 --mode 1 --seq-ext 50 --seed 1	347	101	101	101	101	347	101	101	101	101
SRSF7_K562_ENCSR468FSW	rnaprot_gt_out/SRSF7_K562_ENCSR468FSW_fixlen_101_gt_out	rnaprot_gt_out/pos_neg_fasta_out/SRSF7_K562_ENCSR468FSW.fixlen_101.positives.bed	rnaprot_gt_out/pos_neg_fasta_out/SRSF7_K562_ENCSR468FSW.fixlen_101.negatives.bed	--max-len 200 --mode 1 --seq-ext 50 --seed 1	412	101	101	101	101.0	412	101	101	101	101.0
SRSF9_HepG2_ENCSR773KRC	rnaprot_gt_out/SRSF9_HepG2_ENCSR773KRC_fixlen_101_gt_out	rnaprot_gt_out/pos_neg_fasta_out/SRSF9_HepG2_ENCSR773KRC.fixlen_101.positives.bed	rnaprot_gt_out/pos_neg_fasta_out/SRSF9_HepG2_ENCSR773KRC.fixlen_101.negatives.bed	--max-len 200 --mode 1 --seq-ext 50 --seed 1	589	101	101	101	101	589	101	101	101	101
SRSF9_K562_ENCSR381VNR	rnaprot_gt_out/SRSF9_K562_ENCSR381VNR_fixlen_101_gt_out	rnaprot_gt_out/pos_neg_fasta_out/SRSF9_K562_ENCSR381VNR.fixlen_101.positives.bed	rnaprot_gt_out/pos_neg_fasta_out/SRSF9_K562_ENCSR381VNR.fixlen_101.negatives.bed	--max-len 200 --mode 1 --seq-ext 50 --seed 1	190	101	101	101	101.0	190	101	101	101	101.0
SSB_K562_ENCSR356MSW	rnaprot_gt_out/SSB_K562_ENCSR356MSW_fixlen_101_gt_out	rnaprot_gt_out/pos_neg_fasta_out/SSB_K562_ENCSR356MSW.fixlen_101.positives.bed	rnaprot_gt_out/pos_neg_fasta_out/SSB_K562_ENCSR356MSW.fixlen_101.negatives.bed	--max-len 200 --mode 1 --seq-ext 50 --seed 1	92	101	101	101	101.0	92	101	101	101	101.0
STAU2_HepG2_ENCSR979EWD	rnaprot_gt_out/STAU2_HepG2_ENCSR979EWD_fixlen_101_gt_out	rnaprot_gt_out/pos_neg_fasta_out/STAU2_HepG2_ENCSR979EWD.fixlen_101.positives.bed	rnaprot_gt_out/pos_neg_fasta_out/STAU2_HepG2_ENCSR979EWD.fixlen_101.negatives.bed	--max-len 200 --mode 1 --seq-ext 50 --seed 1	652	101	101	101	101.0	652	101	101	101	101.0
SUB1_HepG2_ENCSR406OOZ	rnaprot_gt_out/SUB1_HepG2_ENCSR406OOZ_fixlen_101_gt_out	rnaprot_gt_out/pos_neg_fasta_out/SUB1_HepG2_ENCSR406OOZ.fixlen_101.positives.bed	rnaprot_gt_out/pos_neg_fasta_out/SUB1_HepG2_ENCSR406OOZ.fixlen_101.negatives.bed	--max-len 200 --mode 1 --seq-ext 50 --seed 1	2418	101	101	101	101.0	2418	101	101	101	101.0
SUGP2_HepG2_ENCSR506UPY	rnaprot_gt_out/SUGP2_HepG2_ENCSR506UPY_fixlen_101_gt_out	rnaprot_gt_out/pos_neg_fasta_out/SUGP2_HepG2_ENCSR506UPY.fixlen_101.positives.bed	rnaprot_gt_out/pos_neg_fasta_out/SUGP2_HepG2_ENCSR506UPY.fixlen_101.negatives.bed	--max-len 200 --mode 1 --seq-ext 50 --seed 1	11971	101	101	101	101	11971	101	101	101	101
SUPV3L1_HepG2_ENCSR580MFX	rnaprot_gt_out/SUPV3L1_HepG2_ENCSR580MFX_fixlen_101_gt_out	rnaprot_gt_out/pos_neg_fasta_out/SUPV3L1_HepG2_ENCSR580MFX.fixlen_101.positives.bed	rnaprot_gt_out/pos_neg_fasta_out/SUPV3L1_HepG2_ENCSR580MFX.fixlen_101.negatives.bed	--max-len 200 --mode 1 --seq-ext 50 --seed 1	216	101	101	101	101.0	216	101	101	101	101.0
TAF15_HepG2_ENCSR841EQA	rnaprot_gt_out/TAF15_HepG2_ENCSR841EQA_fixlen_101_gt_out	rnaprot_gt_out/pos_neg_fasta_out/TAF15_HepG2_ENCSR841EQA.fixlen_101.positives.bed	rnaprot_gt_out/pos_neg_fasta_out/TAF15_HepG2_ENCSR841EQA.fixlen_101.negatives.bed	--max-len 200 --mode 1 --seq-ext 50 --seed 1	715	101	101	101	101	715	101	101	101	101
TAF15_K562_ENCSR568DZW	rnaprot_gt_out/TAF15_K562_ENCSR568DZW_fixlen_101_gt_out	rnaprot_gt_out/pos_neg_fasta_out/TAF15_K562_ENCSR568DZW.fixlen_101.positives.bed	rnaprot_gt_out/pos_neg_fasta_out/TAF15_K562_ENCSR568DZW.fixlen_101.negatives.bed	--max-len 200 --mode 1 --seq-ext 50 --seed 1	458	101	101	101	101.0	458	101	101	101	101.0
TARDBP_HepG2_ENCSR187VEQ	rnaprot_gt_out/TARDBP_HepG2_ENCSR187VEQ_fixlen_101_gt_out	rnaprot_gt_out/pos_neg_fasta_out/TARDBP_HepG2_ENCSR187VEQ.fixlen_101.positives.bed	rnaprot_gt_out/pos_neg_fasta_out/TARDBP_HepG2_ENCSR187VEQ.fixlen_101.negatives.bed	--max-len 200 --mode 1 --seq-ext 50 --seed 1	11334	101	101	101	101.0	11334	101	101	101	101.0
TARDBP_K562_ENCSR584TCR	rnaprot_gt_out/TARDBP_K562_ENCSR584TCR_fixlen_101_gt_out	rnaprot_gt_out/pos_neg_fasta_out/TARDBP_K562_ENCSR584TCR.fixlen_101.positives.bed	rnaprot_gt_out/pos_neg_fasta_out/TARDBP_K562_ENCSR584TCR.fixlen_101.negatives.bed	--max-len 200 --mode 1 --seq-ext 50 --seed 1	5674	101	101	101	101.0	5674	101	101	101	101.0
TARDBP_K562_ENCSR720BJU	rnaprot_gt_out/TARDBP_K562_ENCSR720BJU_fixlen_101_gt_out	rnaprot_gt_out/pos_neg_fasta_out/TARDBP_K562_ENCSR720BJU.fixlen_101.positives.bed	rnaprot_gt_out/pos_neg_fasta_out/TARDBP_K562_ENCSR720BJU.fixlen_101.negatives.bed	--max-len 200 --mode 1 --seq-ext 50 --seed 1	3648	101	101	101	101.0	3648	101	101	101	101.0
TBRG4_HepG2_ENCSR916SRV	rnaprot_gt_out/TBRG4_HepG2_ENCSR916SRV_fixlen_101_gt_out	rnaprot_gt_out/pos_neg_fasta_out/TBRG4_HepG2_ENCSR916SRV.fixlen_101.positives.bed	rnaprot_gt_out/pos_neg_fasta_out/TBRG4_HepG2_ENCSR916SRV.fixlen_101.negatives.bed	--max-len 200 --mode 1 --seq-ext 50 --seed 1	46	101	101	101	101.0	46	101	101	101	101.0
TBRG4_K562_ENCSR506OTC	rnaprot_gt_out/TBRG4_K562_ENCSR506OTC_fixlen_101_gt_out	rnaprot_gt_out/pos_neg_fasta_out/TBRG4_K562_ENCSR506OTC.fixlen_101.positives.bed	rnaprot_gt_out/pos_neg_fasta_out/TBRG4_K562_ENCSR506OTC.fixlen_101.negatives.bed	--max-len 200 --mode 1 --seq-ext 50 --seed 1	274	101	101	101	101.0	274	101	101	101	101.0
TIA1_HepG2_ENCSR623VEQ	rnaprot_gt_out/TIA1_HepG2_ENCSR623VEQ_fixlen_101_gt_out	rnaprot_gt_out/pos_neg_fasta_out/TIA1_HepG2_ENCSR623VEQ.fixlen_101.positives.bed	rnaprot_gt_out/pos_neg_fasta_out/TIA1_HepG2_ENCSR623VEQ.fixlen_101.negatives.bed	--max-len 200 --mode 1 --seq-ext 50 --seed 1	1376	101	101	101	101.0	1376	101	101	101	101.0
TIA1_K562_ENCSR057DWB	rnaprot_gt_out/TIA1_K562_ENCSR057DWB_fixlen_101_gt_out	rnaprot_gt_out/pos_neg_fasta_out/TIA1_K562_ENCSR057DWB.fixlen_101.positives.bed	rnaprot_gt_out/pos_neg_fasta_out/TIA1_K562_ENCSR057DWB.fixlen_101.negatives.bed	--max-len 200 --mode 1 --seq-ext 50 --seed 1	4988	101	101	101	101.0	4988	101	101	101	101.0
TIAL1_HepG2_ENCSR322HHA	rnaprot_gt_out/TIAL1_HepG2_ENCSR322HHA_fixlen_101_gt_out	rnaprot_gt_out/pos_neg_fasta_out/TIAL1_HepG2_ENCSR322HHA.fixlen_101.positives.bed	rnaprot_gt_out/pos_neg_fasta_out/TIAL1_HepG2_ENCSR322HHA.fixlen_101.negatives.bed	--max-len 200 --mode 1 --seq-ext 50 --seed 1	1965	101	101	101	101	1965	101	101	101	101
TIAL1_K562_ENCSR539DEW	rnaprot_gt_out/TIAL1_K562_ENCSR539DEW_fixlen_101_gt_out	rnaprot_gt_out/pos_neg_fasta_out/TIAL1_K562_ENCSR539DEW.fixlen_101.positives.bed	rnaprot_gt_out/pos_neg_fasta_out/TIAL1_K562_ENCSR539DEW.fixlen_101.negatives.bed	--max-len 200 --mode 1 --seq-ext 50 --seed 1	4453	101	101	101	101	4453	101	101	101	101
TRA2A_HepG2_ENCSR314UMJ	rnaprot_gt_out/TRA2A_HepG2_ENCSR314UMJ_fixlen_101_gt_out	rnaprot_gt_out/pos_neg_fasta_out/TRA2A_HepG2_ENCSR314UMJ.fixlen_101.positives.bed	rnaprot_gt_out/pos_neg_fasta_out/TRA2A_HepG2_ENCSR314UMJ.fixlen_101.negatives.bed	--max-len 200 --mode 1 --seq-ext 50 --seed 1	764	101	101	101	101.0	764	101	101	101	101.0
TRA2A_K562_ENCSR365NVO	rnaprot_gt_out/TRA2A_K562_ENCSR365NVO_fixlen_101_gt_out	rnaprot_gt_out/pos_neg_fasta_out/TRA2A_K562_ENCSR365NVO.fixlen_101.positives.bed	rnaprot_gt_out/pos_neg_fasta_out/TRA2A_K562_ENCSR365NVO.fixlen_101.negatives.bed	--max-len 200 --mode 1 --seq-ext 50 --seed 1	1171	101	101	101	101	1171	101	101	101	101
TROVE2_HepG2_ENCSR993FMY	rnaprot_gt_out/TROVE2_HepG2_ENCSR993FMY_fixlen_101_gt_out	rnaprot_gt_out/pos_neg_fasta_out/TROVE2_HepG2_ENCSR993FMY.fixlen_101.positives.bed	rnaprot_gt_out/pos_neg_fasta_out/TROVE2_HepG2_ENCSR993FMY.fixlen_101.negatives.bed	--max-len 200 --mode 1 --seq-ext 50 --seed 1	111	101	101	101	101	111	101	101	101	101
TROVE2_K562_ENCSR539ZTS	rnaprot_gt_out/TROVE2_K562_ENCSR539ZTS_fixlen_101_gt_out	rnaprot_gt_out/pos_neg_fasta_out/TROVE2_K562_ENCSR539ZTS.fixlen_101.positives.bed	rnaprot_gt_out/pos_neg_fasta_out/TROVE2_K562_ENCSR539ZTS.fixlen_101.negatives.bed	--max-len 200 --mode 1 --seq-ext 50 --seed 1	323	101	101	101	101	323	101	101	101	101
U2AF1_HepG2_ENCSR328LLU	rnaprot_gt_out/U2AF1_HepG2_ENCSR328LLU_fixlen_101_gt_out	rnaprot_gt_out/pos_neg_fasta_out/U2AF1_HepG2_ENCSR328LLU.fixlen_101.positives.bed	rnaprot_gt_out/pos_neg_fasta_out/U2AF1_HepG2_ENCSR328LLU.fixlen_101.negatives.bed	--max-len 200 --mode 1 --seq-ext 50 --seed 1	931	101	101	101	101	931	101	101	101	101
U2AF1_K562_ENCSR862QCH	rnaprot_gt_out/U2AF1_K562_ENCSR862QCH_fixlen_101_gt_out	rnaprot_gt_out/pos_neg_fasta_out/U2AF1_K562_ENCSR862QCH.fixlen_101.positives.bed	rnaprot_gt_out/pos_neg_fasta_out/U2AF1_K562_ENCSR862QCH.fixlen_101.negatives.bed	--max-len 200 --mode 1 --seq-ext 50 --seed 1	1129	101	101	101	101	1129	101	101	101	101
U2AF2_HepG2_ENCSR202BFN	rnaprot_gt_out/U2AF2_HepG2_ENCSR202BFN_fixlen_101_gt_out	rnaprot_gt_out/pos_neg_fasta_out/U2AF2_HepG2_ENCSR202BFN.fixlen_101.positives.bed	rnaprot_gt_out/pos_neg_fasta_out/U2AF2_HepG2_ENCSR202BFN.fixlen_101.negatives.bed	--max-len 200 --mode 1 --seq-ext 50 --seed 1	9985	101	101	101	101	9985	101	101	101	101
U2AF2_K562_ENCSR893RAV	rnaprot_gt_out/U2AF2_K562_ENCSR893RAV_fixlen_101_gt_out	rnaprot_gt_out/pos_neg_fasta_out/U2AF2_K562_ENCSR893RAV.fixlen_101.positives.bed	rnaprot_gt_out/pos_neg_fasta_out/U2AF2_K562_ENCSR893RAV.fixlen_101.negatives.bed	--max-len 200 --mode 1 --seq-ext 50 --seed 1	3163	101	101	101	101	3163	101	101	101	101
UCHL5_HepG2_ENCSR490IEE	rnaprot_gt_out/UCHL5_HepG2_ENCSR490IEE_fixlen_101_gt_out	rnaprot_gt_out/pos_neg_fasta_out/UCHL5_HepG2_ENCSR490IEE.fixlen_101.positives.bed	rnaprot_gt_out/pos_neg_fasta_out/UCHL5_HepG2_ENCSR490IEE.fixlen_101.negatives.bed	--max-len 200 --mode 1 --seq-ext 50 --seed 1	1899	101	101	101	101	1899	101	101	101	101
UCHL5_K562_ENCSR349KMG	rnaprot_gt_out/UCHL5_K562_ENCSR349KMG_fixlen_101_gt_out	rnaprot_gt_out/pos_neg_fasta_out/UCHL5_K562_ENCSR349KMG.fixlen_101.positives.bed	rnaprot_gt_out/pos_neg_fasta_out/UCHL5_K562_ENCSR349KMG.fixlen_101.negatives.bed	--max-len 200 --mode 1 --seq-ext 50 --seed 1	14165	101	101	101	101	14165	101	101	101	101
UPF1_HepG2_ENCSR539BEV	rnaprot_gt_out/UPF1_HepG2_ENCSR539BEV_fixlen_101_gt_out	rnaprot_gt_out/pos_neg_fasta_out/UPF1_HepG2_ENCSR539BEV.fixlen_101.positives.bed	rnaprot_gt_out/pos_neg_fasta_out/UPF1_HepG2_ENCSR539BEV.fixlen_101.negatives.bed	--max-len 200 --mode 1 --seq-ext 50 --seed 1	6858	101	101	101	101.0	6858	101	101	101	101.0
UPF1_K562_ENCSR456ASB	rnaprot_gt_out/UPF1_K562_ENCSR456ASB_fixlen_101_gt_out	rnaprot_gt_out/pos_neg_fasta_out/UPF1_K562_ENCSR456ASB.fixlen_101.positives.bed	rnaprot_gt_out/pos_neg_fasta_out/UPF1_K562_ENCSR456ASB.fixlen_101.negatives.bed	--max-len 200 --mode 1 --seq-ext 50 --seed 1	8551	101	101	101	101	8551	101	101	101	101
UTP18_K562_ENCSR964VOX	rnaprot_gt_out/UTP18_K562_ENCSR964VOX_fixlen_101_gt_out	rnaprot_gt_out/pos_neg_fasta_out/UTP18_K562_ENCSR964VOX.fixlen_101.positives.bed	rnaprot_gt_out/pos_neg_fasta_out/UTP18_K562_ENCSR964VOX.fixlen_101.negatives.bed	--max-len 200 --mode 1 --seq-ext 50 --seed 1	100	101	101	101	101.0	100	101	101	101	101.0
WDR43_HepG2_ENCSR085JPB	rnaprot_gt_out/WDR43_HepG2_ENCSR085JPB_fixlen_101_gt_out	rnaprot_gt_out/pos_neg_fasta_out/WDR43_HepG2_ENCSR085JPB.fixlen_101.positives.bed	rnaprot_gt_out/pos_neg_fasta_out/WDR43_HepG2_ENCSR085JPB.fixlen_101.negatives.bed	--max-len 200 --mode 1 --seq-ext 50 --seed 1	171	101	101	101	101	171	101	101	101	101
WDR43_K562_ENCSR349CMI	rnaprot_gt_out/WDR43_K562_ENCSR349CMI_fixlen_101_gt_out	rnaprot_gt_out/pos_neg_fasta_out/WDR43_K562_ENCSR349CMI.fixlen_101.positives.bed	rnaprot_gt_out/pos_neg_fasta_out/WDR43_K562_ENCSR349CMI.fixlen_101.negatives.bed	--max-len 200 --mode 1 --seq-ext 50 --seed 1	112	101	101	101	101.0	112	101	101	101	101.0
WRN_K562_ENCSR038JME	rnaprot_gt_out/WRN_K562_ENCSR038JME_fixlen_101_gt_out	rnaprot_gt_out/pos_neg_fasta_out/WRN_K562_ENCSR038JME.fixlen_101.positives.bed	rnaprot_gt_out/pos_neg_fasta_out/WRN_K562_ENCSR038JME.fixlen_101.negatives.bed	--max-len 200 --mode 1 --seq-ext 50 --seed 1	85	101	101	101	101	85	101	101	101	101
XPO5_HepG2_ENCSR921SXC	rnaprot_gt_out/XPO5_HepG2_ENCSR921SXC_fixlen_101_gt_out	rnaprot_gt_out/pos_neg_fasta_out/XPO5_HepG2_ENCSR921SXC.fixlen_101.positives.bed	rnaprot_gt_out/pos_neg_fasta_out/XPO5_HepG2_ENCSR921SXC.fixlen_101.negatives.bed	--max-len 200 --mode 1 --seq-ext 50 --seed 1	3605	101	101	101	101	3605	101	101	101	101
XRCC6_K562_ENCSR258QKO	rnaprot_gt_out/XRCC6_K562_ENCSR258QKO_fixlen_101_gt_out	rnaprot_gt_out/pos_neg_fasta_out/XRCC6_K562_ENCSR258QKO.fixlen_101.positives.bed	rnaprot_gt_out/pos_neg_fasta_out/XRCC6_K562_ENCSR258QKO.fixlen_101.negatives.bed	--max-len 200 --mode 1 --seq-ext 50 --seed 1	783	101	101	101	101	783	101	101	101	101
XRN2_HepG2_ENCSR655NZA	rnaprot_gt_out/XRN2_HepG2_ENCSR655NZA_fixlen_101_gt_out	rnaprot_gt_out/pos_neg_fasta_out/XRN2_HepG2_ENCSR655NZA.fixlen_101.positives.bed	rnaprot_gt_out/pos_neg_fasta_out/XRN2_HepG2_ENCSR655NZA.fixlen_101.negatives.bed	--max-len 200 --mode 1 --seq-ext 50 --seed 1	1392	101	101	101	101.0	1392	101	101	101	101.0
XRN2_K562_ENCSR657TZB	rnaprot_gt_out/XRN2_K562_ENCSR657TZB_fixlen_101_gt_out	rnaprot_gt_out/pos_neg_fasta_out/XRN2_K562_ENCSR657TZB.fixlen_101.positives.bed	rnaprot_gt_out/pos_neg_fasta_out/XRN2_K562_ENCSR657TZB.fixlen_101.negatives.bed	--max-len 200 --mode 1 --seq-ext 50 --seed 1	1270	101	101	101	101.0	1270	101	101	101	101.0
YBX3_HepG2_ENCSR735HOK	rnaprot_gt_out/YBX3_HepG2_ENCSR735HOK_fixlen_101_gt_out	rnaprot_gt_out/pos_neg_fasta_out/YBX3_HepG2_ENCSR735HOK.fixlen_101.positives.bed	rnaprot_gt_out/pos_neg_fasta_out/YBX3_HepG2_ENCSR735HOK.fixlen_101.negatives.bed	--max-len 200 --mode 1 --seq-ext 50 --seed 1	1064	101	101	101	101.0	1064	101	101	101	101.0
YBX3_K562_ENCSR529FKI	rnaprot_gt_out/YBX3_K562_ENCSR529FKI_fixlen_101_gt_out	rnaprot_gt_out/pos_neg_fasta_out/YBX3_K562_ENCSR529FKI.fixlen_101.positives.bed	rnaprot_gt_out/pos_neg_fasta_out/YBX3_K562_ENCSR529FKI.fixlen_101.negatives.bed	--max-len 200 --mode 1 --seq-ext 50 --seed 1	10392	101	101	101	101.0	10392	101	101	101	101.0
YWHAG_K562_ENCSR867ZVK	rnaprot_gt_out/YWHAG_K562_ENCSR867ZVK_fixlen_101_gt_out	rnaprot_gt_out/pos_neg_fasta_out/YWHAG_K562_ENCSR867ZVK.fixlen_101.positives.bed	rnaprot_gt_out/pos_neg_fasta_out/YWHAG_K562_ENCSR867ZVK.fixlen_101.negatives.bed	--max-len 200 --mode 1 --seq-ext 50 --seed 1	704	101	101	101	101.0	704	101	101	101	101.0
ZC3H11A_HepG2_ENCSR907GUB	rnaprot_gt_out/ZC3H11A_HepG2_ENCSR907GUB_fixlen_101_gt_out	rnaprot_gt_out/pos_neg_fasta_out/ZC3H11A_HepG2_ENCSR907GUB.fixlen_101.positives.bed	rnaprot_gt_out/pos_neg_fasta_out/ZC3H11A_HepG2_ENCSR907GUB.fixlen_101.negatives.bed	--max-len 200 --mode 1 --seq-ext 50 --seed 1	962	101	101	101	101.0	962	101	101	101	101.0
ZC3H11A_K562_ENCSR712IAG	rnaprot_gt_out/ZC3H11A_K562_ENCSR712IAG_fixlen_101_gt_out	rnaprot_gt_out/pos_neg_fasta_out/ZC3H11A_K562_ENCSR712IAG.fixlen_101.positives.bed	rnaprot_gt_out/pos_neg_fasta_out/ZC3H11A_K562_ENCSR712IAG.fixlen_101.negatives.bed	--max-len 200 --mode 1 --seq-ext 50 --seed 1	989	101	101	101	101	989	101	101	101	101
ZC3H8_K562_ENCSR181NRW	rnaprot_gt_out/ZC3H8_K562_ENCSR181NRW_fixlen_101_gt_out	rnaprot_gt_out/pos_neg_fasta_out/ZC3H8_K562_ENCSR181NRW.fixlen_101.positives.bed	rnaprot_gt_out/pos_neg_fasta_out/ZC3H8_K562_ENCSR181NRW.fixlen_101.negatives.bed	--max-len 200 --mode 1 --seq-ext 50 --seed 1	135	101	101	101	101	135	101	101	101	101
ZNF622_K562_ENCSR657TZZ	rnaprot_gt_out/ZNF622_K562_ENCSR657TZZ_fixlen_101_gt_out	rnaprot_gt_out/pos_neg_fasta_out/ZNF622_K562_ENCSR657TZZ.fixlen_101.positives.bed	rnaprot_gt_out/pos_neg_fasta_out/ZNF622_K562_ENCSR657TZZ.fixlen_101.negatives.bed	--max-len 200 --mode 1 --seq-ext 50 --seed 1	11739	101	101	101	101	11739	101	101	101	101
ZNF800_HepG2_ENCSR685AUR	rnaprot_gt_out/ZNF800_HepG2_ENCSR685AUR_fixlen_101_gt_out	rnaprot_gt_out/pos_neg_fasta_out/ZNF800_HepG2_ENCSR685AUR.fixlen_101.positives.bed	rnaprot_gt_out/pos_neg_fasta_out/ZNF800_HepG2_ENCSR685AUR.fixlen_101.negatives.bed	--max-len 200 --mode 1 --seq-ext 50 --seed 1	2264	101	101	101	101.0	2264	101	101	101	101.0
ZNF800_K562_ENCSR586DGV	rnaprot_gt_out/ZNF800_K562_ENCSR586DGV_fixlen_101_gt_out	rnaprot_gt_out/pos_neg_fasta_out/ZNF800_K562_ENCSR586DGV.fixlen_101.positives.bed	rnaprot_gt_out/pos_neg_fasta_out/ZNF800_K562_ENCSR586DGV.fixlen_101.negatives.bed	--max-len 200 --mode 1 --seq-ext 50 --seed 1	2021	101	101	101	101	2021	101	101	101	101
ZRANB2_K562_ENCSR663NRA	rnaprot_gt_out/ZRANB2_K562_ENCSR663NRA_fixlen_101_gt_out	rnaprot_gt_out/pos_neg_fasta_out/ZRANB2_K562_ENCSR663NRA.fixlen_101.positives.bed	rnaprot_gt_out/pos_neg_fasta_out/ZRANB2_K562_ENCSR663NRA.fixlen_101.negatives.bed	--max-len 200 --mode 1 --seq-ext 50 --seed 1	207	101	101	101	101	207	101	101	101	101
AATF_K562_ENCSR819XBT	rnaprot_gt_out/AATF_K562_ENCSR819XBT_fixlen_151_gt_out	rnaprot_gt_out/pos_neg_fasta_out/AATF_K562_ENCSR819XBT.fixlen_151.positives.bed	rnaprot_gt_out/pos_neg_fasta_out/AATF_K562_ENCSR819XBT.fixlen_151.negatives.bed	--max-len 200 --mode 1 --seq-ext 75 --seed 1	654	151	151	151	151.0	654	151	151	151	151.0
ADAR_K562_ENCSR202LKI	rnaprot_gt_out/ADAR_K562_ENCSR202LKI_fixlen_151_gt_out	rnaprot_gt_out/pos_neg_fasta_out/ADAR_K562_ENCSR202LKI.fixlen_151.positives.bed	rnaprot_gt_out/pos_neg_fasta_out/ADAR_K562_ENCSR202LKI.fixlen_151.negatives.bed	--max-len 200 --mode 1 --seq-ext 75 --seed 1	727	151	151	151	151	727	151	151	151	151
ADAT1_K562_ENCSR750YOM	rnaprot_gt_out/ADAT1_K562_ENCSR750YOM_fixlen_151_gt_out	rnaprot_gt_out/pos_neg_fasta_out/ADAT1_K562_ENCSR750YOM.fixlen_151.positives.bed	rnaprot_gt_out/pos_neg_fasta_out/ADAT1_K562_ENCSR750YOM.fixlen_151.negatives.bed	--max-len 200 --mode 1 --seq-ext 75 --seed 1	630	151	151	151	151.0	630	151	151	151	151.0
AGGF1_HepG2_ENCSR543TPH	rnaprot_gt_out/AGGF1_HepG2_ENCSR543TPH_fixlen_151_gt_out	rnaprot_gt_out/pos_neg_fasta_out/AGGF1_HepG2_ENCSR543TPH.fixlen_151.positives.bed	rnaprot_gt_out/pos_neg_fasta_out/AGGF1_HepG2_ENCSR543TPH.fixlen_151.negatives.bed	--max-len 200 --mode 1 --seq-ext 75 --seed 1	1490	151	151	151	151.0	1490	151	151	151	151.0
AGGF1_K562_ENCSR725ARB	rnaprot_gt_out/AGGF1_K562_ENCSR725ARB_fixlen_151_gt_out	rnaprot_gt_out/pos_neg_fasta_out/AGGF1_K562_ENCSR725ARB.fixlen_151.positives.bed	rnaprot_gt_out/pos_neg_fasta_out/AGGF1_K562_ENCSR725ARB.fixlen_151.negatives.bed	--max-len 200 --mode 1 --seq-ext 75 --seed 1	2924	151	151	151	151.0	2924	151	151	151	151.0
AGO2_K562_ENCSR048YXG	rnaprot_gt_out/AGO2_K562_ENCSR048YXG_fixlen_151_gt_out	rnaprot_gt_out/pos_neg_fasta_out/AGO2_K562_ENCSR048YXG.fixlen_151.positives.bed	rnaprot_gt_out/pos_neg_fasta_out/AGO2_K562_ENCSR048YXG.fixlen_151.negatives.bed	--max-len 200 --mode 1 --seq-ext 75 --seed 1	7822	151	151	151	151.0	7822	151	151	151	151.0
AKAP1_HepG2_ENCSR356ZMO	rnaprot_gt_out/AKAP1_HepG2_ENCSR356ZMO_fixlen_151_gt_out	rnaprot_gt_out/pos_neg_fasta_out/AKAP1_HepG2_ENCSR356ZMO.fixlen_151.positives.bed	rnaprot_gt_out/pos_neg_fasta_out/AKAP1_HepG2_ENCSR356ZMO.fixlen_151.negatives.bed	--max-len 200 --mode 1 --seq-ext 75 --seed 1	2850	151	151	151	151.0	2850	151	151	151	151.0
AKAP1_K562_ENCSR177QQY	rnaprot_gt_out/AKAP1_K562_ENCSR177QQY_fixlen_151_gt_out	rnaprot_gt_out/pos_neg_fasta_out/AKAP1_K562_ENCSR177QQY.fixlen_151.positives.bed	rnaprot_gt_out/pos_neg_fasta_out/AKAP1_K562_ENCSR177QQY.fixlen_151.negatives.bed	--max-len 200 --mode 1 --seq-ext 75 --seed 1	1071	151	151	151	151	1071	151	151	151	151
AKAP8L_K562_ENCSR206RXT	rnaprot_gt_out/AKAP8L_K562_ENCSR206RXT_fixlen_151_gt_out	rnaprot_gt_out/pos_neg_fasta_out/AKAP8L_K562_ENCSR206RXT.fixlen_151.positives.bed	rnaprot_gt_out/pos_neg_fasta_out/AKAP8L_K562_ENCSR206RXT.fixlen_151.negatives.bed	--max-len 200 --mode 1 --seq-ext 75 --seed 1	1725	151	151	151	151	1725	151	151	151	151
APEX1_HepG2_ENCSR554GSW	rnaprot_gt_out/APEX1_HepG2_ENCSR554GSW_fixlen_151_gt_out	rnaprot_gt_out/pos_neg_fasta_out/APEX1_HepG2_ENCSR554GSW.fixlen_151.positives.bed	rnaprot_gt_out/pos_neg_fasta_out/APEX1_HepG2_ENCSR554GSW.fixlen_151.negatives.bed	--max-len 200 --mode 1 --seq-ext 75 --seed 1	336	151	151	151	151.0	336	151	151	151	151.0
APEX1_K562_ENCSR256NCI	rnaprot_gt_out/APEX1_K562_ENCSR256NCI_fixlen_151_gt_out	rnaprot_gt_out/pos_neg_fasta_out/APEX1_K562_ENCSR256NCI.fixlen_151.positives.bed	rnaprot_gt_out/pos_neg_fasta_out/APEX1_K562_ENCSR256NCI.fixlen_151.negatives.bed	--max-len 200 --mode 1 --seq-ext 75 --seed 1	100	151	151	151	151.0	100	151	151	151	151.0
APOBEC3C_K562_ENCSR739VVT	rnaprot_gt_out/APOBEC3C_K562_ENCSR739VVT_fixlen_151_gt_out	rnaprot_gt_out/pos_neg_fasta_out/APOBEC3C_K562_ENCSR739VVT.fixlen_151.positives.bed	rnaprot_gt_out/pos_neg_fasta_out/APOBEC3C_K562_ENCSR739VVT.fixlen_151.negatives.bed	--max-len 200 --mode 1 --seq-ext 75 --seed 1	821	151	151	151	151	821	151	151	151	151
AQR_HepG2_ENCSR018WPY	rnaprot_gt_out/AQR_HepG2_ENCSR018WPY_fixlen_151_gt_out	rnaprot_gt_out/pos_neg_fasta_out/AQR_HepG2_ENCSR018WPY.fixlen_151.positives.bed	rnaprot_gt_out/pos_neg_fasta_out/AQR_HepG2_ENCSR018WPY.fixlen_151.negatives.bed	--max-len 200 --mode 1 --seq-ext 75 --seed 1	8572	151	151	151	151.0	8572	151	151	151	151.0
AQR_K562_ENCSR606BPV	rnaprot_gt_out/AQR_K562_ENCSR606BPV_fixlen_151_gt_out	rnaprot_gt_out/pos_neg_fasta_out/AQR_K562_ENCSR606BPV.fixlen_151.positives.bed	rnaprot_gt_out/pos_neg_fasta_out/AQR_K562_ENCSR606BPV.fixlen_151.negatives.bed	--max-len 200 --mode 1 --seq-ext 75 --seed 1	16380	151	151	151	151.0	16380	151	151	151	151.0
BCCIP_HepG2_ENCSR485QCG	rnaprot_gt_out/BCCIP_HepG2_ENCSR485QCG_fixlen_151_gt_out	rnaprot_gt_out/pos_neg_fasta_out/BCCIP_HepG2_ENCSR485QCG.fixlen_151.positives.bed	rnaprot_gt_out/pos_neg_fasta_out/BCCIP_HepG2_ENCSR485QCG.fixlen_151.negatives.bed	--max-len 200 --mode 1 --seq-ext 75 --seed 1	376	151	151	151	151.0	376	151	151	151	151.0
BCLAF1_HepG2_ENCSR876EYA	rnaprot_gt_out/BCLAF1_HepG2_ENCSR876EYA_fixlen_151_gt_out	rnaprot_gt_out/pos_neg_fasta_out/BCLAF1_HepG2_ENCSR876EYA.fixlen_151.positives.bed	rnaprot_gt_out/pos_neg_fasta_out/BCLAF1_HepG2_ENCSR876EYA.fixlen_151.negatives.bed	--max-len 200 --mode 1 --seq-ext 75 --seed 1	21996	151	151	151	151.0	21996	151	151	151	151.0
BUD13_HepG2_ENCSR830BSQ	rnaprot_gt_out/BUD13_HepG2_ENCSR830BSQ_fixlen_151_gt_out	rnaprot_gt_out/pos_neg_fasta_out/BUD13_HepG2_ENCSR830BSQ.fixlen_151.positives.bed	rnaprot_gt_out/pos_neg_fasta_out/BUD13_HepG2_ENCSR830BSQ.fixlen_151.negatives.bed	--max-len 200 --mode 1 --seq-ext 75 --seed 1	3786	151	151	151	151.0	3786	151	151	151	151.0
BUD13_K562_ENCSR663WES	rnaprot_gt_out/BUD13_K562_ENCSR663WES_fixlen_151_gt_out	rnaprot_gt_out/pos_neg_fasta_out/BUD13_K562_ENCSR663WES.fixlen_151.positives.bed	rnaprot_gt_out/pos_neg_fasta_out/BUD13_K562_ENCSR663WES.fixlen_151.negatives.bed	--max-len 200 --mode 1 --seq-ext 75 --seed 1	7808	151	151	151	151.0	7808	151	151	151	151.0
CACTIN_HepG2_ENCSR150QBS	rnaprot_gt_out/CACTIN_HepG2_ENCSR150QBS_fixlen_151_gt_out	rnaprot_gt_out/pos_neg_fasta_out/CACTIN_HepG2_ENCSR150QBS.fixlen_151.positives.bed	rnaprot_gt_out/pos_neg_fasta_out/CACTIN_HepG2_ENCSR150QBS.fixlen_151.negatives.bed	--max-len 200 --mode 1 --seq-ext 75 --seed 1	285	151	151	151	151	285	151	151	151	151
CACTIN_K562_ENCSR145KZO	rnaprot_gt_out/CACTIN_K562_ENCSR145KZO_fixlen_151_gt_out	rnaprot_gt_out/pos_neg_fasta_out/CACTIN_K562_ENCSR145KZO.fixlen_151.positives.bed	rnaprot_gt_out/pos_neg_fasta_out/CACTIN_K562_ENCSR145KZO.fixlen_151.negatives.bed	--max-len 200 --mode 1 --seq-ext 75 --seed 1	273	151	151	151	151	273	151	151	151	151
CDC40_HepG2_ENCSR815VVI	rnaprot_gt_out/CDC40_HepG2_ENCSR815VVI_fixlen_151_gt_out	rnaprot_gt_out/pos_neg_fasta_out/CDC40_HepG2_ENCSR815VVI.fixlen_151.positives.bed	rnaprot_gt_out/pos_neg_fasta_out/CDC40_HepG2_ENCSR815VVI.fixlen_151.negatives.bed	--max-len 200 --mode 1 --seq-ext 75 --seed 1	917	151	151	151	151	917	151	151	151	151
CPEB4_K562_ENCSR046JHH	rnaprot_gt_out/CPEB4_K562_ENCSR046JHH_fixlen_151_gt_out	rnaprot_gt_out/pos_neg_fasta_out/CPEB4_K562_ENCSR046JHH.fixlen_151.positives.bed	rnaprot_gt_out/pos_neg_fasta_out/CPEB4_K562_ENCSR046JHH.fixlen_151.negatives.bed	--max-len 200 --mode 1 --seq-ext 75 --seed 1	137	151	151	151	151	137	151	151	151	151
CPSF6_K562_ENCSR532VUB	rnaprot_gt_out/CPSF6_K562_ENCSR532VUB_fixlen_151_gt_out	rnaprot_gt_out/pos_neg_fasta_out/CPSF6_K562_ENCSR532VUB.fixlen_151.positives.bed	rnaprot_gt_out/pos_neg_fasta_out/CPSF6_K562_ENCSR532VUB.fixlen_151.negatives.bed	--max-len 200 --mode 1 --seq-ext 75 --seed 1	616	151	151	151	151.0	616	151	151	151	151.0
CSTF2T_HepG2_ENCSR919HSE	rnaprot_gt_out/CSTF2T_HepG2_ENCSR919HSE_fixlen_151_gt_out	rnaprot_gt_out/pos_neg_fasta_out/CSTF2T_HepG2_ENCSR919HSE.fixlen_151.positives.bed	rnaprot_gt_out/pos_neg_fasta_out/CSTF2T_HepG2_ENCSR919HSE.fixlen_151.negatives.bed	--max-len 200 --mode 1 --seq-ext 75 --seed 1	12551	151	151	151	151	12551	151	151	151	151
CSTF2T_K562_ENCSR840DRD	rnaprot_gt_out/CSTF2T_K562_ENCSR840DRD_fixlen_151_gt_out	rnaprot_gt_out/pos_neg_fasta_out/CSTF2T_K562_ENCSR840DRD.fixlen_151.positives.bed	rnaprot_gt_out/pos_neg_fasta_out/CSTF2T_K562_ENCSR840DRD.fixlen_151.negatives.bed	--max-len 200 --mode 1 --seq-ext 75 --seed 1	7924	151	151	151	151.0	7924	151	151	151	151.0
CSTF2_HepG2_ENCSR384MWO	rnaprot_gt_out/CSTF2_HepG2_ENCSR384MWO_fixlen_151_gt_out	rnaprot_gt_out/pos_neg_fasta_out/CSTF2_HepG2_ENCSR384MWO.fixlen_151.positives.bed	rnaprot_gt_out/pos_neg_fasta_out/CSTF2_HepG2_ENCSR384MWO.fixlen_151.negatives.bed	--max-len 200 --mode 1 --seq-ext 75 --seed 1	2327	151	151	151	151	2327	151	151	151	151
DDX1_K562_ENCSR293FWY	rnaprot_gt_out/DDX1_K562_ENCSR293FWY_fixlen_151_gt_out	rnaprot_gt_out/pos_neg_fasta_out/DDX1_K562_ENCSR293FWY.fixlen_151.positives.bed	rnaprot_gt_out/pos_neg_fasta_out/DDX1_K562_ENCSR293FWY.fixlen_151.negatives.bed	--max-len 200 --mode 1 --seq-ext 75 --seed 1	2723	151	151	151	151	2723	151	151	151	151
DDX24_K562_ENCSR999WKT	rnaprot_gt_out/DDX24_K562_ENCSR999WKT_fixlen_151_gt_out	rnaprot_gt_out/pos_neg_fasta_out/DDX24_K562_ENCSR999WKT.fixlen_151.positives.bed	rnaprot_gt_out/pos_neg_fasta_out/DDX24_K562_ENCSR999WKT.fixlen_151.negatives.bed	--max-len 200 --mode 1 --seq-ext 75 --seed 1	7602	151	151	151	151.0	7602	151	151	151	151.0
DDX3X_HepG2_ENCSR648LAH	rnaprot_gt_out/DDX3X_HepG2_ENCSR648LAH_fixlen_151_gt_out	rnaprot_gt_out/pos_neg_fasta_out/DDX3X_HepG2_ENCSR648LAH.fixlen_151.positives.bed	rnaprot_gt_out/pos_neg_fasta_out/DDX3X_HepG2_ENCSR648LAH.fixlen_151.negatives.bed	--max-len 200 --mode 1 --seq-ext 75 --seed 1	4604	151	151	151	151.0	4604	151	151	151	151.0
DDX3X_K562_ENCSR930BZL	rnaprot_gt_out/DDX3X_K562_ENCSR930BZL_fixlen_151_gt_out	rnaprot_gt_out/pos_neg_fasta_out/DDX3X_K562_ENCSR930BZL.fixlen_151.positives.bed	rnaprot_gt_out/pos_neg_fasta_out/DDX3X_K562_ENCSR930BZL.fixlen_151.negatives.bed	--max-len 200 --mode 1 --seq-ext 75 --seed 1	4570	151	151	151	151.0	4570	151	151	151	151.0
DDX42_K562_ENCSR576SHT	rnaprot_gt_out/DDX42_K562_ENCSR576SHT_fixlen_151_gt_out	rnaprot_gt_out/pos_neg_fasta_out/DDX42_K562_ENCSR576SHT.fixlen_151.positives.bed	rnaprot_gt_out/pos_neg_fasta_out/DDX42_K562_ENCSR576SHT.fixlen_151.negatives.bed	--max-len 200 --mode 1 --seq-ext 75 --seed 1	96	151	151	151	151.0	96	151	151	151	151.0
DDX43_K562_ENCSR008MQM	rnaprot_gt_out/DDX43_K562_ENCSR008MQM_fixlen_151_gt_out	rnaprot_gt_out/pos_neg_fasta_out/DDX43_K562_ENCSR008MQM.fixlen_151.positives.bed	rnaprot_gt_out/pos_neg_fasta_out/DDX43_K562_ENCSR008MQM.fixlen_151.negatives.bed	--max-len 200 --mode 1 --seq-ext 75 --seed 1	7482	151	151	151	151.0	7482	151	151	151	151.0
DDX47_K562_ENCSR631HUN	rnaprot_gt_out/DDX47_K562_ENCSR631HUN_fixlen_151_gt_out	rnaprot_gt_out/pos_neg_fasta_out/DDX47_K562_ENCSR631HUN.fixlen_151.positives.bed	rnaprot_gt_out/pos_neg_fasta_out/DDX47_K562_ENCSR631HUN.fixlen_151.negatives.bed	--max-len 200 --mode 1 --seq-ext 75 --seed 1	175	151	151	151	151	175	151	151	151	151
DDX51_K562_ENCSR145NLR	rnaprot_gt_out/DDX51_K562_ENCSR145NLR_fixlen_151_gt_out	rnaprot_gt_out/pos_neg_fasta_out/DDX51_K562_ENCSR145NLR.fixlen_151.positives.bed	rnaprot_gt_out/pos_neg_fasta_out/DDX51_K562_ENCSR145NLR.fixlen_151.negatives.bed	--max-len 200 --mode 1 --seq-ext 75 --seed 1	336	151	151	151	151.0	336	151	151	151	151.0
DDX52_HepG2_ENCSR970FEW	rnaprot_gt_out/DDX52_HepG2_ENCSR970FEW_fixlen_151_gt_out	rnaprot_gt_out/pos_neg_fasta_out/DDX52_HepG2_ENCSR970FEW.fixlen_151.positives.bed	rnaprot_gt_out/pos_neg_fasta_out/DDX52_HepG2_ENCSR970FEW.fixlen_151.negatives.bed	--max-len 200 --mode 1 --seq-ext 75 --seed 1	121	151	151	151	151	121	151	151	151	151
DDX52_K562_ENCSR154CSN	rnaprot_gt_out/DDX52_K562_ENCSR154CSN_fixlen_151_gt_out	rnaprot_gt_out/pos_neg_fasta_out/DDX52_K562_ENCSR154CSN.fixlen_151.positives.bed	rnaprot_gt_out/pos_neg_fasta_out/DDX52_K562_ENCSR154CSN.fixlen_151.negatives.bed	--max-len 200 --mode 1 --seq-ext 75 --seed 1	1037	151	151	151	151	1037	151	151	151	151
DDX55_HepG2_ENCSR845VGB	rnaprot_gt_out/DDX55_HepG2_ENCSR845VGB_fixlen_151_gt_out	rnaprot_gt_out/pos_neg_fasta_out/DDX55_HepG2_ENCSR845VGB.fixlen_151.positives.bed	rnaprot_gt_out/pos_neg_fasta_out/DDX55_HepG2_ENCSR845VGB.fixlen_151.negatives.bed	--max-len 200 --mode 1 --seq-ext 75 --seed 1	1186	151	151	151	151.0	1186	151	151	151	151.0
DDX55_K562_ENCSR923NKN	rnaprot_gt_out/DDX55_K562_ENCSR923NKN_fixlen_151_gt_out	rnaprot_gt_out/pos_neg_fasta_out/DDX55_K562_ENCSR923NKN.fixlen_151.positives.bed	rnaprot_gt_out/pos_neg_fasta_out/DDX55_K562_ENCSR923NKN.fixlen_151.negatives.bed	--max-len 200 --mode 1 --seq-ext 75 --seed 1	859	151	151	151	151	859	151	151	151	151
DDX59_HepG2_ENCSR214BZA	rnaprot_gt_out/DDX59_HepG2_ENCSR214BZA_fixlen_151_gt_out	rnaprot_gt_out/pos_neg_fasta_out/DDX59_HepG2_ENCSR214BZA.fixlen_151.positives.bed	rnaprot_gt_out/pos_neg_fasta_out/DDX59_HepG2_ENCSR214BZA.fixlen_151.negatives.bed	--max-len 200 --mode 1 --seq-ext 75 --seed 1	2080	151	151	151	151.0	2080	151	151	151	151.0
DDX6_HepG2_ENCSR141OIM	rnaprot_gt_out/DDX6_HepG2_ENCSR141OIM_fixlen_151_gt_out	rnaprot_gt_out/pos_neg_fasta_out/DDX6_HepG2_ENCSR141OIM.fixlen_151.positives.bed	rnaprot_gt_out/pos_neg_fasta_out/DDX6_HepG2_ENCSR141OIM.fixlen_151.negatives.bed	--max-len 200 --mode 1 --seq-ext 75 --seed 1	325	151	151	151	151	325	151	151	151	151
DDX6_K562_ENCSR893EFU	rnaprot_gt_out/DDX6_K562_ENCSR893EFU_fixlen_151_gt_out	rnaprot_gt_out/pos_neg_fasta_out/DDX6_K562_ENCSR893EFU.fixlen_151.positives.bed	rnaprot_gt_out/pos_neg_fasta_out/DDX6_K562_ENCSR893EFU.fixlen_151.negatives.bed	--max-len 200 --mode 1 --seq-ext 75 --seed 1	1512	151	151	151	151.0	1512	151	151	151	151.0
DEK_HepG2_ENCSR332LFL	rnaprot_gt_out/DEK_HepG2_ENCSR332LFL_fixlen_151_gt_out	rnaprot_gt_out/pos_neg_fasta_out/DEK_HepG2_ENCSR332LFL.fixlen_151.positives.bed	rnaprot_gt_out/pos_neg_fasta_out/DEK_HepG2_ENCSR332LFL.fixlen_151.negatives.bed	--max-len 200 --mode 1 --seq-ext 75 --seed 1	234	151	151	151	151.0	234	151	151	151	151.0
DEK_K562_ENCSR691HQP	rnaprot_gt_out/DEK_K562_ENCSR691HQP_fixlen_151_gt_out	rnaprot_gt_out/pos_neg_fasta_out/DEK_K562_ENCSR691HQP.fixlen_151.positives.bed	rnaprot_gt_out/pos_neg_fasta_out/DEK_K562_ENCSR691HQP.fixlen_151.negatives.bed	--max-len 200 --mode 1 --seq-ext 75 --seed 1	89	151	151	151	151	89	151	151	151	151
DGCR8_HepG2_ENCSR061SZV	rnaprot_gt_out/DGCR8_HepG2_ENCSR061SZV_fixlen_151_gt_out	rnaprot_gt_out/pos_neg_fasta_out/DGCR8_HepG2_ENCSR061SZV.fixlen_151.positives.bed	rnaprot_gt_out/pos_neg_fasta_out/DGCR8_HepG2_ENCSR061SZV.fixlen_151.negatives.bed	--max-len 200 --mode 1 --seq-ext 75 --seed 1	884	151	151	151	151.0	884	151	151	151	151.0
DGCR8_K562_ENCSR947JVR	rnaprot_gt_out/DGCR8_K562_ENCSR947JVR_fixlen_151_gt_out	rnaprot_gt_out/pos_neg_fasta_out/DGCR8_K562_ENCSR947JVR.fixlen_151.positives.bed	rnaprot_gt_out/pos_neg_fasta_out/DGCR8_K562_ENCSR947JVR.fixlen_151.negatives.bed	--max-len 200 --mode 1 --seq-ext 75 --seed 1	637	151	151	151	151	637	151	151	151	151
DGCR8_adrenal-gland_ENCSR634MFO	rnaprot_gt_out/DGCR8_adrenal-gland_ENCSR634MFO_fixlen_151_gt_out	rnaprot_gt_out/pos_neg_fasta_out/DGCR8_adrenal-gland_ENCSR634MFO.fixlen_151.positives.bed	rnaprot_gt_out/pos_neg_fasta_out/DGCR8_adrenal-gland_ENCSR634MFO.fixlen_151.negatives.bed	--max-len 200 --mode 1 --seq-ext 75 --seed 1	185	151	151	151	151	185	151	151	151	151
DHX30_HepG2_ENCSR565DGW	rnaprot_gt_out/DHX30_HepG2_ENCSR565DGW_fixlen_151_gt_out	rnaprot_gt_out/pos_neg_fasta_out/DHX30_HepG2_ENCSR565DGW.fixlen_151.positives.bed	rnaprot_gt_out/pos_neg_fasta_out/DHX30_HepG2_ENCSR565DGW.fixlen_151.negatives.bed	--max-len 200 --mode 1 --seq-ext 75 --seed 1	87	151	151	151	151	87	151	151	151	151
DHX30_K562_ENCSR529GSJ	rnaprot_gt_out/DHX30_K562_ENCSR529GSJ_fixlen_151_gt_out	rnaprot_gt_out/pos_neg_fasta_out/DHX30_K562_ENCSR529GSJ.fixlen_151.positives.bed	rnaprot_gt_out/pos_neg_fasta_out/DHX30_K562_ENCSR529GSJ.fixlen_151.negatives.bed	--max-len 200 --mode 1 --seq-ext 75 --seed 1	687	151	151	151	151	687	151	151	151	151
DKC1_HepG2_ENCSR301TFY	rnaprot_gt_out/DKC1_HepG2_ENCSR301TFY_fixlen_151_gt_out	rnaprot_gt_out/pos_neg_fasta_out/DKC1_HepG2_ENCSR301TFY.fixlen_151.positives.bed	rnaprot_gt_out/pos_neg_fasta_out/DKC1_HepG2_ENCSR301TFY.fixlen_151.negatives.bed	--max-len 200 --mode 1 --seq-ext 75 --seed 1	697	151	151	151	151	697	151	151	151	151
DROSHA_HepG2_ENCSR834YLD	rnaprot_gt_out/DROSHA_HepG2_ENCSR834YLD_fixlen_151_gt_out	rnaprot_gt_out/pos_neg_fasta_out/DROSHA_HepG2_ENCSR834YLD.fixlen_151.positives.bed	rnaprot_gt_out/pos_neg_fasta_out/DROSHA_HepG2_ENCSR834YLD.fixlen_151.negatives.bed	--max-len 200 --mode 1 --seq-ext 75 --seed 1	1229	151	151	151	151	1229	151	151	151	151
DROSHA_K562_ENCSR653HQC	rnaprot_gt_out/DROSHA_K562_ENCSR653HQC_fixlen_151_gt_out	rnaprot_gt_out/pos_neg_fasta_out/DROSHA_K562_ENCSR653HQC.fixlen_151.positives.bed	rnaprot_gt_out/pos_neg_fasta_out/DROSHA_K562_ENCSR653HQC.fixlen_151.negatives.bed	--max-len 200 --mode 1 --seq-ext 75 --seed 1	3034	151	151	151	151.0	3034	151	151	151	151.0
EED_K562_ENCSR171XCR	rnaprot_gt_out/EED_K562_ENCSR171XCR_fixlen_151_gt_out	rnaprot_gt_out/pos_neg_fasta_out/EED_K562_ENCSR171XCR.fixlen_151.positives.bed	rnaprot_gt_out/pos_neg_fasta_out/EED_K562_ENCSR171XCR.fixlen_151.negatives.bed	--max-len 200 --mode 1 --seq-ext 75 --seed 1	10487	151	151	151	151	10487	151	151	151	151
EEF2_K562_ENCSR004VIR	rnaprot_gt_out/EEF2_K562_ENCSR004VIR_fixlen_151_gt_out	rnaprot_gt_out/pos_neg_fasta_out/EEF2_K562_ENCSR004VIR.fixlen_151.positives.bed	rnaprot_gt_out/pos_neg_fasta_out/EEF2_K562_ENCSR004VIR.fixlen_151.negatives.bed	--max-len 200 --mode 1 --seq-ext 75 --seed 1	85	151	151	151	151	85	151	151	151	151
EFTUD2_HepG2_ENCSR527DXF	rnaprot_gt_out/EFTUD2_HepG2_ENCSR527DXF_fixlen_151_gt_out	rnaprot_gt_out/pos_neg_fasta_out/EFTUD2_HepG2_ENCSR527DXF.fixlen_151.positives.bed	rnaprot_gt_out/pos_neg_fasta_out/EFTUD2_HepG2_ENCSR527DXF.fixlen_151.negatives.bed	--max-len 200 --mode 1 --seq-ext 75 --seed 1	5643	151	151	151	151	5643	151	151	151	151
EFTUD2_K562_ENCSR844RVX	rnaprot_gt_out/EFTUD2_K562_ENCSR844RVX_fixlen_151_gt_out	rnaprot_gt_out/pos_neg_fasta_out/EFTUD2_K562_ENCSR844RVX.fixlen_151.positives.bed	rnaprot_gt_out/pos_neg_fasta_out/EFTUD2_K562_ENCSR844RVX.fixlen_151.negatives.bed	--max-len 200 --mode 1 --seq-ext 75 --seed 1	4590	151	151	151	151.0	4590	151	151	151	151.0
EIF3A_K562_ENCSR311SHM	rnaprot_gt_out/EIF3A_K562_ENCSR311SHM_fixlen_151_gt_out	rnaprot_gt_out/pos_neg_fasta_out/EIF3A_K562_ENCSR311SHM.fixlen_151.positives.bed	rnaprot_gt_out/pos_neg_fasta_out/EIF3A_K562_ENCSR311SHM.fixlen_151.negatives.bed	--max-len 200 --mode 1 --seq-ext 75 --seed 1	7427	151	151	151	151	7427	151	151	151	151
EIF3D_HepG2_ENCSR041NUV	rnaprot_gt_out/EIF3D_HepG2_ENCSR041NUV_fixlen_151_gt_out	rnaprot_gt_out/pos_neg_fasta_out/EIF3D_HepG2_ENCSR041NUV.fixlen_151.positives.bed	rnaprot_gt_out/pos_neg_fasta_out/EIF3D_HepG2_ENCSR041NUV.fixlen_151.negatives.bed	--max-len 200 --mode 1 --seq-ext 75 --seed 1	744	151	151	151	151.0	744	151	151	151	151.0
EIF3G_K562_ENCSR023PKW	rnaprot_gt_out/EIF3G_K562_ENCSR023PKW_fixlen_151_gt_out	rnaprot_gt_out/pos_neg_fasta_out/EIF3G_K562_ENCSR023PKW.fixlen_151.positives.bed	rnaprot_gt_out/pos_neg_fasta_out/EIF3G_K562_ENCSR023PKW.fixlen_151.negatives.bed	--max-len 200 --mode 1 --seq-ext 75 --seed 1	237	151	151	151	151	237	151	151	151	151
EIF3H_HepG2_ENCSR916XIV	rnaprot_gt_out/EIF3H_HepG2_ENCSR916XIV_fixlen_151_gt_out	rnaprot_gt_out/pos_neg_fasta_out/EIF3H_HepG2_ENCSR916XIV.fixlen_151.positives.bed	rnaprot_gt_out/pos_neg_fasta_out/EIF3H_HepG2_ENCSR916XIV.fixlen_151.negatives.bed	--max-len 200 --mode 1 --seq-ext 75 --seed 1	2176	151	151	151	151.0	2176	151	151	151	151.0
EIF4E_HepG2_ENCSR383BCQ	rnaprot_gt_out/EIF4E_HepG2_ENCSR383BCQ_fixlen_151_gt_out	rnaprot_gt_out/pos_neg_fasta_out/EIF4E_HepG2_ENCSR383BCQ.fixlen_151.positives.bed	rnaprot_gt_out/pos_neg_fasta_out/EIF4E_HepG2_ENCSR383BCQ.fixlen_151.negatives.bed	--max-len 200 --mode 1 --seq-ext 75 --seed 1	2607	151	151	151	151	2607	151	151	151	151
EIF4E_K562_ENCSR391BBA	rnaprot_gt_out/EIF4E_K562_ENCSR391BBA_fixlen_151_gt_out	rnaprot_gt_out/pos_neg_fasta_out/EIF4E_K562_ENCSR391BBA.fixlen_151.positives.bed	rnaprot_gt_out/pos_neg_fasta_out/EIF4E_K562_ENCSR391BBA.fixlen_151.negatives.bed	--max-len 200 --mode 1 --seq-ext 75 --seed 1	1754	151	151	151	151.0	1754	151	151	151	151.0
EIF4G2_K562_ENCSR307YIW	rnaprot_gt_out/EIF4G2_K562_ENCSR307YIW_fixlen_151_gt_out	rnaprot_gt_out/pos_neg_fasta_out/EIF4G2_K562_ENCSR307YIW.fixlen_151.positives.bed	rnaprot_gt_out/pos_neg_fasta_out/EIF4G2_K562_ENCSR307YIW.fixlen_151.negatives.bed	--max-len 200 --mode 1 --seq-ext 75 --seed 1	3044	151	151	151	151.0	3044	151	151	151	151.0
ELAC2_K562_ENCSR440MSY	rnaprot_gt_out/ELAC2_K562_ENCSR440MSY_fixlen_151_gt_out	rnaprot_gt_out/pos_neg_fasta_out/ELAC2_K562_ENCSR440MSY.fixlen_151.positives.bed	rnaprot_gt_out/pos_neg_fasta_out/ELAC2_K562_ENCSR440MSY.fixlen_151.negatives.bed	--max-len 200 --mode 1 --seq-ext 75 --seed 1	6825	151	151	151	151	6825	151	151	151	151
ELAVL1_HepG2_ENCSR296TSJ	rnaprot_gt_out/ELAVL1_HepG2_ENCSR296TSJ_fixlen_151_gt_out	rnaprot_gt_out/pos_neg_fasta_out/ELAVL1_HepG2_ENCSR296TSJ.fixlen_151.positives.bed	rnaprot_gt_out/pos_neg_fasta_out/ELAVL1_HepG2_ENCSR296TSJ.fixlen_151.negatives.bed	--max-len 200 --mode 1 --seq-ext 75 --seed 1	3575	151	151	151	151	3575	151	151	151	151
ELAVL1_K562_ENCSR090LNQ	rnaprot_gt_out/ELAVL1_K562_ENCSR090LNQ_fixlen_151_gt_out	rnaprot_gt_out/pos_neg_fasta_out/ELAVL1_K562_ENCSR090LNQ.fixlen_151.positives.bed	rnaprot_gt_out/pos_neg_fasta_out/ELAVL1_K562_ENCSR090LNQ.fixlen_151.negatives.bed	--max-len 200 --mode 1 --seq-ext 75 --seed 1	6428	151	151	151	151.0	6428	151	151	151	151.0
EWSR1_K562_ENCSR887LPK	rnaprot_gt_out/EWSR1_K562_ENCSR887LPK_fixlen_151_gt_out	rnaprot_gt_out/pos_neg_fasta_out/EWSR1_K562_ENCSR887LPK.fixlen_151.positives.bed	rnaprot_gt_out/pos_neg_fasta_out/EWSR1_K562_ENCSR887LPK.fixlen_151.negatives.bed	--max-len 200 --mode 1 --seq-ext 75 --seed 1	6627	151	151	151	151	6627	151	151	151	151
EXOSC10_K562_ENCSR521GON	rnaprot_gt_out/EXOSC10_K562_ENCSR521GON_fixlen_151_gt_out	rnaprot_gt_out/pos_neg_fasta_out/EXOSC10_K562_ENCSR521GON.fixlen_151.positives.bed	rnaprot_gt_out/pos_neg_fasta_out/EXOSC10_K562_ENCSR521GON.fixlen_151.negatives.bed	--max-len 200 --mode 1 --seq-ext 75 --seed 1	958	151	151	151	151.0	958	151	151	151	151.0
EXOSC5_HepG2_ENCSR693JWP	rnaprot_gt_out/EXOSC5_HepG2_ENCSR693JWP_fixlen_151_gt_out	rnaprot_gt_out/pos_neg_fasta_out/EXOSC5_HepG2_ENCSR693JWP.fixlen_151.positives.bed	rnaprot_gt_out/pos_neg_fasta_out/EXOSC5_HepG2_ENCSR693JWP.fixlen_151.negatives.bed	--max-len 200 --mode 1 --seq-ext 75 --seed 1	582	151	151	151	151.0	582	151	151	151	151.0
EXOSC5_K562_ENCSR013CTQ	rnaprot_gt_out/EXOSC5_K562_ENCSR013CTQ_fixlen_151_gt_out	rnaprot_gt_out/pos_neg_fasta_out/EXOSC5_K562_ENCSR013CTQ.fixlen_151.positives.bed	rnaprot_gt_out/pos_neg_fasta_out/EXOSC5_K562_ENCSR013CTQ.fixlen_151.negatives.bed	--max-len 200 --mode 1 --seq-ext 75 --seed 1	7743	151	151	151	151	7743	151	151	151	151
FAM120A_HepG2_ENCSR987NYS	rnaprot_gt_out/FAM120A_HepG2_ENCSR987NYS_fixlen_151_gt_out	rnaprot_gt_out/pos_neg_fasta_out/FAM120A_HepG2_ENCSR987NYS.fixlen_151.positives.bed	rnaprot_gt_out/pos_neg_fasta_out/FAM120A_HepG2_ENCSR987NYS.fixlen_151.negatives.bed	--max-len 200 --mode 1 --seq-ext 75 --seed 1	5673	151	151	151	151	5673	151	151	151	151
FAM120A_K562_ENCSR006OEQ	rnaprot_gt_out/FAM120A_K562_ENCSR006OEQ_fixlen_151_gt_out	rnaprot_gt_out/pos_neg_fasta_out/FAM120A_K562_ENCSR006OEQ.fixlen_151.positives.bed	rnaprot_gt_out/pos_neg_fasta_out/FAM120A_K562_ENCSR006OEQ.fixlen_151.negatives.bed	--max-len 200 --mode 1 --seq-ext 75 --seed 1	4004	151	151	151	151.0	4004	151	151	151	151.0
FASTKD2_HepG2_ENCSR023UHL	rnaprot_gt_out/FASTKD2_HepG2_ENCSR023UHL_fixlen_151_gt_out	rnaprot_gt_out/pos_neg_fasta_out/FASTKD2_HepG2_ENCSR023UHL.fixlen_151.positives.bed	rnaprot_gt_out/pos_neg_fasta_out/FASTKD2_HepG2_ENCSR023UHL.fixlen_151.negatives.bed	--max-len 200 --mode 1 --seq-ext 75 --seed 1	753	151	151	151	151	753	151	151	151	151
FASTKD2_K562_ENCSR887FHF	rnaprot_gt_out/FASTKD2_K562_ENCSR887FHF_fixlen_151_gt_out	rnaprot_gt_out/pos_neg_fasta_out/FASTKD2_K562_ENCSR887FHF.fixlen_151.positives.bed	rnaprot_gt_out/pos_neg_fasta_out/FASTKD2_K562_ENCSR887FHF.fixlen_151.negatives.bed	--max-len 200 --mode 1 --seq-ext 75 --seed 1	444	151	151	151	151.0	444	151	151	151	151.0
FKBP4_HepG2_ENCSR018ZUE	rnaprot_gt_out/FKBP4_HepG2_ENCSR018ZUE_fixlen_151_gt_out	rnaprot_gt_out/pos_neg_fasta_out/FKBP4_HepG2_ENCSR018ZUE.fixlen_151.positives.bed	rnaprot_gt_out/pos_neg_fasta_out/FKBP4_HepG2_ENCSR018ZUE.fixlen_151.negatives.bed	--max-len 200 --mode 1 --seq-ext 75 --seed 1	1199	151	151	151	151	1199	151	151	151	151
FMR1_K562_ENCSR331VNX	rnaprot_gt_out/FMR1_K562_ENCSR331VNX_fixlen_151_gt_out	rnaprot_gt_out/pos_neg_fasta_out/FMR1_K562_ENCSR331VNX.fixlen_151.positives.bed	rnaprot_gt_out/pos_neg_fasta_out/FMR1_K562_ENCSR331VNX.fixlen_151.negatives.bed	--max-len 200 --mode 1 --seq-ext 75 --seed 1	2189	151	151	151	151	2189	151	151	151	151
FMR1_K562_ENCSR554UVB	rnaprot_gt_out/FMR1_K562_ENCSR554UVB_fixlen_151_gt_out	rnaprot_gt_out/pos_neg_fasta_out/FMR1_K562_ENCSR554UVB.fixlen_151.positives.bed	rnaprot_gt_out/pos_neg_fasta_out/FMR1_K562_ENCSR554UVB.fixlen_151.negatives.bed	--max-len 200 --mode 1 --seq-ext 75 --seed 1	2896	151	151	151	151.0	2896	151	151	151	151.0
FTO_HepG2_ENCSR903PRV	rnaprot_gt_out/FTO_HepG2_ENCSR903PRV_fixlen_151_gt_out	rnaprot_gt_out/pos_neg_fasta_out/FTO_HepG2_ENCSR903PRV.fixlen_151.positives.bed	rnaprot_gt_out/pos_neg_fasta_out/FTO_HepG2_ENCSR903PRV.fixlen_151.negatives.bed	--max-len 200 --mode 1 --seq-ext 75 --seed 1	398	151	151	151	151.0	398	151	151	151	151.0
FTO_K562_ENCSR989SMC	rnaprot_gt_out/FTO_K562_ENCSR989SMC_fixlen_151_gt_out	rnaprot_gt_out/pos_neg_fasta_out/FTO_K562_ENCSR989SMC.fixlen_151.positives.bed	rnaprot_gt_out/pos_neg_fasta_out/FTO_K562_ENCSR989SMC.fixlen_151.negatives.bed	--max-len 200 --mode 1 --seq-ext 75 --seed 1	722	151	151	151	151.0	722	151	151	151	151.0
FUBP3_HepG2_ENCSR486YGP	rnaprot_gt_out/FUBP3_HepG2_ENCSR486YGP_fixlen_151_gt_out	rnaprot_gt_out/pos_neg_fasta_out/FUBP3_HepG2_ENCSR486YGP.fixlen_151.positives.bed	rnaprot_gt_out/pos_neg_fasta_out/FUBP3_HepG2_ENCSR486YGP.fixlen_151.negatives.bed	--max-len 200 --mode 1 --seq-ext 75 --seed 1	1923	151	151	151	151	1923	151	151	151	151
FUS_HepG2_ENCSR464OSH	rnaprot_gt_out/FUS_HepG2_ENCSR464OSH_fixlen_151_gt_out	rnaprot_gt_out/pos_neg_fasta_out/FUS_HepG2_ENCSR464OSH.fixlen_151.positives.bed	rnaprot_gt_out/pos_neg_fasta_out/FUS_HepG2_ENCSR464OSH.fixlen_151.negatives.bed	--max-len 200 --mode 1 --seq-ext 75 --seed 1	789	151	151	151	151	789	151	151	151	151
FUS_K562_ENCSR069EVH	rnaprot_gt_out/FUS_K562_ENCSR069EVH_fixlen_151_gt_out	rnaprot_gt_out/pos_neg_fasta_out/FUS_K562_ENCSR069EVH.fixlen_151.positives.bed	rnaprot_gt_out/pos_neg_fasta_out/FUS_K562_ENCSR069EVH.fixlen_151.negatives.bed	--max-len 200 --mode 1 --seq-ext 75 --seed 1	3416	151	151	151	151.0	3416	151	151	151	151.0
FXR1_K562_ENCSR248TXP	rnaprot_gt_out/FXR1_K562_ENCSR248TXP_fixlen_151_gt_out	rnaprot_gt_out/pos_neg_fasta_out/FXR1_K562_ENCSR248TXP.fixlen_151.positives.bed	rnaprot_gt_out/pos_neg_fasta_out/FXR1_K562_ENCSR248TXP.fixlen_151.negatives.bed	--max-len 200 --mode 1 --seq-ext 75 --seed 1	2315	151	151	151	151	2315	151	151	151	151
FXR1_K562_ENCSR774RFN	rnaprot_gt_out/FXR1_K562_ENCSR774RFN_fixlen_151_gt_out	rnaprot_gt_out/pos_neg_fasta_out/FXR1_K562_ENCSR774RFN.fixlen_151.positives.bed	rnaprot_gt_out/pos_neg_fasta_out/FXR1_K562_ENCSR774RFN.fixlen_151.negatives.bed	--max-len 200 --mode 1 --seq-ext 75 --seed 1	986	151	151	151	151.0	986	151	151	151	151.0
FXR2_HepG2_ENCSR270FOD	rnaprot_gt_out/FXR2_HepG2_ENCSR270FOD_fixlen_151_gt_out	rnaprot_gt_out/pos_neg_fasta_out/FXR2_HepG2_ENCSR270FOD.fixlen_151.positives.bed	rnaprot_gt_out/pos_neg_fasta_out/FXR2_HepG2_ENCSR270FOD.fixlen_151.negatives.bed	--max-len 200 --mode 1 --seq-ext 75 --seed 1	1893	151	151	151	151	1893	151	151	151	151
FXR2_HepG2_ENCSR973HOJ	rnaprot_gt_out/FXR2_HepG2_ENCSR973HOJ_fixlen_151_gt_out	rnaprot_gt_out/pos_neg_fasta_out/FXR2_HepG2_ENCSR973HOJ.fixlen_151.positives.bed	rnaprot_gt_out/pos_neg_fasta_out/FXR2_HepG2_ENCSR973HOJ.fixlen_151.negatives.bed	--max-len 200 --mode 1 --seq-ext 75 --seed 1	2876	151	151	151	151.0	2876	151	151	151	151.0
FXR2_K562_ENCSR224QWC	rnaprot_gt_out/FXR2_K562_ENCSR224QWC_fixlen_151_gt_out	rnaprot_gt_out/pos_neg_fasta_out/FXR2_K562_ENCSR224QWC.fixlen_151.positives.bed	rnaprot_gt_out/pos_neg_fasta_out/FXR2_K562_ENCSR224QWC.fixlen_151.negatives.bed	--max-len 200 --mode 1 --seq-ext 75 --seed 1	2689	151	151	151	151	2689	151	151	151	151
FXR2_K562_ENCSR767OEY	rnaprot_gt_out/FXR2_K562_ENCSR767OEY_fixlen_151_gt_out	rnaprot_gt_out/pos_neg_fasta_out/FXR2_K562_ENCSR767OEY.fixlen_151.positives.bed	rnaprot_gt_out/pos_neg_fasta_out/FXR2_K562_ENCSR767OEY.fixlen_151.negatives.bed	--max-len 200 --mode 1 --seq-ext 75 --seed 1	3057	151	151	151	151	3057	151	151	151	151
G3BP1_HepG2_ENCSR721HPX	rnaprot_gt_out/G3BP1_HepG2_ENCSR721HPX_fixlen_151_gt_out	rnaprot_gt_out/pos_neg_fasta_out/G3BP1_HepG2_ENCSR721HPX.fixlen_151.positives.bed	rnaprot_gt_out/pos_neg_fasta_out/G3BP1_HepG2_ENCSR721HPX.fixlen_151.negatives.bed	--max-len 200 --mode 1 --seq-ext 75 --seed 1	4770	151	151	151	151.0	4770	151	151	151	151.0
GARS_HepG2_ENCSR181SOG	rnaprot_gt_out/GARS_HepG2_ENCSR181SOG_fixlen_151_gt_out	rnaprot_gt_out/pos_neg_fasta_out/GARS_HepG2_ENCSR181SOG.fixlen_151.positives.bed	rnaprot_gt_out/pos_neg_fasta_out/GARS_HepG2_ENCSR181SOG.fixlen_151.negatives.bed	--max-len 200 --mode 1 --seq-ext 75 --seed 1	971	151	151	151	151	971	151	151	151	151
GARS_K562_ENCSR448GXJ	rnaprot_gt_out/GARS_K562_ENCSR448GXJ_fixlen_151_gt_out	rnaprot_gt_out/pos_neg_fasta_out/GARS_K562_ENCSR448GXJ.fixlen_151.positives.bed	rnaprot_gt_out/pos_neg_fasta_out/GARS_K562_ENCSR448GXJ.fixlen_151.negatives.bed	--max-len 200 --mode 1 --seq-ext 75 --seed 1	313	151	151	151	151	313	151	151	151	151
GEMIN5_K562_ENCSR238CLX	rnaprot_gt_out/GEMIN5_K562_ENCSR238CLX_fixlen_151_gt_out	rnaprot_gt_out/pos_neg_fasta_out/GEMIN5_K562_ENCSR238CLX.fixlen_151.positives.bed	rnaprot_gt_out/pos_neg_fasta_out/GEMIN5_K562_ENCSR238CLX.fixlen_151.negatives.bed	--max-len 200 --mode 1 --seq-ext 75 --seed 1	2115	151	151	151	151	2115	151	151	151	151
GPKOW_K562_ENCSR647CLF	rnaprot_gt_out/GPKOW_K562_ENCSR647CLF_fixlen_151_gt_out	rnaprot_gt_out/pos_neg_fasta_out/GPKOW_K562_ENCSR647CLF.fixlen_151.positives.bed	rnaprot_gt_out/pos_neg_fasta_out/GPKOW_K562_ENCSR647CLF.fixlen_151.negatives.bed	--max-len 200 --mode 1 --seq-ext 75 --seed 1	1004	151	151	151	151.0	1004	151	151	151	151.0
GRSF1_HepG2_ENCSR668MJX	rnaprot_gt_out/GRSF1_HepG2_ENCSR668MJX_fixlen_151_gt_out	rnaprot_gt_out/pos_neg_fasta_out/GRSF1_HepG2_ENCSR668MJX.fixlen_151.positives.bed	rnaprot_gt_out/pos_neg_fasta_out/GRSF1_HepG2_ENCSR668MJX.fixlen_151.negatives.bed	--max-len 200 --mode 1 --seq-ext 75 --seed 1	722	151	151	151	151.0	722	151	151	151	151.0
GRWD1_HepG2_ENCSR893NWB	rnaprot_gt_out/GRWD1_HepG2_ENCSR893NWB_fixlen_151_gt_out	rnaprot_gt_out/pos_neg_fasta_out/GRWD1_HepG2_ENCSR893NWB.fixlen_151.positives.bed	rnaprot_gt_out/pos_neg_fasta_out/GRWD1_HepG2_ENCSR893NWB.fixlen_151.negatives.bed	--max-len 200 --mode 1 --seq-ext 75 --seed 1	16081	151	151	151	151	16081	151	151	151	151
GRWD1_K562_ENCSR999YGP	rnaprot_gt_out/GRWD1_K562_ENCSR999YGP_fixlen_151_gt_out	rnaprot_gt_out/pos_neg_fasta_out/GRWD1_K562_ENCSR999YGP.fixlen_151.positives.bed	rnaprot_gt_out/pos_neg_fasta_out/GRWD1_K562_ENCSR999YGP.fixlen_151.negatives.bed	--max-len 200 --mode 1 --seq-ext 75 --seed 1	3560	151	151	151	151.0	3560	151	151	151	151.0
GTF2F1_HepG2_ENCSR265ZIS	rnaprot_gt_out/GTF2F1_HepG2_ENCSR265ZIS_fixlen_151_gt_out	rnaprot_gt_out/pos_neg_fasta_out/GTF2F1_HepG2_ENCSR265ZIS.fixlen_151.positives.bed	rnaprot_gt_out/pos_neg_fasta_out/GTF2F1_HepG2_ENCSR265ZIS.fixlen_151.negatives.bed	--max-len 200 --mode 1 --seq-ext 75 --seed 1	3415	151	151	151	151	3415	151	151	151	151
GTF2F1_K562_ENCSR736AAG	rnaprot_gt_out/GTF2F1_K562_ENCSR736AAG_fixlen_151_gt_out	rnaprot_gt_out/pos_neg_fasta_out/GTF2F1_K562_ENCSR736AAG.fixlen_151.positives.bed	rnaprot_gt_out/pos_neg_fasta_out/GTF2F1_K562_ENCSR736AAG.fixlen_151.negatives.bed	--max-len 200 --mode 1 --seq-ext 75 --seed 1	3910	151	151	151	151.0	3910	151	151	151	151.0
HLTF_HepG2_ENCSR647HOX	rnaprot_gt_out/HLTF_HepG2_ENCSR647HOX_fixlen_151_gt_out	rnaprot_gt_out/pos_neg_fasta_out/HLTF_HepG2_ENCSR647HOX.fixlen_151.positives.bed	rnaprot_gt_out/pos_neg_fasta_out/HLTF_HepG2_ENCSR647HOX.fixlen_151.negatives.bed	--max-len 200 --mode 1 --seq-ext 75 --seed 1	3082	151	151	151	151.0	3082	151	151	151	151.0
HLTF_K562_ENCSR589YHM	rnaprot_gt_out/HLTF_K562_ENCSR589YHM_fixlen_151_gt_out	rnaprot_gt_out/pos_neg_fasta_out/HLTF_K562_ENCSR589YHM.fixlen_151.positives.bed	rnaprot_gt_out/pos_neg_fasta_out/HLTF_K562_ENCSR589YHM.fixlen_151.negatives.bed	--max-len 200 --mode 1 --seq-ext 75 --seed 1	211	151	151	151	151	211	151	151	151	151
HNRNPA1_K562_ENCSR154HRN	rnaprot_gt_out/HNRNPA1_K562_ENCSR154HRN_fixlen_151_gt_out	rnaprot_gt_out/pos_neg_fasta_out/HNRNPA1_K562_ENCSR154HRN.fixlen_151.positives.bed	rnaprot_gt_out/pos_neg_fasta_out/HNRNPA1_K562_ENCSR154HRN.fixlen_151.negatives.bed	--max-len 200 --mode 1 --seq-ext 75 --seed 1	195	151	151	151	151	195	151	151	151	151
HNRNPC_HepG2_ENCSR550DVK	rnaprot_gt_out/HNRNPC_HepG2_ENCSR550DVK_fixlen_151_gt_out	rnaprot_gt_out/pos_neg_fasta_out/HNRNPC_HepG2_ENCSR550DVK.fixlen_151.positives.bed	rnaprot_gt_out/pos_neg_fasta_out/HNRNPC_HepG2_ENCSR550DVK.fixlen_151.negatives.bed	--max-len 200 --mode 1 --seq-ext 75 --seed 1	2895	151	151	151	151	2895	151	151	151	151
HNRNPC_K562_ENCSR249ROI	rnaprot_gt_out/HNRNPC_K562_ENCSR249ROI_fixlen_151_gt_out	rnaprot_gt_out/pos_neg_fasta_out/HNRNPC_K562_ENCSR249ROI.fixlen_151.positives.bed	rnaprot_gt_out/pos_neg_fasta_out/HNRNPC_K562_ENCSR249ROI.fixlen_151.negatives.bed	--max-len 200 --mode 1 --seq-ext 75 --seed 1	430	151	151	151	151.0	430	151	151	151	151.0
HNRNPK_HepG2_ENCSR828ZID	rnaprot_gt_out/HNRNPK_HepG2_ENCSR828ZID_fixlen_151_gt_out	rnaprot_gt_out/pos_neg_fasta_out/HNRNPK_HepG2_ENCSR828ZID.fixlen_151.positives.bed	rnaprot_gt_out/pos_neg_fasta_out/HNRNPK_HepG2_ENCSR828ZID.fixlen_151.negatives.bed	--max-len 200 --mode 1 --seq-ext 75 --seed 1	4389	151	151	151	151	4389	151	151	151	151
HNRNPK_K562_ENCSR268ETU	rnaprot_gt_out/HNRNPK_K562_ENCSR268ETU_fixlen_151_gt_out	rnaprot_gt_out/pos_neg_fasta_out/HNRNPK_K562_ENCSR268ETU.fixlen_151.positives.bed	rnaprot_gt_out/pos_neg_fasta_out/HNRNPK_K562_ENCSR268ETU.fixlen_151.negatives.bed	--max-len 200 --mode 1 --seq-ext 75 --seed 1	2265	151	151	151	151	2265	151	151	151	151
HNRNPK_K562_ENCSR953ZOA	rnaprot_gt_out/HNRNPK_K562_ENCSR953ZOA_fixlen_151_gt_out	rnaprot_gt_out/pos_neg_fasta_out/HNRNPK_K562_ENCSR953ZOA.fixlen_151.positives.bed	rnaprot_gt_out/pos_neg_fasta_out/HNRNPK_K562_ENCSR953ZOA.fixlen_151.negatives.bed	--max-len 200 --mode 1 --seq-ext 75 --seed 1	3038	151	151	151	151.0	3038	151	151	151	151.0
HNRNPL_HepG2_ENCSR724RDN	rnaprot_gt_out/HNRNPL_HepG2_ENCSR724RDN_fixlen_151_gt_out	rnaprot_gt_out/pos_neg_fasta_out/HNRNPL_HepG2_ENCSR724RDN.fixlen_151.positives.bed	rnaprot_gt_out/pos_neg_fasta_out/HNRNPL_HepG2_ENCSR724RDN.fixlen_151.negatives.bed	--max-len 200 --mode 1 --seq-ext 75 --seed 1	5288	151	151	151	151.0	5288	151	151	151	151.0
HNRNPL_K562_ENCSR795CAI	rnaprot_gt_out/HNRNPL_K562_ENCSR795CAI_fixlen_151_gt_out	rnaprot_gt_out/pos_neg_fasta_out/HNRNPL_K562_ENCSR795CAI.fixlen_151.positives.bed	rnaprot_gt_out/pos_neg_fasta_out/HNRNPL_K562_ENCSR795CAI.fixlen_151.negatives.bed	--max-len 200 --mode 1 --seq-ext 75 --seed 1	3541	151	151	151	151	3541	151	151	151	151
HNRNPM_HepG2_ENCSR267UCX	rnaprot_gt_out/HNRNPM_HepG2_ENCSR267UCX_fixlen_151_gt_out	rnaprot_gt_out/pos_neg_fasta_out/HNRNPM_HepG2_ENCSR267UCX.fixlen_151.positives.bed	rnaprot_gt_out/pos_neg_fasta_out/HNRNPM_HepG2_ENCSR267UCX.fixlen_151.negatives.bed	--max-len 200 --mode 1 --seq-ext 75 --seed 1	9635	151	151	151	151	9635	151	151	151	151
HNRNPM_K562_ENCSR412NOW	rnaprot_gt_out/HNRNPM_K562_ENCSR412NOW_fixlen_151_gt_out	rnaprot_gt_out/pos_neg_fasta_out/HNRNPM_K562_ENCSR412NOW.fixlen_151.positives.bed	rnaprot_gt_out/pos_neg_fasta_out/HNRNPM_K562_ENCSR412NOW.fixlen_151.negatives.bed	--max-len 200 --mode 1 --seq-ext 75 --seed 1	4256	151	151	151	151.0	4256	151	151	151	151.0
HNRNPUL1_HepG2_ENCSR755TJC	rnaprot_gt_out/HNRNPUL1_HepG2_ENCSR755TJC_fixlen_151_gt_out	rnaprot_gt_out/pos_neg_fasta_out/HNRNPUL1_HepG2_ENCSR755TJC.fixlen_151.positives.bed	rnaprot_gt_out/pos_neg_fasta_out/HNRNPUL1_HepG2_ENCSR755TJC.fixlen_151.negatives.bed	--max-len 200 --mode 1 --seq-ext 75 --seed 1	356	151	151	151	151.0	356	151	151	151	151.0
HNRNPUL1_K562_ENCSR571VHI	rnaprot_gt_out/HNRNPUL1_K562_ENCSR571VHI_fixlen_151_gt_out	rnaprot_gt_out/pos_neg_fasta_out/HNRNPUL1_K562_ENCSR571VHI.fixlen_151.positives.bed	rnaprot_gt_out/pos_neg_fasta_out/HNRNPUL1_K562_ENCSR571VHI.fixlen_151.negatives.bed	--max-len 200 --mode 1 --seq-ext 75 --seed 1	144	151	151	151	151.0	144	151	151	151	151.0
HNRNPU_HepG2_ENCSR240MVJ	rnaprot_gt_out/HNRNPU_HepG2_ENCSR240MVJ_fixlen_151_gt_out	rnaprot_gt_out/pos_neg_fasta_out/HNRNPU_HepG2_ENCSR240MVJ.fixlen_151.positives.bed	rnaprot_gt_out/pos_neg_fasta_out/HNRNPU_HepG2_ENCSR240MVJ.fixlen_151.negatives.bed	--max-len 200 --mode 1 --seq-ext 75 --seed 1	288	151	151	151	151.0	288	151	151	151	151.0
HNRNPU_K562_ENCSR520BZQ	rnaprot_gt_out/HNRNPU_K562_ENCSR520BZQ_fixlen_151_gt_out	rnaprot_gt_out/pos_neg_fasta_out/HNRNPU_K562_ENCSR520BZQ.fixlen_151.positives.bed	rnaprot_gt_out/pos_neg_fasta_out/HNRNPU_K562_ENCSR520BZQ.fixlen_151.negatives.bed	--max-len 200 --mode 1 --seq-ext 75 --seed 1	178	151	151	151	151.0	178	151	151	151	151.0
IGF2BP1_HepG2_ENCSR744GEU	rnaprot_gt_out/IGF2BP1_HepG2_ENCSR744GEU_fixlen_151_gt_out	rnaprot_gt_out/pos_neg_fasta_out/IGF2BP1_HepG2_ENCSR744GEU.fixlen_151.positives.bed	rnaprot_gt_out/pos_neg_fasta_out/IGF2BP1_HepG2_ENCSR744GEU.fixlen_151.negatives.bed	--max-len 200 --mode 1 --seq-ext 75 --seed 1	2865	151	151	151	151	2865	151	151	151	151
IGF2BP1_K562_ENCSR975KIR	rnaprot_gt_out/IGF2BP1_K562_ENCSR975KIR_fixlen_151_gt_out	rnaprot_gt_out/pos_neg_fasta_out/IGF2BP1_K562_ENCSR975KIR.fixlen_151.positives.bed	rnaprot_gt_out/pos_neg_fasta_out/IGF2BP1_K562_ENCSR975KIR.fixlen_151.negatives.bed	--max-len 200 --mode 1 --seq-ext 75 --seed 1	3951	151	151	151	151	3951	151	151	151	151
IGF2BP2_K562_ENCSR062NNB	rnaprot_gt_out/IGF2BP2_K562_ENCSR062NNB_fixlen_151_gt_out	rnaprot_gt_out/pos_neg_fasta_out/IGF2BP2_K562_ENCSR062NNB.fixlen_151.positives.bed	rnaprot_gt_out/pos_neg_fasta_out/IGF2BP2_K562_ENCSR062NNB.fixlen_151.negatives.bed	--max-len 200 --mode 1 --seq-ext 75 --seed 1	2519	151	151	151	151	2519	151	151	151	151
IGF2BP3_HepG2_ENCSR993OLA	rnaprot_gt_out/IGF2BP3_HepG2_ENCSR993OLA_fixlen_151_gt_out	rnaprot_gt_out/pos_neg_fasta_out/IGF2BP3_HepG2_ENCSR993OLA.fixlen_151.positives.bed	rnaprot_gt_out/pos_neg_fasta_out/IGF2BP3_HepG2_ENCSR993OLA.fixlen_151.negatives.bed	--max-len 200 --mode 1 --seq-ext 75 --seed 1	1448	151	151	151	151.0	1448	151	151	151	151.0
ILF3_HepG2_ENCSR786TSC	rnaprot_gt_out/ILF3_HepG2_ENCSR786TSC_fixlen_151_gt_out	rnaprot_gt_out/pos_neg_fasta_out/ILF3_HepG2_ENCSR786TSC.fixlen_151.positives.bed	rnaprot_gt_out/pos_neg_fasta_out/ILF3_HepG2_ENCSR786TSC.fixlen_151.negatives.bed	--max-len 200 --mode 1 --seq-ext 75 --seed 1	2867	151	151	151	151	2867	151	151	151	151
ILF3_K562_ENCSR438KWZ	rnaprot_gt_out/ILF3_K562_ENCSR438KWZ_fixlen_151_gt_out	rnaprot_gt_out/pos_neg_fasta_out/ILF3_K562_ENCSR438KWZ.fixlen_151.positives.bed	rnaprot_gt_out/pos_neg_fasta_out/ILF3_K562_ENCSR438KWZ.fixlen_151.negatives.bed	--max-len 200 --mode 1 --seq-ext 75 --seed 1	2311	151	151	151	151	2311	151	151	151	151
KHDRBS1_K562_ENCSR628IDK	rnaprot_gt_out/KHDRBS1_K562_ENCSR628IDK_fixlen_151_gt_out	rnaprot_gt_out/pos_neg_fasta_out/KHDRBS1_K562_ENCSR628IDK.fixlen_151.positives.bed	rnaprot_gt_out/pos_neg_fasta_out/KHDRBS1_K562_ENCSR628IDK.fixlen_151.negatives.bed	--max-len 200 --mode 1 --seq-ext 75 --seed 1	1051	151	151	151	151	1051	151	151	151	151
KHSRP_HepG2_ENCSR366DGX	rnaprot_gt_out/KHSRP_HepG2_ENCSR366DGX_fixlen_151_gt_out	rnaprot_gt_out/pos_neg_fasta_out/KHSRP_HepG2_ENCSR366DGX.fixlen_151.positives.bed	rnaprot_gt_out/pos_neg_fasta_out/KHSRP_HepG2_ENCSR366DGX.fixlen_151.negatives.bed	--max-len 200 --mode 1 --seq-ext 75 --seed 1	4289	151	151	151	151	4289	151	151	151	151
KHSRP_K562_ENCSR438GZQ	rnaprot_gt_out/KHSRP_K562_ENCSR438GZQ_fixlen_151_gt_out	rnaprot_gt_out/pos_neg_fasta_out/KHSRP_K562_ENCSR438GZQ.fixlen_151.positives.bed	rnaprot_gt_out/pos_neg_fasta_out/KHSRP_K562_ENCSR438GZQ.fixlen_151.negatives.bed	--max-len 200 --mode 1 --seq-ext 75 --seed 1	16383	151	151	151	151	16383	151	151	151	151
LARP4_HepG2_ENCSR805SRN	rnaprot_gt_out/LARP4_HepG2_ENCSR805SRN_fixlen_151_gt_out	rnaprot_gt_out/pos_neg_fasta_out/LARP4_HepG2_ENCSR805SRN.fixlen_151.positives.bed	rnaprot_gt_out/pos_neg_fasta_out/LARP4_HepG2_ENCSR805SRN.fixlen_151.negatives.bed	--max-len 200 --mode 1 --seq-ext 75 --seed 1	3074	151	151	151	151.0	3074	151	151	151	151.0
LARP4_K562_ENCSR888YTT	rnaprot_gt_out/LARP4_K562_ENCSR888YTT_fixlen_151_gt_out	rnaprot_gt_out/pos_neg_fasta_out/LARP4_K562_ENCSR888YTT.fixlen_151.positives.bed	rnaprot_gt_out/pos_neg_fasta_out/LARP4_K562_ENCSR888YTT.fixlen_151.negatives.bed	--max-len 200 --mode 1 --seq-ext 75 --seed 1	324	151	151	151	151.0	324	151	151	151	151.0
LARP7_HepG2_ENCSR961OKA	rnaprot_gt_out/LARP7_HepG2_ENCSR961OKA_fixlen_151_gt_out	rnaprot_gt_out/pos_neg_fasta_out/LARP7_HepG2_ENCSR961OKA.fixlen_151.positives.bed	rnaprot_gt_out/pos_neg_fasta_out/LARP7_HepG2_ENCSR961OKA.fixlen_151.negatives.bed	--max-len 200 --mode 1 --seq-ext 75 --seed 1	170	151	151	151	151.0	170	151	151	151	151.0
LARP7_K562_ENCSR456KXI	rnaprot_gt_out/LARP7_K562_ENCSR456KXI_fixlen_151_gt_out	rnaprot_gt_out/pos_neg_fasta_out/LARP7_K562_ENCSR456KXI.fixlen_151.positives.bed	rnaprot_gt_out/pos_neg_fasta_out/LARP7_K562_ENCSR456KXI.fixlen_151.negatives.bed	--max-len 200 --mode 1 --seq-ext 75 --seed 1	123	151	151	151	151	123	151	151	151	151
LIN28B_HepG2_ENCSR861GYE	rnaprot_gt_out/LIN28B_HepG2_ENCSR861GYE_fixlen_151_gt_out	rnaprot_gt_out/pos_neg_fasta_out/LIN28B_HepG2_ENCSR861GYE.fixlen_151.positives.bed	rnaprot_gt_out/pos_neg_fasta_out/LIN28B_HepG2_ENCSR861GYE.fixlen_151.negatives.bed	--max-len 200 --mode 1 --seq-ext 75 --seed 1	2860	151	151	151	151.0	2860	151	151	151	151.0
LIN28B_K562_ENCSR970NKP	rnaprot_gt_out/LIN28B_K562_ENCSR970NKP_fixlen_151_gt_out	rnaprot_gt_out/pos_neg_fasta_out/LIN28B_K562_ENCSR970NKP.fixlen_151.positives.bed	rnaprot_gt_out/pos_neg_fasta_out/LIN28B_K562_ENCSR970NKP.fixlen_151.negatives.bed	--max-len 200 --mode 1 --seq-ext 75 --seed 1	5094	151	151	151	151.0	5094	151	151	151	151.0
LSM11_HepG2_ENCSR135VMS	rnaprot_gt_out/LSM11_HepG2_ENCSR135VMS_fixlen_151_gt_out	rnaprot_gt_out/pos_neg_fasta_out/LSM11_HepG2_ENCSR135VMS.fixlen_151.positives.bed	rnaprot_gt_out/pos_neg_fasta_out/LSM11_HepG2_ENCSR135VMS.fixlen_151.negatives.bed	--max-len 200 --mode 1 --seq-ext 75 --seed 1	1570	151	151	151	151.0	1570	151	151	151	151.0
LSM11_K562_ENCSR022BVV	rnaprot_gt_out/LSM11_K562_ENCSR022BVV_fixlen_151_gt_out	rnaprot_gt_out/pos_neg_fasta_out/LSM11_K562_ENCSR022BVV.fixlen_151.positives.bed	rnaprot_gt_out/pos_neg_fasta_out/LSM11_K562_ENCSR022BVV.fixlen_151.negatives.bed	--max-len 200 --mode 1 --seq-ext 75 --seed 1	1034	151	151	151	151.0	1034	151	151	151	151.0
MATR3_HepG2_ENCSR290VLT	rnaprot_gt_out/MATR3_HepG2_ENCSR290VLT_fixlen_151_gt_out	rnaprot_gt_out/pos_neg_fasta_out/MATR3_HepG2_ENCSR290VLT.fixlen_151.positives.bed	rnaprot_gt_out/pos_neg_fasta_out/MATR3_HepG2_ENCSR290VLT.fixlen_151.negatives.bed	--max-len 200 --mode 1 --seq-ext 75 --seed 1	5656	151	151	151	151.0	5656	151	151	151	151.0
MATR3_K562_ENCSR440SUX	rnaprot_gt_out/MATR3_K562_ENCSR440SUX_fixlen_151_gt_out	rnaprot_gt_out/pos_neg_fasta_out/MATR3_K562_ENCSR440SUX.fixlen_151.positives.bed	rnaprot_gt_out/pos_neg_fasta_out/MATR3_K562_ENCSR440SUX.fixlen_151.negatives.bed	--max-len 200 --mode 1 --seq-ext 75 --seed 1	3877	151	151	151	151	3877	151	151	151	151
MBNL1_K562_ENCSR497XZI	rnaprot_gt_out/MBNL1_K562_ENCSR497XZI_fixlen_151_gt_out	rnaprot_gt_out/pos_neg_fasta_out/MBNL1_K562_ENCSR497XZI.fixlen_151.positives.bed	rnaprot_gt_out/pos_neg_fasta_out/MBNL1_K562_ENCSR497XZI.fixlen_151.negatives.bed	--max-len 200 --mode 1 --seq-ext 75 --seed 1	908	151	151	151	151.0	908	151	151	151	151.0
METAP2_K562_ENCSR303OQD	rnaprot_gt_out/METAP2_K562_ENCSR303OQD_fixlen_151_gt_out	rnaprot_gt_out/pos_neg_fasta_out/METAP2_K562_ENCSR303OQD.fixlen_151.positives.bed	rnaprot_gt_out/pos_neg_fasta_out/METAP2_K562_ENCSR303OQD.fixlen_151.negatives.bed	--max-len 200 --mode 1 --seq-ext 75 --seed 1	2165	151	151	151	151	2165	151	151	151	151
METTL1_K562_ENCSR498DQS	rnaprot_gt_out/METTL1_K562_ENCSR498DQS_fixlen_151_gt_out	rnaprot_gt_out/pos_neg_fasta_out/METTL1_K562_ENCSR498DQS.fixlen_151.positives.bed	rnaprot_gt_out/pos_neg_fasta_out/METTL1_K562_ENCSR498DQS.fixlen_151.negatives.bed	--max-len 200 --mode 1 --seq-ext 75 --seed 1	297	151	151	151	151	297	151	151	151	151
MFAP1_K562_ENCSR491HUW	rnaprot_gt_out/MFAP1_K562_ENCSR491HUW_fixlen_151_gt_out	rnaprot_gt_out/pos_neg_fasta_out/MFAP1_K562_ENCSR491HUW.fixlen_151.positives.bed	rnaprot_gt_out/pos_neg_fasta_out/MFAP1_K562_ENCSR491HUW.fixlen_151.negatives.bed	--max-len 200 --mode 1 --seq-ext 75 --seed 1	6367	151	151	151	151	6367	151	151	151	151
MORC2_K562_ENCSR168VUE	rnaprot_gt_out/MORC2_K562_ENCSR168VUE_fixlen_151_gt_out	rnaprot_gt_out/pos_neg_fasta_out/MORC2_K562_ENCSR168VUE.fixlen_151.positives.bed	rnaprot_gt_out/pos_neg_fasta_out/MORC2_K562_ENCSR168VUE.fixlen_151.negatives.bed	--max-len 200 --mode 1 --seq-ext 75 --seed 1	715	151	151	151	151	715	151	151	151	151
MTPAP_K562_ENCSR200DKE	rnaprot_gt_out/MTPAP_K562_ENCSR200DKE_fixlen_151_gt_out	rnaprot_gt_out/pos_neg_fasta_out/MTPAP_K562_ENCSR200DKE.fixlen_151.positives.bed	rnaprot_gt_out/pos_neg_fasta_out/MTPAP_K562_ENCSR200DKE.fixlen_151.negatives.bed	--max-len 200 --mode 1 --seq-ext 75 --seed 1	972	151	151	151	151.0	972	151	151	151	151.0
NCBP2_HepG2_ENCSR018RVZ	rnaprot_gt_out/NCBP2_HepG2_ENCSR018RVZ_fixlen_151_gt_out	rnaprot_gt_out/pos_neg_fasta_out/NCBP2_HepG2_ENCSR018RVZ.fixlen_151.positives.bed	rnaprot_gt_out/pos_neg_fasta_out/NCBP2_HepG2_ENCSR018RVZ.fixlen_151.negatives.bed	--max-len 200 --mode 1 --seq-ext 75 --seed 1	2760	151	151	151	151.0	2760	151	151	151	151.0
NCBP2_K562_ENCSR484LTQ	rnaprot_gt_out/NCBP2_K562_ENCSR484LTQ_fixlen_151_gt_out	rnaprot_gt_out/pos_neg_fasta_out/NCBP2_K562_ENCSR484LTQ.fixlen_151.positives.bed	rnaprot_gt_out/pos_neg_fasta_out/NCBP2_K562_ENCSR484LTQ.fixlen_151.negatives.bed	--max-len 200 --mode 1 --seq-ext 75 --seed 1	377	151	151	151	151	377	151	151	151	151
NIP7_HepG2_ENCSR361OCV	rnaprot_gt_out/NIP7_HepG2_ENCSR361OCV_fixlen_151_gt_out	rnaprot_gt_out/pos_neg_fasta_out/NIP7_HepG2_ENCSR361OCV.fixlen_151.positives.bed	rnaprot_gt_out/pos_neg_fasta_out/NIP7_HepG2_ENCSR361OCV.fixlen_151.negatives.bed	--max-len 200 --mode 1 --seq-ext 75 --seed 1	180	151	151	151	151.0	180	151	151	151	151.0
NIPBL_K562_ENCSR891RIC	rnaprot_gt_out/NIPBL_K562_ENCSR891RIC_fixlen_151_gt_out	rnaprot_gt_out/pos_neg_fasta_out/NIPBL_K562_ENCSR891RIC.fixlen_151.positives.bed	rnaprot_gt_out/pos_neg_fasta_out/NIPBL_K562_ENCSR891RIC.fixlen_151.negatives.bed	--max-len 200 --mode 1 --seq-ext 75 --seed 1	237	151	151	151	151	237	151	151	151	151
NKRF_HepG2_ENCSR277DEO	rnaprot_gt_out/NKRF_HepG2_ENCSR277DEO_fixlen_151_gt_out	rnaprot_gt_out/pos_neg_fasta_out/NKRF_HepG2_ENCSR277DEO.fixlen_151.positives.bed	rnaprot_gt_out/pos_neg_fasta_out/NKRF_HepG2_ENCSR277DEO.fixlen_151.negatives.bed	--max-len 200 --mode 1 --seq-ext 75 --seed 1	3224	151	151	151	151.0	3224	151	151	151	151.0
NOL12_HepG2_ENCSR820DQJ	rnaprot_gt_out/NOL12_HepG2_ENCSR820DQJ_fixlen_151_gt_out	rnaprot_gt_out/pos_neg_fasta_out/NOL12_HepG2_ENCSR820DQJ.fixlen_151.positives.bed	rnaprot_gt_out/pos_neg_fasta_out/NOL12_HepG2_ENCSR820DQJ.fixlen_151.negatives.bed	--max-len 200 --mode 1 --seq-ext 75 --seed 1	213	151	151	151	151	213	151	151	151	151
NOLC1_HepG2_ENCSR194HZU	rnaprot_gt_out/NOLC1_HepG2_ENCSR194HZU_fixlen_151_gt_out	rnaprot_gt_out/pos_neg_fasta_out/NOLC1_HepG2_ENCSR194HZU.fixlen_151.positives.bed	rnaprot_gt_out/pos_neg_fasta_out/NOLC1_HepG2_ENCSR194HZU.fixlen_151.negatives.bed	--max-len 200 --mode 1 --seq-ext 75 --seed 1	492	151	151	151	151.0	492	151	151	151	151.0
NOLC1_K562_ENCSR001VAC	rnaprot_gt_out/NOLC1_K562_ENCSR001VAC_fixlen_151_gt_out	rnaprot_gt_out/pos_neg_fasta_out/NOLC1_K562_ENCSR001VAC.fixlen_151.positives.bed	rnaprot_gt_out/pos_neg_fasta_out/NOLC1_K562_ENCSR001VAC.fixlen_151.negatives.bed	--max-len 200 --mode 1 --seq-ext 75 --seed 1	1156	151	151	151	151.0	1156	151	151	151	151.0
NONO_HepG2_ENCSR585SMS	rnaprot_gt_out/NONO_HepG2_ENCSR585SMS_fixlen_151_gt_out	rnaprot_gt_out/pos_neg_fasta_out/NONO_HepG2_ENCSR585SMS.fixlen_151.positives.bed	rnaprot_gt_out/pos_neg_fasta_out/NONO_HepG2_ENCSR585SMS.fixlen_151.negatives.bed	--max-len 200 --mode 1 --seq-ext 75 --seed 1	3024	151	151	151	151.0	3024	151	151	151	151.0
NONO_K562_ENCSR285QHT	rnaprot_gt_out/NONO_K562_ENCSR285QHT_fixlen_151_gt_out	rnaprot_gt_out/pos_neg_fasta_out/NONO_K562_ENCSR285QHT.fixlen_151.positives.bed	rnaprot_gt_out/pos_neg_fasta_out/NONO_K562_ENCSR285QHT.fixlen_151.negatives.bed	--max-len 200 --mode 1 --seq-ext 75 --seed 1	1978	151	151	151	151.0	1978	151	151	151	151.0
NONO_K562_ENCSR861PAR	rnaprot_gt_out/NONO_K562_ENCSR861PAR_fixlen_151_gt_out	rnaprot_gt_out/pos_neg_fasta_out/NONO_K562_ENCSR861PAR.fixlen_151.positives.bed	rnaprot_gt_out/pos_neg_fasta_out/NONO_K562_ENCSR861PAR.fixlen_151.negatives.bed	--max-len 200 --mode 1 --seq-ext 75 --seed 1	7428	151	151	151	151.0	7428	151	151	151	151.0
NPM1_K562_ENCSR448IDP	rnaprot_gt_out/NPM1_K562_ENCSR448IDP_fixlen_151_gt_out	rnaprot_gt_out/pos_neg_fasta_out/NPM1_K562_ENCSR448IDP.fixlen_151.positives.bed	rnaprot_gt_out/pos_neg_fasta_out/NPM1_K562_ENCSR448IDP.fixlen_151.negatives.bed	--max-len 200 --mode 1 --seq-ext 75 --seed 1	265	151	151	151	151	265	151	151	151	151
NSUN2_HepG2_ENCSR379GZS	rnaprot_gt_out/NSUN2_HepG2_ENCSR379GZS_fixlen_151_gt_out	rnaprot_gt_out/pos_neg_fasta_out/NSUN2_HepG2_ENCSR379GZS.fixlen_151.positives.bed	rnaprot_gt_out/pos_neg_fasta_out/NSUN2_HepG2_ENCSR379GZS.fixlen_151.negatives.bed	--max-len 200 --mode 1 --seq-ext 75 --seed 1	264	151	151	151	151.0	264	151	151	151	151.0
NSUN2_K562_ENCSR081JYH	rnaprot_gt_out/NSUN2_K562_ENCSR081JYH_fixlen_151_gt_out	rnaprot_gt_out/pos_neg_fasta_out/NSUN2_K562_ENCSR081JYH.fixlen_151.positives.bed	rnaprot_gt_out/pos_neg_fasta_out/NSUN2_K562_ENCSR081JYH.fixlen_151.negatives.bed	--max-len 200 --mode 1 --seq-ext 75 --seed 1	84	151	151	151	151.0	84	151	151	151	151.0
NSUN4_K562_ENCSR224QFQ	rnaprot_gt_out/NSUN4_K562_ENCSR224QFQ_fixlen_151_gt_out	rnaprot_gt_out/pos_neg_fasta_out/NSUN4_K562_ENCSR224QFQ.fixlen_151.positives.bed	rnaprot_gt_out/pos_neg_fasta_out/NSUN4_K562_ENCSR224QFQ.fixlen_151.negatives.bed	--max-len 200 --mode 1 --seq-ext 75 --seed 1	941	151	151	151	151	941	151	151	151	151
PABPC4_K562_ENCSR958FKZ	rnaprot_gt_out/PABPC4_K562_ENCSR958FKZ_fixlen_151_gt_out	rnaprot_gt_out/pos_neg_fasta_out/PABPC4_K562_ENCSR958FKZ.fixlen_151.positives.bed	rnaprot_gt_out/pos_neg_fasta_out/PABPC4_K562_ENCSR958FKZ.fixlen_151.negatives.bed	--max-len 200 --mode 1 --seq-ext 75 --seed 1	3255	151	151	151	151	3255	151	151	151	151
PABPN1_HepG2_ENCSR820UYE	rnaprot_gt_out/PABPN1_HepG2_ENCSR820UYE_fixlen_151_gt_out	rnaprot_gt_out/pos_neg_fasta_out/PABPN1_HepG2_ENCSR820UYE.fixlen_151.positives.bed	rnaprot_gt_out/pos_neg_fasta_out/PABPN1_HepG2_ENCSR820UYE.fixlen_151.negatives.bed	--max-len 200 --mode 1 --seq-ext 75 --seed 1	2681	151	151	151	151	2681	151	151	151	151
PARP1_HepG2_ENCSR352IFB	rnaprot_gt_out/PARP1_HepG2_ENCSR352IFB_fixlen_151_gt_out	rnaprot_gt_out/pos_neg_fasta_out/PARP1_HepG2_ENCSR352IFB.fixlen_151.positives.bed	rnaprot_gt_out/pos_neg_fasta_out/PARP1_HepG2_ENCSR352IFB.fixlen_151.negatives.bed	--max-len 200 --mode 1 --seq-ext 75 --seed 1	97	151	151	151	151	97	151	151	151	151
PCBP1_HepG2_ENCSR256CHX	rnaprot_gt_out/PCBP1_HepG2_ENCSR256CHX_fixlen_151_gt_out	rnaprot_gt_out/pos_neg_fasta_out/PCBP1_HepG2_ENCSR256CHX.fixlen_151.positives.bed	rnaprot_gt_out/pos_neg_fasta_out/PCBP1_HepG2_ENCSR256CHX.fixlen_151.negatives.bed	--max-len 200 --mode 1 --seq-ext 75 --seed 1	640	151	151	151	151.0	640	151	151	151	151.0
PCBP1_K562_ENCSR922WJV	rnaprot_gt_out/PCBP1_K562_ENCSR922WJV_fixlen_151_gt_out	rnaprot_gt_out/pos_neg_fasta_out/PCBP1_K562_ENCSR922WJV.fixlen_151.positives.bed	rnaprot_gt_out/pos_neg_fasta_out/PCBP1_K562_ENCSR922WJV.fixlen_151.negatives.bed	--max-len 200 --mode 1 --seq-ext 75 --seed 1	1545	151	151	151	151	1545	151	151	151	151
PCBP2_HepG2_ENCSR339FUY	rnaprot_gt_out/PCBP2_HepG2_ENCSR339FUY_fixlen_151_gt_out	rnaprot_gt_out/pos_neg_fasta_out/PCBP2_HepG2_ENCSR339FUY.fixlen_151.positives.bed	rnaprot_gt_out/pos_neg_fasta_out/PCBP2_HepG2_ENCSR339FUY.fixlen_151.negatives.bed	--max-len 200 --mode 1 --seq-ext 75 --seed 1	6186	151	151	151	151.0	6186	151	151	151	151.0
PHF6_K562_ENCSR001KKZ	rnaprot_gt_out/PHF6_K562_ENCSR001KKZ_fixlen_151_gt_out	rnaprot_gt_out/pos_neg_fasta_out/PHF6_K562_ENCSR001KKZ.fixlen_151.positives.bed	rnaprot_gt_out/pos_neg_fasta_out/PHF6_K562_ENCSR001KKZ.fixlen_151.negatives.bed	--max-len 200 --mode 1 --seq-ext 75 --seed 1	508	151	151	151	151.0	508	151	151	151	151.0
PPIG_HepG2_ENCSR097NEE	rnaprot_gt_out/PPIG_HepG2_ENCSR097NEE_fixlen_151_gt_out	rnaprot_gt_out/pos_neg_fasta_out/PPIG_HepG2_ENCSR097NEE.fixlen_151.positives.bed	rnaprot_gt_out/pos_neg_fasta_out/PPIG_HepG2_ENCSR097NEE.fixlen_151.negatives.bed	--max-len 200 --mode 1 --seq-ext 75 --seed 1	17614	151	151	151	151.0	17614	151	151	151	151.0
PPIL4_K562_ENCSR197INS	rnaprot_gt_out/PPIL4_K562_ENCSR197INS_fixlen_151_gt_out	rnaprot_gt_out/pos_neg_fasta_out/PPIL4_K562_ENCSR197INS.fixlen_151.positives.bed	rnaprot_gt_out/pos_neg_fasta_out/PPIL4_K562_ENCSR197INS.fixlen_151.negatives.bed	--max-len 200 --mode 1 --seq-ext 75 --seed 1	465	151	151	151	151	465	151	151	151	151
PRP16_HepG2_ENCSR678OKJ	rnaprot_gt_out/PRP16_HepG2_ENCSR678OKJ_fixlen_151_gt_out	rnaprot_gt_out/pos_neg_fasta_out/PRP16_HepG2_ENCSR678OKJ.fixlen_151.positives.bed	rnaprot_gt_out/pos_neg_fasta_out/PRP16_HepG2_ENCSR678OKJ.fixlen_151.negatives.bed	--max-len 200 --mode 1 --seq-ext 75 --seed 1	138	151	151	151	151.0	138	151	151	151	151.0
PRPF39_HepG2_ENCSR348MQL	rnaprot_gt_out/PRPF39_HepG2_ENCSR348MQL_fixlen_151_gt_out	rnaprot_gt_out/pos_neg_fasta_out/PRPF39_HepG2_ENCSR348MQL.fixlen_151.positives.bed	rnaprot_gt_out/pos_neg_fasta_out/PRPF39_HepG2_ENCSR348MQL.fixlen_151.negatives.bed	--max-len 200 --mode 1 --seq-ext 75 --seed 1	4211	151	151	151	151	4211	151	151	151	151
PRPF39_HepG2_ENCSR884RBW	rnaprot_gt_out/PRPF39_HepG2_ENCSR884RBW_fixlen_151_gt_out	rnaprot_gt_out/pos_neg_fasta_out/PRPF39_HepG2_ENCSR884RBW.fixlen_151.positives.bed	rnaprot_gt_out/pos_neg_fasta_out/PRPF39_HepG2_ENCSR884RBW.fixlen_151.negatives.bed	--max-len 200 --mode 1 --seq-ext 75 --seed 1	3947	151	151	151	151	3947	151	151	151	151
PRPF4_HepG2_ENCSR977OXG	rnaprot_gt_out/PRPF4_HepG2_ENCSR977OXG_fixlen_151_gt_out	rnaprot_gt_out/pos_neg_fasta_out/PRPF4_HepG2_ENCSR977OXG.fixlen_151.positives.bed	rnaprot_gt_out/pos_neg_fasta_out/PRPF4_HepG2_ENCSR977OXG.fixlen_151.negatives.bed	--max-len 200 --mode 1 --seq-ext 75 --seed 1	6592	151	151	151	151.0	6592	151	151	151	151.0
PRPF8_HepG2_ENCSR121NVA	rnaprot_gt_out/PRPF8_HepG2_ENCSR121NVA_fixlen_151_gt_out	rnaprot_gt_out/pos_neg_fasta_out/PRPF8_HepG2_ENCSR121NVA.fixlen_151.positives.bed	rnaprot_gt_out/pos_neg_fasta_out/PRPF8_HepG2_ENCSR121NVA.fixlen_151.negatives.bed	--max-len 200 --mode 1 --seq-ext 75 --seed 1	16830	151	151	151	151.0	16830	151	151	151	151.0
PRPF8_K562_ENCSR534YOI	rnaprot_gt_out/PRPF8_K562_ENCSR534YOI_fixlen_151_gt_out	rnaprot_gt_out/pos_neg_fasta_out/PRPF8_K562_ENCSR534YOI.fixlen_151.positives.bed	rnaprot_gt_out/pos_neg_fasta_out/PRPF8_K562_ENCSR534YOI.fixlen_151.negatives.bed	--max-len 200 --mode 1 --seq-ext 75 --seed 1	9630	151	151	151	151.0	9630	151	151	151	151.0
PTBP1_HepG2_ENCSR384KAN	rnaprot_gt_out/PTBP1_HepG2_ENCSR384KAN_fixlen_151_gt_out	rnaprot_gt_out/pos_neg_fasta_out/PTBP1_HepG2_ENCSR384KAN.fixlen_151.positives.bed	rnaprot_gt_out/pos_neg_fasta_out/PTBP1_HepG2_ENCSR384KAN.fixlen_151.negatives.bed	--max-len 200 --mode 1 --seq-ext 75 --seed 1	6636	151	151	151	151.0	6636	151	151	151	151.0
PTBP1_K562_ENCSR981WKN	rnaprot_gt_out/PTBP1_K562_ENCSR981WKN_fixlen_151_gt_out	rnaprot_gt_out/pos_neg_fasta_out/PTBP1_K562_ENCSR981WKN.fixlen_151.positives.bed	rnaprot_gt_out/pos_neg_fasta_out/PTBP1_K562_ENCSR981WKN.fixlen_151.negatives.bed	--max-len 200 --mode 1 --seq-ext 75 --seed 1	6233	151	151	151	151	6233	151	151	151	151
PUM1_K562_ENCSR308YNT	rnaprot_gt_out/PUM1_K562_ENCSR308YNT_fixlen_151_gt_out	rnaprot_gt_out/pos_neg_fasta_out/PUM1_K562_ENCSR308YNT.fixlen_151.positives.bed	rnaprot_gt_out/pos_neg_fasta_out/PUM1_K562_ENCSR308YNT.fixlen_151.negatives.bed	--max-len 200 --mode 1 --seq-ext 75 --seed 1	1943	151	151	151	151	1943	151	151	151	151
PUM2_K562_ENCSR661ICQ	rnaprot_gt_out/PUM2_K562_ENCSR661ICQ_fixlen_151_gt_out	rnaprot_gt_out/pos_neg_fasta_out/PUM2_K562_ENCSR661ICQ.fixlen_151.positives.bed	rnaprot_gt_out/pos_neg_fasta_out/PUM2_K562_ENCSR661ICQ.fixlen_151.negatives.bed	--max-len 200 --mode 1 --seq-ext 75 --seed 1	3993	151	151	151	151	3993	151	151	151	151
QKI_HepG2_ENCSR570WLM	rnaprot_gt_out/QKI_HepG2_ENCSR570WLM_fixlen_151_gt_out	rnaprot_gt_out/pos_neg_fasta_out/QKI_HepG2_ENCSR570WLM.fixlen_151.positives.bed	rnaprot_gt_out/pos_neg_fasta_out/QKI_HepG2_ENCSR570WLM.fixlen_151.negatives.bed	--max-len 200 --mode 1 --seq-ext 75 --seed 1	7884	151	151	151	151.0	7884	151	151	151	151.0
QKI_K562_ENCSR366YOG	rnaprot_gt_out/QKI_K562_ENCSR366YOG_fixlen_151_gt_out	rnaprot_gt_out/pos_neg_fasta_out/QKI_K562_ENCSR366YOG.fixlen_151.positives.bed	rnaprot_gt_out/pos_neg_fasta_out/QKI_K562_ENCSR366YOG.fixlen_151.negatives.bed	--max-len 200 --mode 1 --seq-ext 75 --seed 1	1976	151	151	151	151.0	1976	151	151	151	151.0
RBFOX2_HepG2_ENCSR987FTF	rnaprot_gt_out/RBFOX2_HepG2_ENCSR987FTF_fixlen_151_gt_out	rnaprot_gt_out/pos_neg_fasta_out/RBFOX2_HepG2_ENCSR987FTF.fixlen_151.positives.bed	rnaprot_gt_out/pos_neg_fasta_out/RBFOX2_HepG2_ENCSR987FTF.fixlen_151.negatives.bed	--max-len 200 --mode 1 --seq-ext 75 --seed 1	4996	151	151	151	151.0	4996	151	151	151	151.0
RBFOX2_K562_ENCSR756CKJ	rnaprot_gt_out/RBFOX2_K562_ENCSR756CKJ_fixlen_151_gt_out	rnaprot_gt_out/pos_neg_fasta_out/RBFOX2_K562_ENCSR756CKJ.fixlen_151.positives.bed	rnaprot_gt_out/pos_neg_fasta_out/RBFOX2_K562_ENCSR756CKJ.fixlen_151.negatives.bed	--max-len 200 --mode 1 --seq-ext 75 --seed 1	2530	151	151	151	151.0	2530	151	151	151	151.0
RBM15_HepG2_ENCSR754NDA	rnaprot_gt_out/RBM15_HepG2_ENCSR754NDA_fixlen_151_gt_out	rnaprot_gt_out/pos_neg_fasta_out/RBM15_HepG2_ENCSR754NDA.fixlen_151.positives.bed	rnaprot_gt_out/pos_neg_fasta_out/RBM15_HepG2_ENCSR754NDA.fixlen_151.negatives.bed	--max-len 200 --mode 1 --seq-ext 75 --seed 1	1124	151	151	151	151.0	1124	151	151	151	151.0
RBM15_K562_ENCSR196INN	rnaprot_gt_out/RBM15_K562_ENCSR196INN_fixlen_151_gt_out	rnaprot_gt_out/pos_neg_fasta_out/RBM15_K562_ENCSR196INN.fixlen_151.positives.bed	rnaprot_gt_out/pos_neg_fasta_out/RBM15_K562_ENCSR196INN.fixlen_151.negatives.bed	--max-len 200 --mode 1 --seq-ext 75 --seed 1	6099	151	151	151	151	6099	151	151	151	151
RBM22_HepG2_ENCSR456JJQ	rnaprot_gt_out/RBM22_HepG2_ENCSR456JJQ_fixlen_151_gt_out	rnaprot_gt_out/pos_neg_fasta_out/RBM22_HepG2_ENCSR456JJQ.fixlen_151.positives.bed	rnaprot_gt_out/pos_neg_fasta_out/RBM22_HepG2_ENCSR456JJQ.fixlen_151.negatives.bed	--max-len 200 --mode 1 --seq-ext 75 --seed 1	1762	151	151	151	151.0	1762	151	151	151	151.0
RBM22_K562_ENCSR295OKT	rnaprot_gt_out/RBM22_K562_ENCSR295OKT_fixlen_151_gt_out	rnaprot_gt_out/pos_neg_fasta_out/RBM22_K562_ENCSR295OKT.fixlen_151.positives.bed	rnaprot_gt_out/pos_neg_fasta_out/RBM22_K562_ENCSR295OKT.fixlen_151.negatives.bed	--max-len 200 --mode 1 --seq-ext 75 --seed 1	930	151	151	151	151.0	930	151	151	151	151.0
RBM5_HepG2_ENCSR489ABS	rnaprot_gt_out/RBM5_HepG2_ENCSR489ABS_fixlen_151_gt_out	rnaprot_gt_out/pos_neg_fasta_out/RBM5_HepG2_ENCSR489ABS.fixlen_151.positives.bed	rnaprot_gt_out/pos_neg_fasta_out/RBM5_HepG2_ENCSR489ABS.fixlen_151.negatives.bed	--max-len 200 --mode 1 --seq-ext 75 --seed 1	601	151	151	151	151	601	151	151	151	151
RNF187_K562_ENCSR153STI	rnaprot_gt_out/RNF187_K562_ENCSR153STI_fixlen_151_gt_out	rnaprot_gt_out/pos_neg_fasta_out/RNF187_K562_ENCSR153STI.fixlen_151.positives.bed	rnaprot_gt_out/pos_neg_fasta_out/RNF187_K562_ENCSR153STI.fixlen_151.negatives.bed	--max-len 200 --mode 1 --seq-ext 75 --seed 1	523	151	151	151	151	523	151	151	151	151
RPS3_HepG2_ENCSR766FAC	rnaprot_gt_out/RPS3_HepG2_ENCSR766FAC_fixlen_151_gt_out	rnaprot_gt_out/pos_neg_fasta_out/RPS3_HepG2_ENCSR766FAC.fixlen_151.positives.bed	rnaprot_gt_out/pos_neg_fasta_out/RPS3_HepG2_ENCSR766FAC.fixlen_151.negatives.bed	--max-len 200 --mode 1 --seq-ext 75 --seed 1	3413	151	151	151	151	3413	151	151	151	151
RPS3_K562_ENCSR120EAR	rnaprot_gt_out/RPS3_K562_ENCSR120EAR_fixlen_151_gt_out	rnaprot_gt_out/pos_neg_fasta_out/RPS3_K562_ENCSR120EAR.fixlen_151.positives.bed	rnaprot_gt_out/pos_neg_fasta_out/RPS3_K562_ENCSR120EAR.fixlen_151.negatives.bed	--max-len 200 --mode 1 --seq-ext 75 --seed 1	1601	151	151	151	151	1601	151	151	151	151
RPS6_K562_ENCSR100ARZ	rnaprot_gt_out/RPS6_K562_ENCSR100ARZ_fixlen_151_gt_out	rnaprot_gt_out/pos_neg_fasta_out/RPS6_K562_ENCSR100ARZ.fixlen_151.positives.bed	rnaprot_gt_out/pos_neg_fasta_out/RPS6_K562_ENCSR100ARZ.fixlen_151.negatives.bed	--max-len 200 --mode 1 --seq-ext 75 --seed 1	203	151	151	151	151	203	151	151	151	151
RYBP_K562_ENCSR179MPN	rnaprot_gt_out/RYBP_K562_ENCSR179MPN_fixlen_151_gt_out	rnaprot_gt_out/pos_neg_fasta_out/RYBP_K562_ENCSR179MPN.fixlen_151.positives.bed	rnaprot_gt_out/pos_neg_fasta_out/RYBP_K562_ENCSR179MPN.fixlen_151.negatives.bed	--max-len 200 --mode 1 --seq-ext 75 --seed 1	606	151	151	151	151.0	606	151	151	151	151.0
SAFB2_K562_ENCSR943MHU	rnaprot_gt_out/SAFB2_K562_ENCSR943MHU_fixlen_151_gt_out	rnaprot_gt_out/pos_neg_fasta_out/SAFB2_K562_ENCSR943MHU.fixlen_151.positives.bed	rnaprot_gt_out/pos_neg_fasta_out/SAFB2_K562_ENCSR943MHU.fixlen_151.negatives.bed	--max-len 200 --mode 1 --seq-ext 75 --seed 1	2921	151	151	151	151	2921	151	151	151	151
SAFB_HepG2_ENCSR337XGI	rnaprot_gt_out/SAFB_HepG2_ENCSR337XGI_fixlen_151_gt_out	rnaprot_gt_out/pos_neg_fasta_out/SAFB_HepG2_ENCSR337XGI.fixlen_151.positives.bed	rnaprot_gt_out/pos_neg_fasta_out/SAFB_HepG2_ENCSR337XGI.fixlen_151.negatives.bed	--max-len 200 --mode 1 --seq-ext 75 --seed 1	239	151	151	151	151	239	151	151	151	151
SAFB_K562_ENCSR484LAB	rnaprot_gt_out/SAFB_K562_ENCSR484LAB_fixlen_151_gt_out	rnaprot_gt_out/pos_neg_fasta_out/SAFB_K562_ENCSR484LAB.fixlen_151.positives.bed	rnaprot_gt_out/pos_neg_fasta_out/SAFB_K562_ENCSR484LAB.fixlen_151.negatives.bed	--max-len 200 --mode 1 --seq-ext 75 --seed 1	417	151	151	151	151	417	151	151	151	151
SDAD1_HepG2_ENCSR050BDZ	rnaprot_gt_out/SDAD1_HepG2_ENCSR050BDZ_fixlen_151_gt_out	rnaprot_gt_out/pos_neg_fasta_out/SDAD1_HepG2_ENCSR050BDZ.fixlen_151.positives.bed	rnaprot_gt_out/pos_neg_fasta_out/SDAD1_HepG2_ENCSR050BDZ.fixlen_151.negatives.bed	--max-len 200 --mode 1 --seq-ext 75 --seed 1	653	151	151	151	151	653	151	151	151	151
SERBP1_K562_ENCSR121GQH	rnaprot_gt_out/SERBP1_K562_ENCSR121GQH_fixlen_151_gt_out	rnaprot_gt_out/pos_neg_fasta_out/SERBP1_K562_ENCSR121GQH.fixlen_151.positives.bed	rnaprot_gt_out/pos_neg_fasta_out/SERBP1_K562_ENCSR121GQH.fixlen_151.negatives.bed	--max-len 200 --mode 1 --seq-ext 75 --seed 1	98	151	151	151	151.0	98	151	151	151	151.0
SF3A1_HepG2_ENCSR317QOX	rnaprot_gt_out/SF3A1_HepG2_ENCSR317QOX_fixlen_151_gt_out	rnaprot_gt_out/pos_neg_fasta_out/SF3A1_HepG2_ENCSR317QOX.fixlen_151.positives.bed	rnaprot_gt_out/pos_neg_fasta_out/SF3A1_HepG2_ENCSR317QOX.fixlen_151.negatives.bed	--max-len 200 --mode 1 --seq-ext 75 --seed 1	1191	151	151	151	151	1191	151	151	151	151
SF3A3_HepG2_ENCSR331MIC	rnaprot_gt_out/SF3A3_HepG2_ENCSR331MIC_fixlen_151_gt_out	rnaprot_gt_out/pos_neg_fasta_out/SF3A3_HepG2_ENCSR331MIC.fixlen_151.positives.bed	rnaprot_gt_out/pos_neg_fasta_out/SF3A3_HepG2_ENCSR331MIC.fixlen_151.negatives.bed	--max-len 200 --mode 1 --seq-ext 75 --seed 1	2001	151	151	151	151	2001	151	151	151	151
SF3B4_HepG2_ENCSR279UJF	rnaprot_gt_out/SF3B4_HepG2_ENCSR279UJF_fixlen_151_gt_out	rnaprot_gt_out/pos_neg_fasta_out/SF3B4_HepG2_ENCSR279UJF.fixlen_151.positives.bed	rnaprot_gt_out/pos_neg_fasta_out/SF3B4_HepG2_ENCSR279UJF.fixlen_151.negatives.bed	--max-len 200 --mode 1 --seq-ext 75 --seed 1	5273	151	151	151	151	5273	151	151	151	151
SF3B4_K562_ENCSR267OLV	rnaprot_gt_out/SF3B4_K562_ENCSR267OLV_fixlen_151_gt_out	rnaprot_gt_out/pos_neg_fasta_out/SF3B4_K562_ENCSR267OLV.fixlen_151.positives.bed	rnaprot_gt_out/pos_neg_fasta_out/SF3B4_K562_ENCSR267OLV.fixlen_151.negatives.bed	--max-len 200 --mode 1 --seq-ext 75 --seed 1	8690	151	151	151	151.0	8690	151	151	151	151.0
SFPQ_HepG2_ENCSR965DLL	rnaprot_gt_out/SFPQ_HepG2_ENCSR965DLL_fixlen_151_gt_out	rnaprot_gt_out/pos_neg_fasta_out/SFPQ_HepG2_ENCSR965DLL.fixlen_151.positives.bed	rnaprot_gt_out/pos_neg_fasta_out/SFPQ_HepG2_ENCSR965DLL.fixlen_151.negatives.bed	--max-len 200 --mode 1 --seq-ext 75 --seed 1	2204	151	151	151	151.0	2204	151	151	151	151.0
SLBP_K562_ENCSR483NOP	rnaprot_gt_out/SLBP_K562_ENCSR483NOP_fixlen_151_gt_out	rnaprot_gt_out/pos_neg_fasta_out/SLBP_K562_ENCSR483NOP.fixlen_151.positives.bed	rnaprot_gt_out/pos_neg_fasta_out/SLBP_K562_ENCSR483NOP.fixlen_151.negatives.bed	--max-len 200 --mode 1 --seq-ext 75 --seed 1	74	151	151	151	151.0	74	151	151	151	151.0
SLTM_HepG2_ENCSR351PVI	rnaprot_gt_out/SLTM_HepG2_ENCSR351PVI_fixlen_151_gt_out	rnaprot_gt_out/pos_neg_fasta_out/SLTM_HepG2_ENCSR351PVI.fixlen_151.positives.bed	rnaprot_gt_out/pos_neg_fasta_out/SLTM_HepG2_ENCSR351PVI.fixlen_151.negatives.bed	--max-len 200 --mode 1 --seq-ext 75 --seed 1	1044	151	151	151	151.0	1044	151	151	151	151.0
SLTM_K562_ENCSR000SSH	rnaprot_gt_out/SLTM_K562_ENCSR000SSH_fixlen_151_gt_out	rnaprot_gt_out/pos_neg_fasta_out/SLTM_K562_ENCSR000SSH.fixlen_151.positives.bed	rnaprot_gt_out/pos_neg_fasta_out/SLTM_K562_ENCSR000SSH.fixlen_151.negatives.bed	--max-len 200 --mode 1 --seq-ext 75 --seed 1	2892	151	151	151	151.0	2892	151	151	151	151.0
SMNDC1_HepG2_ENCSR373ODC	rnaprot_gt_out/SMNDC1_HepG2_ENCSR373ODC_fixlen_151_gt_out	rnaprot_gt_out/pos_neg_fasta_out/SMNDC1_HepG2_ENCSR373ODC.fixlen_151.positives.bed	rnaprot_gt_out/pos_neg_fasta_out/SMNDC1_HepG2_ENCSR373ODC.fixlen_151.negatives.bed	--max-len 200 --mode 1 --seq-ext 75 --seed 1	145	151	151	151	151	145	151	151	151	151
SMNDC1_K562_ENCSR658IQB	rnaprot_gt_out/SMNDC1_K562_ENCSR658IQB_fixlen_151_gt_out	rnaprot_gt_out/pos_neg_fasta_out/SMNDC1_K562_ENCSR658IQB.fixlen_151.positives.bed	rnaprot_gt_out/pos_neg_fasta_out/SMNDC1_K562_ENCSR658IQB.fixlen_151.negatives.bed	--max-len 200 --mode 1 --seq-ext 75 --seed 1	1730	151	151	151	151.0	1730	151	151	151	151.0
SND1_HepG2_ENCSR061EVO	rnaprot_gt_out/SND1_HepG2_ENCSR061EVO_fixlen_151_gt_out	rnaprot_gt_out/pos_neg_fasta_out/SND1_HepG2_ENCSR061EVO.fixlen_151.positives.bed	rnaprot_gt_out/pos_neg_fasta_out/SND1_HepG2_ENCSR061EVO.fixlen_151.negatives.bed	--max-len 200 --mode 1 --seq-ext 75 --seed 1	3278	151	151	151	151.0	3278	151	151	151	151.0
SND1_K562_ENCSR128VXC	rnaprot_gt_out/SND1_K562_ENCSR128VXC_fixlen_151_gt_out	rnaprot_gt_out/pos_neg_fasta_out/SND1_K562_ENCSR128VXC.fixlen_151.positives.bed	rnaprot_gt_out/pos_neg_fasta_out/SND1_K562_ENCSR128VXC.fixlen_151.negatives.bed	--max-len 200 --mode 1 --seq-ext 75 --seed 1	2496	151	151	151	151.0	2496	151	151	151	151.0
SNRNP200_HepG2_ENCSR789YZZ	rnaprot_gt_out/SNRNP200_HepG2_ENCSR789YZZ_fixlen_151_gt_out	rnaprot_gt_out/pos_neg_fasta_out/SNRNP200_HepG2_ENCSR789YZZ.fixlen_151.positives.bed	rnaprot_gt_out/pos_neg_fasta_out/SNRNP200_HepG2_ENCSR789YZZ.fixlen_151.negatives.bed	--max-len 200 --mode 1 --seq-ext 75 --seed 1	964	151	151	151	151.0	964	151	151	151	151.0
SNRNP200_K562_ENCSR280JAB	rnaprot_gt_out/SNRNP200_K562_ENCSR280JAB_fixlen_151_gt_out	rnaprot_gt_out/pos_neg_fasta_out/SNRNP200_K562_ENCSR280JAB.fixlen_151.positives.bed	rnaprot_gt_out/pos_neg_fasta_out/SNRNP200_K562_ENCSR280JAB.fixlen_151.negatives.bed	--max-len 200 --mode 1 --seq-ext 75 --seed 1	599	151	151	151	151	599	151	151	151	151
SNRPA1_HepG2_ENCSR203ACR	rnaprot_gt_out/SNRPA1_HepG2_ENCSR203ACR_fixlen_151_gt_out	rnaprot_gt_out/pos_neg_fasta_out/SNRPA1_HepG2_ENCSR203ACR.fixlen_151.positives.bed	rnaprot_gt_out/pos_neg_fasta_out/SNRPA1_HepG2_ENCSR203ACR.fixlen_151.negatives.bed	--max-len 200 --mode 1 --seq-ext 75 --seed 1	277	151	151	151	151	277	151	151	151	151
SNRPC_HepG2_ENCSR959OKB	rnaprot_gt_out/SNRPC_HepG2_ENCSR959OKB_fixlen_151_gt_out	rnaprot_gt_out/pos_neg_fasta_out/SNRPC_HepG2_ENCSR959OKB.fixlen_151.positives.bed	rnaprot_gt_out/pos_neg_fasta_out/SNRPC_HepG2_ENCSR959OKB.fixlen_151.negatives.bed	--max-len 200 --mode 1 --seq-ext 75 --seed 1	2513	151	151	151	151	2513	151	151	151	151
SNRPC_K562_ENCSR714FKK	rnaprot_gt_out/SNRPC_K562_ENCSR714FKK_fixlen_151_gt_out	rnaprot_gt_out/pos_neg_fasta_out/SNRPC_K562_ENCSR714FKK.fixlen_151.positives.bed	rnaprot_gt_out/pos_neg_fasta_out/SNRPC_K562_ENCSR714FKK.fixlen_151.negatives.bed	--max-len 200 --mode 1 --seq-ext 75 --seed 1	2288	151	151	151	151.0	2288	151	151	151	151.0
SNRPD3_HepG2_ENCSR038CCV	rnaprot_gt_out/SNRPD3_HepG2_ENCSR038CCV_fixlen_151_gt_out	rnaprot_gt_out/pos_neg_fasta_out/SNRPD3_HepG2_ENCSR038CCV.fixlen_151.positives.bed	rnaprot_gt_out/pos_neg_fasta_out/SNRPD3_HepG2_ENCSR038CCV.fixlen_151.negatives.bed	--max-len 200 --mode 1 --seq-ext 75 --seed 1	335	151	151	151	151	335	151	151	151	151
SNRPD3_K562_ENCSR552TNU	rnaprot_gt_out/SNRPD3_K562_ENCSR552TNU_fixlen_151_gt_out	rnaprot_gt_out/pos_neg_fasta_out/SNRPD3_K562_ENCSR552TNU.fixlen_151.positives.bed	rnaprot_gt_out/pos_neg_fasta_out/SNRPD3_K562_ENCSR552TNU.fixlen_151.negatives.bed	--max-len 200 --mode 1 --seq-ext 75 --seed 1	1170	151	151	151	151.0	1170	151	151	151	151.0
SRSF1_HepG2_ENCSR989VIY	rnaprot_gt_out/SRSF1_HepG2_ENCSR989VIY_fixlen_151_gt_out	rnaprot_gt_out/pos_neg_fasta_out/SRSF1_HepG2_ENCSR989VIY.fixlen_151.positives.bed	rnaprot_gt_out/pos_neg_fasta_out/SRSF1_HepG2_ENCSR989VIY.fixlen_151.negatives.bed	--max-len 200 --mode 1 --seq-ext 75 --seed 1	1494	151	151	151	151.0	1494	151	151	151	151.0
SRSF1_K562_ENCSR321PWZ	rnaprot_gt_out/SRSF1_K562_ENCSR321PWZ_fixlen_151_gt_out	rnaprot_gt_out/pos_neg_fasta_out/SRSF1_K562_ENCSR321PWZ.fixlen_151.positives.bed	rnaprot_gt_out/pos_neg_fasta_out/SRSF1_K562_ENCSR321PWZ.fixlen_151.negatives.bed	--max-len 200 --mode 1 --seq-ext 75 --seed 1	2737	151	151	151	151	2737	151	151	151	151
SRSF1_K562_ENCSR432XUP	rnaprot_gt_out/SRSF1_K562_ENCSR432XUP_fixlen_151_gt_out	rnaprot_gt_out/pos_neg_fasta_out/SRSF1_K562_ENCSR432XUP.fixlen_151.positives.bed	rnaprot_gt_out/pos_neg_fasta_out/SRSF1_K562_ENCSR432XUP.fixlen_151.negatives.bed	--max-len 200 --mode 1 --seq-ext 75 --seed 1	1775	151	151	151	151	1775	151	151	151	151
SRSF5_K562_ENCSR124DES	rnaprot_gt_out/SRSF5_K562_ENCSR124DES_fixlen_151_gt_out	rnaprot_gt_out/pos_neg_fasta_out/SRSF5_K562_ENCSR124DES.fixlen_151.positives.bed	rnaprot_gt_out/pos_neg_fasta_out/SRSF5_K562_ENCSR124DES.fixlen_151.negatives.bed	--max-len 200 --mode 1 --seq-ext 75 --seed 1	349	151	151	151	151	349	151	151	151	151
SRSF7_HepG2_ENCSR513NDD	rnaprot_gt_out/SRSF7_HepG2_ENCSR513NDD_fixlen_151_gt_out	rnaprot_gt_out/pos_neg_fasta_out/SRSF7_HepG2_ENCSR513NDD.fixlen_151.positives.bed	rnaprot_gt_out/pos_neg_fasta_out/SRSF7_HepG2_ENCSR513NDD.fixlen_151.negatives.bed	--max-len 200 --mode 1 --seq-ext 75 --seed 1	318	151	151	151	151.0	318	151	151	151	151.0
SRSF7_K562_ENCSR468FSW	rnaprot_gt_out/SRSF7_K562_ENCSR468FSW_fixlen_151_gt_out	rnaprot_gt_out/pos_neg_fasta_out/SRSF7_K562_ENCSR468FSW.fixlen_151.positives.bed	rnaprot_gt_out/pos_neg_fasta_out/SRSF7_K562_ENCSR468FSW.fixlen_151.negatives.bed	--max-len 200 --mode 1 --seq-ext 75 --seed 1	398	151	151	151	151.0	398	151	151	151	151.0
SRSF9_HepG2_ENCSR773KRC	rnaprot_gt_out/SRSF9_HepG2_ENCSR773KRC_fixlen_151_gt_out	rnaprot_gt_out/pos_neg_fasta_out/SRSF9_HepG2_ENCSR773KRC.fixlen_151.positives.bed	rnaprot_gt_out/pos_neg_fasta_out/SRSF9_HepG2_ENCSR773KRC.fixlen_151.negatives.bed	--max-len 200 --mode 1 --seq-ext 75 --seed 1	574	151	151	151	151.0	574	151	151	151	151.0
SRSF9_K562_ENCSR381VNR	rnaprot_gt_out/SRSF9_K562_ENCSR381VNR_fixlen_151_gt_out	rnaprot_gt_out/pos_neg_fasta_out/SRSF9_K562_ENCSR381VNR.fixlen_151.positives.bed	rnaprot_gt_out/pos_neg_fasta_out/SRSF9_K562_ENCSR381VNR.fixlen_151.negatives.bed	--max-len 200 --mode 1 --seq-ext 75 --seed 1	186	151	151	151	151.0	186	151	151	151	151.0
SSB_K562_ENCSR356MSW	rnaprot_gt_out/SSB_K562_ENCSR356MSW_fixlen_151_gt_out	rnaprot_gt_out/pos_neg_fasta_out/SSB_K562_ENCSR356MSW.fixlen_151.positives.bed	rnaprot_gt_out/pos_neg_fasta_out/SSB_K562_ENCSR356MSW.fixlen_151.negatives.bed	--max-len 200 --mode 1 --seq-ext 75 --seed 1	92	151	151	151	151.0	92	151	151	151	151.0
STAU2_HepG2_ENCSR979EWD	rnaprot_gt_out/STAU2_HepG2_ENCSR979EWD_fixlen_151_gt_out	rnaprot_gt_out/pos_neg_fasta_out/STAU2_HepG2_ENCSR979EWD.fixlen_151.positives.bed	rnaprot_gt_out/pos_neg_fasta_out/STAU2_HepG2_ENCSR979EWD.fixlen_151.negatives.bed	--max-len 200 --mode 1 --seq-ext 75 --seed 1	631	151	151	151	151	631	151	151	151	151
SUB1_HepG2_ENCSR406OOZ	rnaprot_gt_out/SUB1_HepG2_ENCSR406OOZ_fixlen_151_gt_out	rnaprot_gt_out/pos_neg_fasta_out/SUB1_HepG2_ENCSR406OOZ.fixlen_151.positives.bed	rnaprot_gt_out/pos_neg_fasta_out/SUB1_HepG2_ENCSR406OOZ.fixlen_151.negatives.bed	--max-len 200 --mode 1 --seq-ext 75 --seed 1	2269	151	151	151	151	2269	151	151	151	151
SUGP2_HepG2_ENCSR506UPY	rnaprot_gt_out/SUGP2_HepG2_ENCSR506UPY_fixlen_151_gt_out	rnaprot_gt_out/pos_neg_fasta_out/SUGP2_HepG2_ENCSR506UPY.fixlen_151.positives.bed	rnaprot_gt_out/pos_neg_fasta_out/SUGP2_HepG2_ENCSR506UPY.fixlen_151.negatives.bed	--max-len 200 --mode 1 --seq-ext 75 --seed 1	10602	151	151	151	151.0	10602	151	151	151	151.0
SUPV3L1_HepG2_ENCSR580MFX	rnaprot_gt_out/SUPV3L1_HepG2_ENCSR580MFX_fixlen_151_gt_out	rnaprot_gt_out/pos_neg_fasta_out/SUPV3L1_HepG2_ENCSR580MFX.fixlen_151.positives.bed	rnaprot_gt_out/pos_neg_fasta_out/SUPV3L1_HepG2_ENCSR580MFX.fixlen_151.negatives.bed	--max-len 200 --mode 1 --seq-ext 75 --seed 1	215	151	151	151	151	215	151	151	151	151
TAF15_HepG2_ENCSR841EQA	rnaprot_gt_out/TAF15_HepG2_ENCSR841EQA_fixlen_151_gt_out	rnaprot_gt_out/pos_neg_fasta_out/TAF15_HepG2_ENCSR841EQA.fixlen_151.positives.bed	rnaprot_gt_out/pos_neg_fasta_out/TAF15_HepG2_ENCSR841EQA.fixlen_151.negatives.bed	--max-len 200 --mode 1 --seq-ext 75 --seed 1	702	151	151	151	151.0	702	151	151	151	151.0
TAF15_K562_ENCSR568DZW	rnaprot_gt_out/TAF15_K562_ENCSR568DZW_fixlen_151_gt_out	rnaprot_gt_out/pos_neg_fasta_out/TAF15_K562_ENCSR568DZW.fixlen_151.positives.bed	rnaprot_gt_out/pos_neg_fasta_out/TAF15_K562_ENCSR568DZW.fixlen_151.negatives.bed	--max-len 200 --mode 1 --seq-ext 75 --seed 1	430	151	151	151	151.0	430	151	151	151	151.0
TARDBP_HepG2_ENCSR187VEQ	rnaprot_gt_out/TARDBP_HepG2_ENCSR187VEQ_fixlen_151_gt_out	rnaprot_gt_out/pos_neg_fasta_out/TARDBP_HepG2_ENCSR187VEQ.fixlen_151.positives.bed	rnaprot_gt_out/pos_neg_fasta_out/TARDBP_HepG2_ENCSR187VEQ.fixlen_151.negatives.bed	--max-len 200 --mode 1 --seq-ext 75 --seed 1	10369	151	151	151	151	10369	151	151	151	151
TARDBP_K562_ENCSR584TCR	rnaprot_gt_out/TARDBP_K562_ENCSR584TCR_fixlen_151_gt_out	rnaprot_gt_out/pos_neg_fasta_out/TARDBP_K562_ENCSR584TCR.fixlen_151.positives.bed	rnaprot_gt_out/pos_neg_fasta_out/TARDBP_K562_ENCSR584TCR.fixlen_151.negatives.bed	--max-len 200 --mode 1 --seq-ext 75 --seed 1	5281	151	151	151	151	5281	151	151	151	151
TARDBP_K562_ENCSR720BJU	rnaprot_gt_out/TARDBP_K562_ENCSR720BJU_fixlen_151_gt_out	rnaprot_gt_out/pos_neg_fasta_out/TARDBP_K562_ENCSR720BJU.fixlen_151.positives.bed	rnaprot_gt_out/pos_neg_fasta_out/TARDBP_K562_ENCSR720BJU.fixlen_151.negatives.bed	--max-len 200 --mode 1 --seq-ext 75 --seed 1	3295	151	151	151	151	3295	151	151	151	151
TBRG4_HepG2_ENCSR916SRV	rnaprot_gt_out/TBRG4_HepG2_ENCSR916SRV_fixlen_151_gt_out	rnaprot_gt_out/pos_neg_fasta_out/TBRG4_HepG2_ENCSR916SRV.fixlen_151.positives.bed	rnaprot_gt_out/pos_neg_fasta_out/TBRG4_HepG2_ENCSR916SRV.fixlen_151.negatives.bed	--max-len 200 --mode 1 --seq-ext 75 --seed 1	38	151	151	151	151.0	38	151	151	151	151.0
TBRG4_K562_ENCSR506OTC	rnaprot_gt_out/TBRG4_K562_ENCSR506OTC_fixlen_151_gt_out	rnaprot_gt_out/pos_neg_fasta_out/TBRG4_K562_ENCSR506OTC.fixlen_151.positives.bed	rnaprot_gt_out/pos_neg_fasta_out/TBRG4_K562_ENCSR506OTC.fixlen_151.negatives.bed	--max-len 200 --mode 1 --seq-ext 75 --seed 1	262	151	151	151	151.0	262	151	151	151	151.0
TIA1_HepG2_ENCSR623VEQ	rnaprot_gt_out/TIA1_HepG2_ENCSR623VEQ_fixlen_151_gt_out	rnaprot_gt_out/pos_neg_fasta_out/TIA1_HepG2_ENCSR623VEQ.fixlen_151.positives.bed	rnaprot_gt_out/pos_neg_fasta_out/TIA1_HepG2_ENCSR623VEQ.fixlen_151.negatives.bed	--max-len 200 --mode 1 --seq-ext 75 --seed 1	1310	151	151	151	151.0	1310	151	151	151	151.0
TIA1_K562_ENCSR057DWB	rnaprot_gt_out/TIA1_K562_ENCSR057DWB_fixlen_151_gt_out	rnaprot_gt_out/pos_neg_fasta_out/TIA1_K562_ENCSR057DWB.fixlen_151.positives.bed	rnaprot_gt_out/pos_neg_fasta_out/TIA1_K562_ENCSR057DWB.fixlen_151.negatives.bed	--max-len 200 --mode 1 --seq-ext 75 --seed 1	4859	151	151	151	151	4859	151	151	151	151
TIAL1_HepG2_ENCSR322HHA	rnaprot_gt_out/TIAL1_HepG2_ENCSR322HHA_fixlen_151_gt_out	rnaprot_gt_out/pos_neg_fasta_out/TIAL1_HepG2_ENCSR322HHA.fixlen_151.positives.bed	rnaprot_gt_out/pos_neg_fasta_out/TIAL1_HepG2_ENCSR322HHA.fixlen_151.negatives.bed	--max-len 200 --mode 1 --seq-ext 75 --seed 1	1907	151	151	151	151	1907	151	151	151	151
TIAL1_K562_ENCSR539DEW	rnaprot_gt_out/TIAL1_K562_ENCSR539DEW_fixlen_151_gt_out	rnaprot_gt_out/pos_neg_fasta_out/TIAL1_K562_ENCSR539DEW.fixlen_151.positives.bed	rnaprot_gt_out/pos_neg_fasta_out/TIAL1_K562_ENCSR539DEW.fixlen_151.negatives.bed	--max-len 200 --mode 1 --seq-ext 75 --seed 1	4343	151	151	151	151	4343	151	151	151	151
TRA2A_HepG2_ENCSR314UMJ	rnaprot_gt_out/TRA2A_HepG2_ENCSR314UMJ_fixlen_151_gt_out	rnaprot_gt_out/pos_neg_fasta_out/TRA2A_HepG2_ENCSR314UMJ.fixlen_151.positives.bed	rnaprot_gt_out/pos_neg_fasta_out/TRA2A_HepG2_ENCSR314UMJ.fixlen_151.negatives.bed	--max-len 200 --mode 1 --seq-ext 75 --seed 1	744	151	151	151	151.0	744	151	151	151	151.0
TRA2A_K562_ENCSR365NVO	rnaprot_gt_out/TRA2A_K562_ENCSR365NVO_fixlen_151_gt_out	rnaprot_gt_out/pos_neg_fasta_out/TRA2A_K562_ENCSR365NVO.fixlen_151.positives.bed	rnaprot_gt_out/pos_neg_fasta_out/TRA2A_K562_ENCSR365NVO.fixlen_151.negatives.bed	--max-len 200 --mode 1 --seq-ext 75 --seed 1	1098	151	151	151	151.0	1098	151	151	151	151.0
TROVE2_HepG2_ENCSR993FMY	rnaprot_gt_out/TROVE2_HepG2_ENCSR993FMY_fixlen_151_gt_out	rnaprot_gt_out/pos_neg_fasta_out/TROVE2_HepG2_ENCSR993FMY.fixlen_151.positives.bed	rnaprot_gt_out/pos_neg_fasta_out/TROVE2_HepG2_ENCSR993FMY.fixlen_151.negatives.bed	--max-len 200 --mode 1 --seq-ext 75 --seed 1	110	151	151	151	151.0	110	151	151	151	151.0
TROVE2_K562_ENCSR539ZTS	rnaprot_gt_out/TROVE2_K562_ENCSR539ZTS_fixlen_151_gt_out	rnaprot_gt_out/pos_neg_fasta_out/TROVE2_K562_ENCSR539ZTS.fixlen_151.positives.bed	rnaprot_gt_out/pos_neg_fasta_out/TROVE2_K562_ENCSR539ZTS.fixlen_151.negatives.bed	--max-len 200 --mode 1 --seq-ext 75 --seed 1	319	151	151	151	151	319	151	151	151	151
U2AF1_HepG2_ENCSR328LLU	rnaprot_gt_out/U2AF1_HepG2_ENCSR328LLU_fixlen_151_gt_out	rnaprot_gt_out/pos_neg_fasta_out/U2AF1_HepG2_ENCSR328LLU.fixlen_151.positives.bed	rnaprot_gt_out/pos_neg_fasta_out/U2AF1_HepG2_ENCSR328LLU.fixlen_151.negatives.bed	--max-len 200 --mode 1 --seq-ext 75 --seed 1	909	151	151	151	151	909	151	151	151	151
U2AF1_K562_ENCSR862QCH	rnaprot_gt_out/U2AF1_K562_ENCSR862QCH_fixlen_151_gt_out	rnaprot_gt_out/pos_neg_fasta_out/U2AF1_K562_ENCSR862QCH.fixlen_151.positives.bed	rnaprot_gt_out/pos_neg_fasta_out/U2AF1_K562_ENCSR862QCH.fixlen_151.negatives.bed	--max-len 200 --mode 1 --seq-ext 75 --seed 1	1115	151	151	151	151	1115	151	151	151	151
U2AF2_HepG2_ENCSR202BFN	rnaprot_gt_out/U2AF2_HepG2_ENCSR202BFN_fixlen_151_gt_out	rnaprot_gt_out/pos_neg_fasta_out/U2AF2_HepG2_ENCSR202BFN.fixlen_151.positives.bed	rnaprot_gt_out/pos_neg_fasta_out/U2AF2_HepG2_ENCSR202BFN.fixlen_151.negatives.bed	--max-len 200 --mode 1 --seq-ext 75 --seed 1	9721	151	151	151	151	9721	151	151	151	151
U2AF2_K562_ENCSR893RAV	rnaprot_gt_out/U2AF2_K562_ENCSR893RAV_fixlen_151_gt_out	rnaprot_gt_out/pos_neg_fasta_out/U2AF2_K562_ENCSR893RAV.fixlen_151.positives.bed	rnaprot_gt_out/pos_neg_fasta_out/U2AF2_K562_ENCSR893RAV.fixlen_151.negatives.bed	--max-len 200 --mode 1 --seq-ext 75 --seed 1	3118	151	151	151	151.0	3118	151	151	151	151.0
UCHL5_HepG2_ENCSR490IEE	rnaprot_gt_out/UCHL5_HepG2_ENCSR490IEE_fixlen_151_gt_out	rnaprot_gt_out/pos_neg_fasta_out/UCHL5_HepG2_ENCSR490IEE.fixlen_151.positives.bed	rnaprot_gt_out/pos_neg_fasta_out/UCHL5_HepG2_ENCSR490IEE.fixlen_151.negatives.bed	--max-len 200 --mode 1 --seq-ext 75 --seed 1	1864	151	151	151	151.0	1864	151	151	151	151.0
UCHL5_K562_ENCSR349KMG	rnaprot_gt_out/UCHL5_K562_ENCSR349KMG_fixlen_151_gt_out	rnaprot_gt_out/pos_neg_fasta_out/UCHL5_K562_ENCSR349KMG.fixlen_151.positives.bed	rnaprot_gt_out/pos_neg_fasta_out/UCHL5_K562_ENCSR349KMG.fixlen_151.negatives.bed	--max-len 200 --mode 1 --seq-ext 75 --seed 1	13364	151	151	151	151.0	13364	151	151	151	151.0
UPF1_HepG2_ENCSR539BEV	rnaprot_gt_out/UPF1_HepG2_ENCSR539BEV_fixlen_151_gt_out	rnaprot_gt_out/pos_neg_fasta_out/UPF1_HepG2_ENCSR539BEV.fixlen_151.positives.bed	rnaprot_gt_out/pos_neg_fasta_out/UPF1_HepG2_ENCSR539BEV.fixlen_151.negatives.bed	--max-len 200 --mode 1 --seq-ext 75 --seed 1	5457	151	151	151	151	5457	151	151	151	151
UPF1_K562_ENCSR456ASB	rnaprot_gt_out/UPF1_K562_ENCSR456ASB_fixlen_151_gt_out	rnaprot_gt_out/pos_neg_fasta_out/UPF1_K562_ENCSR456ASB.fixlen_151.positives.bed	rnaprot_gt_out/pos_neg_fasta_out/UPF1_K562_ENCSR456ASB.fixlen_151.negatives.bed	--max-len 200 --mode 1 --seq-ext 75 --seed 1	6977	151	151	151	151	6977	151	151	151	151
UTP18_K562_ENCSR964VOX	rnaprot_gt_out/UTP18_K562_ENCSR964VOX_fixlen_151_gt_out	rnaprot_gt_out/pos_neg_fasta_out/UTP18_K562_ENCSR964VOX.fixlen_151.positives.bed	rnaprot_gt_out/pos_neg_fasta_out/UTP18_K562_ENCSR964VOX.fixlen_151.negatives.bed	--max-len 200 --mode 1 --seq-ext 75 --seed 1	99	151	151	151	151	99	151	151	151	151
WDR43_HepG2_ENCSR085JPB	rnaprot_gt_out/WDR43_HepG2_ENCSR085JPB_fixlen_151_gt_out	rnaprot_gt_out/pos_neg_fasta_out/WDR43_HepG2_ENCSR085JPB.fixlen_151.positives.bed	rnaprot_gt_out/pos_neg_fasta_out/WDR43_HepG2_ENCSR085JPB.fixlen_151.negatives.bed	--max-len 200 --mode 1 --seq-ext 75 --seed 1	165	151	151	151	151	165	151	151	151	151
WDR43_K562_ENCSR349CMI	rnaprot_gt_out/WDR43_K562_ENCSR349CMI_fixlen_151_gt_out	rnaprot_gt_out/pos_neg_fasta_out/WDR43_K562_ENCSR349CMI.fixlen_151.positives.bed	rnaprot_gt_out/pos_neg_fasta_out/WDR43_K562_ENCSR349CMI.fixlen_151.negatives.bed	--max-len 200 --mode 1 --seq-ext 75 --seed 1	106	151	151	151	151.0	106	151	151	151	151.0
WRN_K562_ENCSR038JME	rnaprot_gt_out/WRN_K562_ENCSR038JME_fixlen_151_gt_out	rnaprot_gt_out/pos_neg_fasta_out/WRN_K562_ENCSR038JME.fixlen_151.positives.bed	rnaprot_gt_out/pos_neg_fasta_out/WRN_K562_ENCSR038JME.fixlen_151.negatives.bed	--max-len 200 --mode 1 --seq-ext 75 --seed 1	85	151	151	151	151	85	151	151	151	151
XPO5_HepG2_ENCSR921SXC	rnaprot_gt_out/XPO5_HepG2_ENCSR921SXC_fixlen_151_gt_out	rnaprot_gt_out/pos_neg_fasta_out/XPO5_HepG2_ENCSR921SXC.fixlen_151.positives.bed	rnaprot_gt_out/pos_neg_fasta_out/XPO5_HepG2_ENCSR921SXC.fixlen_151.negatives.bed	--max-len 200 --mode 1 --seq-ext 75 --seed 1	3455	151	151	151	151	3455	151	151	151	151
XRCC6_K562_ENCSR258QKO	rnaprot_gt_out/XRCC6_K562_ENCSR258QKO_fixlen_151_gt_out	rnaprot_gt_out/pos_neg_fasta_out/XRCC6_K562_ENCSR258QKO.fixlen_151.positives.bed	rnaprot_gt_out/pos_neg_fasta_out/XRCC6_K562_ENCSR258QKO.fixlen_151.negatives.bed	--max-len 200 --mode 1 --seq-ext 75 --seed 1	775	151	151	151	151	775	151	151	151	151
XRN2_HepG2_ENCSR655NZA	rnaprot_gt_out/XRN2_HepG2_ENCSR655NZA_fixlen_151_gt_out	rnaprot_gt_out/pos_neg_fasta_out/XRN2_HepG2_ENCSR655NZA.fixlen_151.positives.bed	rnaprot_gt_out/pos_neg_fasta_out/XRN2_HepG2_ENCSR655NZA.fixlen_151.negatives.bed	--max-len 200 --mode 1 --seq-ext 75 --seed 1	1313	151	151	151	151	1313	151	151	151	151
XRN2_K562_ENCSR657TZB	rnaprot_gt_out/XRN2_K562_ENCSR657TZB_fixlen_151_gt_out	rnaprot_gt_out/pos_neg_fasta_out/XRN2_K562_ENCSR657TZB.fixlen_151.positives.bed	rnaprot_gt_out/pos_neg_fasta_out/XRN2_K562_ENCSR657TZB.fixlen_151.negatives.bed	--max-len 200 --mode 1 --seq-ext 75 --seed 1	1196	151	151	151	151.0	1196	151	151	151	151.0
YBX3_HepG2_ENCSR735HOK	rnaprot_gt_out/YBX3_HepG2_ENCSR735HOK_fixlen_151_gt_out	rnaprot_gt_out/pos_neg_fasta_out/YBX3_HepG2_ENCSR735HOK.fixlen_151.positives.bed	rnaprot_gt_out/pos_neg_fasta_out/YBX3_HepG2_ENCSR735HOK.fixlen_151.negatives.bed	--max-len 200 --mode 1 --seq-ext 75 --seed 1	960	151	151	151	151.0	960	151	151	151	151.0
YBX3_K562_ENCSR529FKI	rnaprot_gt_out/YBX3_K562_ENCSR529FKI_fixlen_151_gt_out	rnaprot_gt_out/pos_neg_fasta_out/YBX3_K562_ENCSR529FKI.fixlen_151.positives.bed	rnaprot_gt_out/pos_neg_fasta_out/YBX3_K562_ENCSR529FKI.fixlen_151.negatives.bed	--max-len 200 --mode 1 --seq-ext 75 --seed 1	9963	151	151	151	151	9963	151	151	151	151
YWHAG_K562_ENCSR867ZVK	rnaprot_gt_out/YWHAG_K562_ENCSR867ZVK_fixlen_151_gt_out	rnaprot_gt_out/pos_neg_fasta_out/YWHAG_K562_ENCSR867ZVK.fixlen_151.positives.bed	rnaprot_gt_out/pos_neg_fasta_out/YWHAG_K562_ENCSR867ZVK.fixlen_151.negatives.bed	--max-len 200 --mode 1 --seq-ext 75 --seed 1	633	151	151	151	151	633	151	151	151	151
ZC3H11A_HepG2_ENCSR907GUB	rnaprot_gt_out/ZC3H11A_HepG2_ENCSR907GUB_fixlen_151_gt_out	rnaprot_gt_out/pos_neg_fasta_out/ZC3H11A_HepG2_ENCSR907GUB.fixlen_151.positives.bed	rnaprot_gt_out/pos_neg_fasta_out/ZC3H11A_HepG2_ENCSR907GUB.fixlen_151.negatives.bed	--max-len 200 --mode 1 --seq-ext 75 --seed 1	920	151	151	151	151.0	920	151	151	151	151.0
ZC3H11A_K562_ENCSR712IAG	rnaprot_gt_out/ZC3H11A_K562_ENCSR712IAG_fixlen_151_gt_out	rnaprot_gt_out/pos_neg_fasta_out/ZC3H11A_K562_ENCSR712IAG.fixlen_151.positives.bed	rnaprot_gt_out/pos_neg_fasta_out/ZC3H11A_K562_ENCSR712IAG.fixlen_151.negatives.bed	--max-len 200 --mode 1 --seq-ext 75 --seed 1	946	151	151	151	151.0	946	151	151	151	151.0
ZC3H8_K562_ENCSR181NRW	rnaprot_gt_out/ZC3H8_K562_ENCSR181NRW_fixlen_151_gt_out	rnaprot_gt_out/pos_neg_fasta_out/ZC3H8_K562_ENCSR181NRW.fixlen_151.positives.bed	rnaprot_gt_out/pos_neg_fasta_out/ZC3H8_K562_ENCSR181NRW.fixlen_151.negatives.bed	--max-len 200 --mode 1 --seq-ext 75 --seed 1	134	151	151	151	151.0	134	151	151	151	151.0
ZNF622_K562_ENCSR657TZZ	rnaprot_gt_out/ZNF622_K562_ENCSR657TZZ_fixlen_151_gt_out	rnaprot_gt_out/pos_neg_fasta_out/ZNF622_K562_ENCSR657TZZ.fixlen_151.positives.bed	rnaprot_gt_out/pos_neg_fasta_out/ZNF622_K562_ENCSR657TZZ.fixlen_151.negatives.bed	--max-len 200 --mode 1 --seq-ext 75 --seed 1	11247	151	151	151	151	11247	151	151	151	151
ZNF800_HepG2_ENCSR685AUR	rnaprot_gt_out/ZNF800_HepG2_ENCSR685AUR_fixlen_151_gt_out	rnaprot_gt_out/pos_neg_fasta_out/ZNF800_HepG2_ENCSR685AUR.fixlen_151.positives.bed	rnaprot_gt_out/pos_neg_fasta_out/ZNF800_HepG2_ENCSR685AUR.fixlen_151.negatives.bed	--max-len 200 --mode 1 --seq-ext 75 --seed 1	2190	151	151	151	151.0	2190	151	151	151	151.0
ZNF800_K562_ENCSR586DGV	rnaprot_gt_out/ZNF800_K562_ENCSR586DGV_fixlen_151_gt_out	rnaprot_gt_out/pos_neg_fasta_out/ZNF800_K562_ENCSR586DGV.fixlen_151.positives.bed	rnaprot_gt_out/pos_neg_fasta_out/ZNF800_K562_ENCSR586DGV.fixlen_151.negatives.bed	--max-len 200 --mode 1 --seq-ext 75 --seed 1	1966	151	151	151	151.0	1966	151	151	151	151.0
ZRANB2_K562_ENCSR663NRA	rnaprot_gt_out/ZRANB2_K562_ENCSR663NRA_fixlen_151_gt_out	rnaprot_gt_out/pos_neg_fasta_out/ZRANB2_K562_ENCSR663NRA.fixlen_151.positives.bed	rnaprot_gt_out/pos_neg_fasta_out/ZRANB2_K562_ENCSR663NRA.fixlen_151.negatives.bed	--max-len 200 --mode 1 --seq-ext 75 --seed 1	190	151	151	151	151.0	190	151	151	151	151.0
AATF_K562_ENCSR819XBT	rnaprot_gt_out/AATF_K562_ENCSR819XBT_fixlen_201_gt_out	rnaprot_gt_out/pos_neg_fasta_out/AATF_K562_ENCSR819XBT.fixlen_201.positives.bed	rnaprot_gt_out/pos_neg_fasta_out/AATF_K562_ENCSR819XBT.fixlen_201.negatives.bed	--max-len 200 --mode 1 --seq-ext 100 --seed 1	615	201	201	201	201	615	201	201	201	201
ADAR_K562_ENCSR202LKI	rnaprot_gt_out/ADAR_K562_ENCSR202LKI_fixlen_201_gt_out	rnaprot_gt_out/pos_neg_fasta_out/ADAR_K562_ENCSR202LKI.fixlen_201.positives.bed	rnaprot_gt_out/pos_neg_fasta_out/ADAR_K562_ENCSR202LKI.fixlen_201.negatives.bed	--max-len 200 --mode 1 --seq-ext 100 --seed 1	714	201	201	201	201.0	714	201	201	201	201.0
ADAT1_K562_ENCSR750YOM	rnaprot_gt_out/ADAT1_K562_ENCSR750YOM_fixlen_201_gt_out	rnaprot_gt_out/pos_neg_fasta_out/ADAT1_K562_ENCSR750YOM.fixlen_201.positives.bed	rnaprot_gt_out/pos_neg_fasta_out/ADAT1_K562_ENCSR750YOM.fixlen_201.negatives.bed	--max-len 200 --mode 1 --seq-ext 100 --seed 1	600	201	201	201	201.0	600	201	201	201	201.0
AGGF1_HepG2_ENCSR543TPH	rnaprot_gt_out/AGGF1_HepG2_ENCSR543TPH_fixlen_201_gt_out	rnaprot_gt_out/pos_neg_fasta_out/AGGF1_HepG2_ENCSR543TPH.fixlen_201.positives.bed	rnaprot_gt_out/pos_neg_fasta_out/AGGF1_HepG2_ENCSR543TPH.fixlen_201.negatives.bed	--max-len 200 --mode 1 --seq-ext 100 --seed 1	1324	201	201	201	201.0	1324	201	201	201	201.0
AGGF1_K562_ENCSR725ARB	rnaprot_gt_out/AGGF1_K562_ENCSR725ARB_fixlen_201_gt_out	rnaprot_gt_out/pos_neg_fasta_out/AGGF1_K562_ENCSR725ARB.fixlen_201.positives.bed	rnaprot_gt_out/pos_neg_fasta_out/AGGF1_K562_ENCSR725ARB.fixlen_201.negatives.bed	--max-len 200 --mode 1 --seq-ext 100 --seed 1	2625	201	201	201	201	2625	201	201	201	201
AGO2_K562_ENCSR048YXG	rnaprot_gt_out/AGO2_K562_ENCSR048YXG_fixlen_201_gt_out	rnaprot_gt_out/pos_neg_fasta_out/AGO2_K562_ENCSR048YXG.fixlen_201.positives.bed	rnaprot_gt_out/pos_neg_fasta_out/AGO2_K562_ENCSR048YXG.fixlen_201.negatives.bed	--max-len 200 --mode 1 --seq-ext 100 --seed 1	7579	201	201	201	201	7579	201	201	201	201
AKAP1_HepG2_ENCSR356ZMO	rnaprot_gt_out/AKAP1_HepG2_ENCSR356ZMO_fixlen_201_gt_out	rnaprot_gt_out/pos_neg_fasta_out/AKAP1_HepG2_ENCSR356ZMO.fixlen_201.positives.bed	rnaprot_gt_out/pos_neg_fasta_out/AKAP1_HepG2_ENCSR356ZMO.fixlen_201.negatives.bed	--max-len 200 --mode 1 --seq-ext 100 --seed 1	2428	201	201	201	201.0	2428	201	201	201	201.0
AKAP1_K562_ENCSR177QQY	rnaprot_gt_out/AKAP1_K562_ENCSR177QQY_fixlen_201_gt_out	rnaprot_gt_out/pos_neg_fasta_out/AKAP1_K562_ENCSR177QQY.fixlen_201.positives.bed	rnaprot_gt_out/pos_neg_fasta_out/AKAP1_K562_ENCSR177QQY.fixlen_201.negatives.bed	--max-len 200 --mode 1 --seq-ext 100 --seed 1	984	201	201	201	201.0	984	201	201	201	201.0
AKAP8L_K562_ENCSR206RXT	rnaprot_gt_out/AKAP8L_K562_ENCSR206RXT_fixlen_201_gt_out	rnaprot_gt_out/pos_neg_fasta_out/AKAP8L_K562_ENCSR206RXT.fixlen_201.positives.bed	rnaprot_gt_out/pos_neg_fasta_out/AKAP8L_K562_ENCSR206RXT.fixlen_201.negatives.bed	--max-len 200 --mode 1 --seq-ext 100 --seed 1	1627	201	201	201	201	1627	201	201	201	201
APEX1_HepG2_ENCSR554GSW	rnaprot_gt_out/APEX1_HepG2_ENCSR554GSW_fixlen_201_gt_out	rnaprot_gt_out/pos_neg_fasta_out/APEX1_HepG2_ENCSR554GSW.fixlen_201.positives.bed	rnaprot_gt_out/pos_neg_fasta_out/APEX1_HepG2_ENCSR554GSW.fixlen_201.negatives.bed	--max-len 200 --mode 1 --seq-ext 100 --seed 1	327	201	201	201	201	327	201	201	201	201
APEX1_K562_ENCSR256NCI	rnaprot_gt_out/APEX1_K562_ENCSR256NCI_fixlen_201_gt_out	rnaprot_gt_out/pos_neg_fasta_out/APEX1_K562_ENCSR256NCI.fixlen_201.positives.bed	rnaprot_gt_out/pos_neg_fasta_out/APEX1_K562_ENCSR256NCI.fixlen_201.negatives.bed	--max-len 200 --mode 1 --seq-ext 100 --seed 1	96	201	201	201	201.0	96	201	201	201	201.0
APOBEC3C_K562_ENCSR739VVT	rnaprot_gt_out/APOBEC3C_K562_ENCSR739VVT_fixlen_201_gt_out	rnaprot_gt_out/pos_neg_fasta_out/APOBEC3C_K562_ENCSR739VVT.fixlen_201.positives.bed	rnaprot_gt_out/pos_neg_fasta_out/APOBEC3C_K562_ENCSR739VVT.fixlen_201.negatives.bed	--max-len 200 --mode 1 --seq-ext 100 --seed 1	801	201	201	201	201	801	201	201	201	201
AQR_HepG2_ENCSR018WPY	rnaprot_gt_out/AQR_HepG2_ENCSR018WPY_fixlen_201_gt_out	rnaprot_gt_out/pos_neg_fasta_out/AQR_HepG2_ENCSR018WPY.fixlen_201.positives.bed	rnaprot_gt_out/pos_neg_fasta_out/AQR_HepG2_ENCSR018WPY.fixlen_201.negatives.bed	--max-len 200 --mode 1 --seq-ext 100 --seed 1	8255	201	201	201	201	8255	201	201	201	201
AQR_K562_ENCSR606BPV	rnaprot_gt_out/AQR_K562_ENCSR606BPV_fixlen_201_gt_out	rnaprot_gt_out/pos_neg_fasta_out/AQR_K562_ENCSR606BPV.fixlen_201.positives.bed	rnaprot_gt_out/pos_neg_fasta_out/AQR_K562_ENCSR606BPV.fixlen_201.negatives.bed	--max-len 200 --mode 1 --seq-ext 100 --seed 1	15790	201	201	201	201.0	15790	201	201	201	201.0
BCCIP_HepG2_ENCSR485QCG	rnaprot_gt_out/BCCIP_HepG2_ENCSR485QCG_fixlen_201_gt_out	rnaprot_gt_out/pos_neg_fasta_out/BCCIP_HepG2_ENCSR485QCG.fixlen_201.positives.bed	rnaprot_gt_out/pos_neg_fasta_out/BCCIP_HepG2_ENCSR485QCG.fixlen_201.negatives.bed	--max-len 200 --mode 1 --seq-ext 100 --seed 1	343	201	201	201	201	343	201	201	201	201
BCLAF1_HepG2_ENCSR876EYA	rnaprot_gt_out/BCLAF1_HepG2_ENCSR876EYA_fixlen_201_gt_out	rnaprot_gt_out/pos_neg_fasta_out/BCLAF1_HepG2_ENCSR876EYA.fixlen_201.positives.bed	rnaprot_gt_out/pos_neg_fasta_out/BCLAF1_HepG2_ENCSR876EYA.fixlen_201.negatives.bed	--max-len 200 --mode 1 --seq-ext 100 --seed 1	21381	201	201	201	201	21381	201	201	201	201
BUD13_HepG2_ENCSR830BSQ	rnaprot_gt_out/BUD13_HepG2_ENCSR830BSQ_fixlen_201_gt_out	rnaprot_gt_out/pos_neg_fasta_out/BUD13_HepG2_ENCSR830BSQ.fixlen_201.positives.bed	rnaprot_gt_out/pos_neg_fasta_out/BUD13_HepG2_ENCSR830BSQ.fixlen_201.negatives.bed	--max-len 200 --mode 1 --seq-ext 100 --seed 1	3721	201	201	201	201	3721	201	201	201	201
BUD13_K562_ENCSR663WES	rnaprot_gt_out/BUD13_K562_ENCSR663WES_fixlen_201_gt_out	rnaprot_gt_out/pos_neg_fasta_out/BUD13_K562_ENCSR663WES.fixlen_201.positives.bed	rnaprot_gt_out/pos_neg_fasta_out/BUD13_K562_ENCSR663WES.fixlen_201.negatives.bed	--max-len 200 --mode 1 --seq-ext 100 --seed 1	7637	201	201	201	201	7637	201	201	201	201
CACTIN_HepG2_ENCSR150QBS	rnaprot_gt_out/CACTIN_HepG2_ENCSR150QBS_fixlen_201_gt_out	rnaprot_gt_out/pos_neg_fasta_out/CACTIN_HepG2_ENCSR150QBS.fixlen_201.positives.bed	rnaprot_gt_out/pos_neg_fasta_out/CACTIN_HepG2_ENCSR150QBS.fixlen_201.negatives.bed	--max-len 200 --mode 1 --seq-ext 100 --seed 1	276	201	201	201	201.0	276	201	201	201	201.0
CACTIN_K562_ENCSR145KZO	rnaprot_gt_out/CACTIN_K562_ENCSR145KZO_fixlen_201_gt_out	rnaprot_gt_out/pos_neg_fasta_out/CACTIN_K562_ENCSR145KZO.fixlen_201.positives.bed	rnaprot_gt_out/pos_neg_fasta_out/CACTIN_K562_ENCSR145KZO.fixlen_201.negatives.bed	--max-len 200 --mode 1 --seq-ext 100 --seed 1	271	201	201	201	201	271	201	201	201	201
CDC40_HepG2_ENCSR815VVI	rnaprot_gt_out/CDC40_HepG2_ENCSR815VVI_fixlen_201_gt_out	rnaprot_gt_out/pos_neg_fasta_out/CDC40_HepG2_ENCSR815VVI.fixlen_201.positives.bed	rnaprot_gt_out/pos_neg_fasta_out/CDC40_HepG2_ENCSR815VVI.fixlen_201.negatives.bed	--max-len 200 --mode 1 --seq-ext 100 --seed 1	890	201	201	201	201.0	890	201	201	201	201.0
CPEB4_K562_ENCSR046JHH	rnaprot_gt_out/CPEB4_K562_ENCSR046JHH_fixlen_201_gt_out	rnaprot_gt_out/pos_neg_fasta_out/CPEB4_K562_ENCSR046JHH.fixlen_201.positives.bed	rnaprot_gt_out/pos_neg_fasta_out/CPEB4_K562_ENCSR046JHH.fixlen_201.negatives.bed	--max-len 200 --mode 1 --seq-ext 100 --seed 1	133	201	201	201	201	133	201	201	201	201
CPSF6_K562_ENCSR532VUB	rnaprot_gt_out/CPSF6_K562_ENCSR532VUB_fixlen_201_gt_out	rnaprot_gt_out/pos_neg_fasta_out/CPSF6_K562_ENCSR532VUB.fixlen_201.positives.bed	rnaprot_gt_out/pos_neg_fasta_out/CPSF6_K562_ENCSR532VUB.fixlen_201.negatives.bed	--max-len 200 --mode 1 --seq-ext 100 --seed 1	606	201	201	201	201.0	606	201	201	201	201.0
CSTF2T_HepG2_ENCSR919HSE	rnaprot_gt_out/CSTF2T_HepG2_ENCSR919HSE_fixlen_201_gt_out	rnaprot_gt_out/pos_neg_fasta_out/CSTF2T_HepG2_ENCSR919HSE.fixlen_201.positives.bed	rnaprot_gt_out/pos_neg_fasta_out/CSTF2T_HepG2_ENCSR919HSE.fixlen_201.negatives.bed	--max-len 200 --mode 1 --seq-ext 100 --seed 1	10705	201	201	201	201	10705	201	201	201	201
CSTF2T_K562_ENCSR840DRD	rnaprot_gt_out/CSTF2T_K562_ENCSR840DRD_fixlen_201_gt_out	rnaprot_gt_out/pos_neg_fasta_out/CSTF2T_K562_ENCSR840DRD.fixlen_201.positives.bed	rnaprot_gt_out/pos_neg_fasta_out/CSTF2T_K562_ENCSR840DRD.fixlen_201.negatives.bed	--max-len 200 --mode 1 --seq-ext 100 --seed 1	7147	201	201	201	201	7147	201	201	201	201
CSTF2_HepG2_ENCSR384MWO	rnaprot_gt_out/CSTF2_HepG2_ENCSR384MWO_fixlen_201_gt_out	rnaprot_gt_out/pos_neg_fasta_out/CSTF2_HepG2_ENCSR384MWO.fixlen_201.positives.bed	rnaprot_gt_out/pos_neg_fasta_out/CSTF2_HepG2_ENCSR384MWO.fixlen_201.negatives.bed	--max-len 200 --mode 1 --seq-ext 100 --seed 1	2261	201	201	201	201	2261	201	201	201	201
DDX1_K562_ENCSR293FWY	rnaprot_gt_out/DDX1_K562_ENCSR293FWY_fixlen_201_gt_out	rnaprot_gt_out/pos_neg_fasta_out/DDX1_K562_ENCSR293FWY.fixlen_201.positives.bed	rnaprot_gt_out/pos_neg_fasta_out/DDX1_K562_ENCSR293FWY.fixlen_201.negatives.bed	--max-len 200 --mode 1 --seq-ext 100 --seed 1	2404	201	201	201	201.0	2404	201	201	201	201.0
DDX24_K562_ENCSR999WKT	rnaprot_gt_out/DDX24_K562_ENCSR999WKT_fixlen_201_gt_out	rnaprot_gt_out/pos_neg_fasta_out/DDX24_K562_ENCSR999WKT.fixlen_201.positives.bed	rnaprot_gt_out/pos_neg_fasta_out/DDX24_K562_ENCSR999WKT.fixlen_201.negatives.bed	--max-len 200 --mode 1 --seq-ext 100 --seed 1	7325	201	201	201	201	7325	201	201	201	201
DDX3X_HepG2_ENCSR648LAH	rnaprot_gt_out/DDX3X_HepG2_ENCSR648LAH_fixlen_201_gt_out	rnaprot_gt_out/pos_neg_fasta_out/DDX3X_HepG2_ENCSR648LAH.fixlen_201.positives.bed	rnaprot_gt_out/pos_neg_fasta_out/DDX3X_HepG2_ENCSR648LAH.fixlen_201.negatives.bed	--max-len 200 --mode 1 --seq-ext 100 --seed 1	4417	201	201	201	201	4417	201	201	201	201
DDX3X_K562_ENCSR930BZL	rnaprot_gt_out/DDX3X_K562_ENCSR930BZL_fixlen_201_gt_out	rnaprot_gt_out/pos_neg_fasta_out/DDX3X_K562_ENCSR930BZL.fixlen_201.positives.bed	rnaprot_gt_out/pos_neg_fasta_out/DDX3X_K562_ENCSR930BZL.fixlen_201.negatives.bed	--max-len 200 --mode 1 --seq-ext 100 --seed 1	4507	201	201	201	201	4507	201	201	201	201
DDX42_K562_ENCSR576SHT	rnaprot_gt_out/DDX42_K562_ENCSR576SHT_fixlen_201_gt_out	rnaprot_gt_out/pos_neg_fasta_out/DDX42_K562_ENCSR576SHT.fixlen_201.positives.bed	rnaprot_gt_out/pos_neg_fasta_out/DDX42_K562_ENCSR576SHT.fixlen_201.negatives.bed	--max-len 200 --mode 1 --seq-ext 100 --seed 1	94	201	201	201	201.0	94	201	201	201	201.0
DDX43_K562_ENCSR008MQM	rnaprot_gt_out/DDX43_K562_ENCSR008MQM_fixlen_201_gt_out	rnaprot_gt_out/pos_neg_fasta_out/DDX43_K562_ENCSR008MQM.fixlen_201.positives.bed	rnaprot_gt_out/pos_neg_fasta_out/DDX43_K562_ENCSR008MQM.fixlen_201.negatives.bed	--max-len 200 --mode 1 --seq-ext 100 --seed 1	7335	201	201	201	201	7335	201	201	201	201
DDX47_K562_ENCSR631HUN	rnaprot_gt_out/DDX47_K562_ENCSR631HUN_fixlen_201_gt_out	rnaprot_gt_out/pos_neg_fasta_out/DDX47_K562_ENCSR631HUN.fixlen_201.positives.bed	rnaprot_gt_out/pos_neg_fasta_out/DDX47_K562_ENCSR631HUN.fixlen_201.negatives.bed	--max-len 200 --mode 1 --seq-ext 100 --seed 1	165	201	201	201	201	165	201	201	201	201
DDX51_K562_ENCSR145NLR	rnaprot_gt_out/DDX51_K562_ENCSR145NLR_fixlen_201_gt_out	rnaprot_gt_out/pos_neg_fasta_out/DDX51_K562_ENCSR145NLR.fixlen_201.positives.bed	rnaprot_gt_out/pos_neg_fasta_out/DDX51_K562_ENCSR145NLR.fixlen_201.negatives.bed	--max-len 200 --mode 1 --seq-ext 100 --seed 1	327	201	201	201	201	327	201	201	201	201
DDX52_HepG2_ENCSR970FEW	rnaprot_gt_out/DDX52_HepG2_ENCSR970FEW_fixlen_201_gt_out	rnaprot_gt_out/pos_neg_fasta_out/DDX52_HepG2_ENCSR970FEW.fixlen_201.positives.bed	rnaprot_gt_out/pos_neg_fasta_out/DDX52_HepG2_ENCSR970FEW.fixlen_201.negatives.bed	--max-len 200 --mode 1 --seq-ext 100 --seed 1	115	201	201	201	201	115	201	201	201	201
DDX52_K562_ENCSR154CSN	rnaprot_gt_out/DDX52_K562_ENCSR154CSN_fixlen_201_gt_out	rnaprot_gt_out/pos_neg_fasta_out/DDX52_K562_ENCSR154CSN.fixlen_201.positives.bed	rnaprot_gt_out/pos_neg_fasta_out/DDX52_K562_ENCSR154CSN.fixlen_201.negatives.bed	--max-len 200 --mode 1 --seq-ext 100 --seed 1	988	201	201	201	201.0	988	201	201	201	201.0
DDX55_HepG2_ENCSR845VGB	rnaprot_gt_out/DDX55_HepG2_ENCSR845VGB_fixlen_201_gt_out	rnaprot_gt_out/pos_neg_fasta_out/DDX55_HepG2_ENCSR845VGB.fixlen_201.positives.bed	rnaprot_gt_out/pos_neg_fasta_out/DDX55_HepG2_ENCSR845VGB.fixlen_201.negatives.bed	--max-len 200 --mode 1 --seq-ext 100 --seed 1	1152	201	201	201	201.0	1152	201	201	201	201.0
DDX55_K562_ENCSR923NKN	rnaprot_gt_out/DDX55_K562_ENCSR923NKN_fixlen_201_gt_out	rnaprot_gt_out/pos_neg_fasta_out/DDX55_K562_ENCSR923NKN.fixlen_201.positives.bed	rnaprot_gt_out/pos_neg_fasta_out/DDX55_K562_ENCSR923NKN.fixlen_201.negatives.bed	--max-len 200 --mode 1 --seq-ext 100 --seed 1	834	201	201	201	201.0	834	201	201	201	201.0
DDX59_HepG2_ENCSR214BZA	rnaprot_gt_out/DDX59_HepG2_ENCSR214BZA_fixlen_201_gt_out	rnaprot_gt_out/pos_neg_fasta_out/DDX59_HepG2_ENCSR214BZA.fixlen_201.positives.bed	rnaprot_gt_out/pos_neg_fasta_out/DDX59_HepG2_ENCSR214BZA.fixlen_201.negatives.bed	--max-len 200 --mode 1 --seq-ext 100 --seed 1	1917	201	201	201	201	1917	201	201	201	201
DDX6_HepG2_ENCSR141OIM	rnaprot_gt_out/DDX6_HepG2_ENCSR141OIM_fixlen_201_gt_out	rnaprot_gt_out/pos_neg_fasta_out/DDX6_HepG2_ENCSR141OIM.fixlen_201.positives.bed	rnaprot_gt_out/pos_neg_fasta_out/DDX6_HepG2_ENCSR141OIM.fixlen_201.negatives.bed	--max-len 200 --mode 1 --seq-ext 100 --seed 1	304	201	201	201	201.0	304	201	201	201	201.0
DDX6_K562_ENCSR893EFU	rnaprot_gt_out/DDX6_K562_ENCSR893EFU_fixlen_201_gt_out	rnaprot_gt_out/pos_neg_fasta_out/DDX6_K562_ENCSR893EFU.fixlen_201.positives.bed	rnaprot_gt_out/pos_neg_fasta_out/DDX6_K562_ENCSR893EFU.fixlen_201.negatives.bed	--max-len 200 --mode 1 --seq-ext 100 --seed 1	1469	201	201	201	201	1469	201	201	201	201
DEK_HepG2_ENCSR332LFL	rnaprot_gt_out/DEK_HepG2_ENCSR332LFL_fixlen_201_gt_out	rnaprot_gt_out/pos_neg_fasta_out/DEK_HepG2_ENCSR332LFL.fixlen_201.positives.bed	rnaprot_gt_out/pos_neg_fasta_out/DEK_HepG2_ENCSR332LFL.fixlen_201.negatives.bed	--max-len 200 --mode 1 --seq-ext 100 --seed 1	233	201	201	201	201	233	201	201	201	201
DEK_K562_ENCSR691HQP	rnaprot_gt_out/DEK_K562_ENCSR691HQP_fixlen_201_gt_out	rnaprot_gt_out/pos_neg_fasta_out/DEK_K562_ENCSR691HQP.fixlen_201.positives.bed	rnaprot_gt_out/pos_neg_fasta_out/DEK_K562_ENCSR691HQP.fixlen_201.negatives.bed	--max-len 200 --mode 1 --seq-ext 100 --seed 1	87	201	201	201	201	87	201	201	201	201
DGCR8_HepG2_ENCSR061SZV	rnaprot_gt_out/DGCR8_HepG2_ENCSR061SZV_fixlen_201_gt_out	rnaprot_gt_out/pos_neg_fasta_out/DGCR8_HepG2_ENCSR061SZV.fixlen_201.positives.bed	rnaprot_gt_out/pos_neg_fasta_out/DGCR8_HepG2_ENCSR061SZV.fixlen_201.negatives.bed	--max-len 200 --mode 1 --seq-ext 100 --seed 1	798	201	201	201	201.0	798	201	201	201	201.0
DGCR8_K562_ENCSR947JVR	rnaprot_gt_out/DGCR8_K562_ENCSR947JVR_fixlen_201_gt_out	rnaprot_gt_out/pos_neg_fasta_out/DGCR8_K562_ENCSR947JVR.fixlen_201.positives.bed	rnaprot_gt_out/pos_neg_fasta_out/DGCR8_K562_ENCSR947JVR.fixlen_201.negatives.bed	--max-len 200 --mode 1 --seq-ext 100 --seed 1	583	201	201	201	201	583	201	201	201	201
DGCR8_adrenal-gland_ENCSR634MFO	rnaprot_gt_out/DGCR8_adrenal-gland_ENCSR634MFO_fixlen_201_gt_out	rnaprot_gt_out/pos_neg_fasta_out/DGCR8_adrenal-gland_ENCSR634MFO.fixlen_201.positives.bed	rnaprot_gt_out/pos_neg_fasta_out/DGCR8_adrenal-gland_ENCSR634MFO.fixlen_201.negatives.bed	--max-len 200 --mode 1 --seq-ext 100 --seed 1	172	201	201	201	201.0	172	201	201	201	201.0
DHX30_HepG2_ENCSR565DGW	rnaprot_gt_out/DHX30_HepG2_ENCSR565DGW_fixlen_201_gt_out	rnaprot_gt_out/pos_neg_fasta_out/DHX30_HepG2_ENCSR565DGW.fixlen_201.positives.bed	rnaprot_gt_out/pos_neg_fasta_out/DHX30_HepG2_ENCSR565DGW.fixlen_201.negatives.bed	--max-len 200 --mode 1 --seq-ext 100 --seed 1	83	201	201	201	201	83	201	201	201	201
DHX30_K562_ENCSR529GSJ	rnaprot_gt_out/DHX30_K562_ENCSR529GSJ_fixlen_201_gt_out	rnaprot_gt_out/pos_neg_fasta_out/DHX30_K562_ENCSR529GSJ.fixlen_201.positives.bed	rnaprot_gt_out/pos_neg_fasta_out/DHX30_K562_ENCSR529GSJ.fixlen_201.negatives.bed	--max-len 200 --mode 1 --seq-ext 100 --seed 1	657	201	201	201	201	657	201	201	201	201
DKC1_HepG2_ENCSR301TFY	rnaprot_gt_out/DKC1_HepG2_ENCSR301TFY_fixlen_201_gt_out	rnaprot_gt_out/pos_neg_fasta_out/DKC1_HepG2_ENCSR301TFY.fixlen_201.positives.bed	rnaprot_gt_out/pos_neg_fasta_out/DKC1_HepG2_ENCSR301TFY.fixlen_201.negatives.bed	--max-len 200 --mode 1 --seq-ext 100 --seed 1	659	201	201	201	201	659	201	201	201	201
DROSHA_HepG2_ENCSR834YLD	rnaprot_gt_out/DROSHA_HepG2_ENCSR834YLD_fixlen_201_gt_out	rnaprot_gt_out/pos_neg_fasta_out/DROSHA_HepG2_ENCSR834YLD.fixlen_201.positives.bed	rnaprot_gt_out/pos_neg_fasta_out/DROSHA_HepG2_ENCSR834YLD.fixlen_201.negatives.bed	--max-len 200 --mode 1 --seq-ext 100 --seed 1	1103	201	201	201	201	1103	201	201	201	201
DROSHA_K562_ENCSR653HQC	rnaprot_gt_out/DROSHA_K562_ENCSR653HQC_fixlen_201_gt_out	rnaprot_gt_out/pos_neg_fasta_out/DROSHA_K562_ENCSR653HQC.fixlen_201.positives.bed	rnaprot_gt_out/pos_neg_fasta_out/DROSHA_K562_ENCSR653HQC.fixlen_201.negatives.bed	--max-len 200 --mode 1 --seq-ext 100 --seed 1	2878	201	201	201	201.0	2878	201	201	201	201.0
EED_K562_ENCSR171XCR	rnaprot_gt_out/EED_K562_ENCSR171XCR_fixlen_201_gt_out	rnaprot_gt_out/pos_neg_fasta_out/EED_K562_ENCSR171XCR.fixlen_201.positives.bed	rnaprot_gt_out/pos_neg_fasta_out/EED_K562_ENCSR171XCR.fixlen_201.negatives.bed	--max-len 200 --mode 1 --seq-ext 100 --seed 1	9002	201	201	201	201.0	9002	201	201	201	201.0
EEF2_K562_ENCSR004VIR	rnaprot_gt_out/EEF2_K562_ENCSR004VIR_fixlen_201_gt_out	rnaprot_gt_out/pos_neg_fasta_out/EEF2_K562_ENCSR004VIR.fixlen_201.positives.bed	rnaprot_gt_out/pos_neg_fasta_out/EEF2_K562_ENCSR004VIR.fixlen_201.negatives.bed	--max-len 200 --mode 1 --seq-ext 100 --seed 1	85	201	201	201	201	85	201	201	201	201
EFTUD2_HepG2_ENCSR527DXF	rnaprot_gt_out/EFTUD2_HepG2_ENCSR527DXF_fixlen_201_gt_out	rnaprot_gt_out/pos_neg_fasta_out/EFTUD2_HepG2_ENCSR527DXF.fixlen_201.positives.bed	rnaprot_gt_out/pos_neg_fasta_out/EFTUD2_HepG2_ENCSR527DXF.fixlen_201.negatives.bed	--max-len 200 --mode 1 --seq-ext 100 --seed 1	5334	201	201	201	201.0	5334	201	201	201	201.0
EFTUD2_K562_ENCSR844RVX	rnaprot_gt_out/EFTUD2_K562_ENCSR844RVX_fixlen_201_gt_out	rnaprot_gt_out/pos_neg_fasta_out/EFTUD2_K562_ENCSR844RVX.fixlen_201.positives.bed	rnaprot_gt_out/pos_neg_fasta_out/EFTUD2_K562_ENCSR844RVX.fixlen_201.negatives.bed	--max-len 200 --mode 1 --seq-ext 100 --seed 1	4407	201	201	201	201	4407	201	201	201	201
EIF3A_K562_ENCSR311SHM	rnaprot_gt_out/EIF3A_K562_ENCSR311SHM_fixlen_201_gt_out	rnaprot_gt_out/pos_neg_fasta_out/EIF3A_K562_ENCSR311SHM.fixlen_201.positives.bed	rnaprot_gt_out/pos_neg_fasta_out/EIF3A_K562_ENCSR311SHM.fixlen_201.negatives.bed	--max-len 200 --mode 1 --seq-ext 100 --seed 1	7254	201	201	201	201.0	7254	201	201	201	201.0
EIF3D_HepG2_ENCSR041NUV	rnaprot_gt_out/EIF3D_HepG2_ENCSR041NUV_fixlen_201_gt_out	rnaprot_gt_out/pos_neg_fasta_out/EIF3D_HepG2_ENCSR041NUV.fixlen_201.positives.bed	rnaprot_gt_out/pos_neg_fasta_out/EIF3D_HepG2_ENCSR041NUV.fixlen_201.negatives.bed	--max-len 200 --mode 1 --seq-ext 100 --seed 1	727	201	201	201	201	727	201	201	201	201
EIF3G_K562_ENCSR023PKW	rnaprot_gt_out/EIF3G_K562_ENCSR023PKW_fixlen_201_gt_out	rnaprot_gt_out/pos_neg_fasta_out/EIF3G_K562_ENCSR023PKW.fixlen_201.positives.bed	rnaprot_gt_out/pos_neg_fasta_out/EIF3G_K562_ENCSR023PKW.fixlen_201.negatives.bed	--max-len 200 --mode 1 --seq-ext 100 --seed 1	237	201	201	201	201	237	201	201	201	201
EIF3H_HepG2_ENCSR916XIV	rnaprot_gt_out/EIF3H_HepG2_ENCSR916XIV_fixlen_201_gt_out	rnaprot_gt_out/pos_neg_fasta_out/EIF3H_HepG2_ENCSR916XIV.fixlen_201.positives.bed	rnaprot_gt_out/pos_neg_fasta_out/EIF3H_HepG2_ENCSR916XIV.fixlen_201.negatives.bed	--max-len 200 --mode 1 --seq-ext 100 --seed 1	2069	201	201	201	201	2069	201	201	201	201
EIF4E_HepG2_ENCSR383BCQ	rnaprot_gt_out/EIF4E_HepG2_ENCSR383BCQ_fixlen_201_gt_out	rnaprot_gt_out/pos_neg_fasta_out/EIF4E_HepG2_ENCSR383BCQ.fixlen_201.positives.bed	rnaprot_gt_out/pos_neg_fasta_out/EIF4E_HepG2_ENCSR383BCQ.fixlen_201.negatives.bed	--max-len 200 --mode 1 --seq-ext 100 --seed 1	2502	201	201	201	201.0	2502	201	201	201	201.0
EIF4E_K562_ENCSR391BBA	rnaprot_gt_out/EIF4E_K562_ENCSR391BBA_fixlen_201_gt_out	rnaprot_gt_out/pos_neg_fasta_out/EIF4E_K562_ENCSR391BBA.fixlen_201.positives.bed	rnaprot_gt_out/pos_neg_fasta_out/EIF4E_K562_ENCSR391BBA.fixlen_201.negatives.bed	--max-len 200 --mode 1 --seq-ext 100 --seed 1	1690	201	201	201	201.0	1690	201	201	201	201.0
EIF4G2_K562_ENCSR307YIW	rnaprot_gt_out/EIF4G2_K562_ENCSR307YIW_fixlen_201_gt_out	rnaprot_gt_out/pos_neg_fasta_out/EIF4G2_K562_ENCSR307YIW.fixlen_201.positives.bed	rnaprot_gt_out/pos_neg_fasta_out/EIF4G2_K562_ENCSR307YIW.fixlen_201.negatives.bed	--max-len 200 --mode 1 --seq-ext 100 --seed 1	2788	201	201	201	201.0	2788	201	201	201	201.0
ELAC2_K562_ENCSR440MSY	rnaprot_gt_out/ELAC2_K562_ENCSR440MSY_fixlen_201_gt_out	rnaprot_gt_out/pos_neg_fasta_out/ELAC2_K562_ENCSR440MSY.fixlen_201.positives.bed	rnaprot_gt_out/pos_neg_fasta_out/ELAC2_K562_ENCSR440MSY.fixlen_201.negatives.bed	--max-len 200 --mode 1 --seq-ext 100 --seed 1	6279	201	201	201	201	6279	201	201	201	201
ELAVL1_HepG2_ENCSR296TSJ	rnaprot_gt_out/ELAVL1_HepG2_ENCSR296TSJ_fixlen_201_gt_out	rnaprot_gt_out/pos_neg_fasta_out/ELAVL1_HepG2_ENCSR296TSJ.fixlen_201.positives.bed	rnaprot_gt_out/pos_neg_fasta_out/ELAVL1_HepG2_ENCSR296TSJ.fixlen_201.negatives.bed	--max-len 200 --mode 1 --seq-ext 100 --seed 1	3538	201	201	201	201.0	3538	201	201	201	201.0
ELAVL1_K562_ENCSR090LNQ	rnaprot_gt_out/ELAVL1_K562_ENCSR090LNQ_fixlen_201_gt_out	rnaprot_gt_out/pos_neg_fasta_out/ELAVL1_K562_ENCSR090LNQ.fixlen_201.positives.bed	rnaprot_gt_out/pos_neg_fasta_out/ELAVL1_K562_ENCSR090LNQ.fixlen_201.negatives.bed	--max-len 200 --mode 1 --seq-ext 100 --seed 1	6309	201	201	201	201	6309	201	201	201	201
EWSR1_K562_ENCSR887LPK	rnaprot_gt_out/EWSR1_K562_ENCSR887LPK_fixlen_201_gt_out	rnaprot_gt_out/pos_neg_fasta_out/EWSR1_K562_ENCSR887LPK.fixlen_201.positives.bed	rnaprot_gt_out/pos_neg_fasta_out/EWSR1_K562_ENCSR887LPK.fixlen_201.negatives.bed	--max-len 200 --mode 1 --seq-ext 100 --seed 1	5793	201	201	201	201	5793	201	201	201	201
EXOSC10_K562_ENCSR521GON	rnaprot_gt_out/EXOSC10_K562_ENCSR521GON_fixlen_201_gt_out	rnaprot_gt_out/pos_neg_fasta_out/EXOSC10_K562_ENCSR521GON.fixlen_201.positives.bed	rnaprot_gt_out/pos_neg_fasta_out/EXOSC10_K562_ENCSR521GON.fixlen_201.negatives.bed	--max-len 200 --mode 1 --seq-ext 100 --seed 1	951	201	201	201	201	951	201	201	201	201
EXOSC5_HepG2_ENCSR693JWP	rnaprot_gt_out/EXOSC5_HepG2_ENCSR693JWP_fixlen_201_gt_out	rnaprot_gt_out/pos_neg_fasta_out/EXOSC5_HepG2_ENCSR693JWP.fixlen_201.positives.bed	rnaprot_gt_out/pos_neg_fasta_out/EXOSC5_HepG2_ENCSR693JWP.fixlen_201.negatives.bed	--max-len 200 --mode 1 --seq-ext 100 --seed 1	539	201	201	201	201	539	201	201	201	201
EXOSC5_K562_ENCSR013CTQ	rnaprot_gt_out/EXOSC5_K562_ENCSR013CTQ_fixlen_201_gt_out	rnaprot_gt_out/pos_neg_fasta_out/EXOSC5_K562_ENCSR013CTQ.fixlen_201.positives.bed	rnaprot_gt_out/pos_neg_fasta_out/EXOSC5_K562_ENCSR013CTQ.fixlen_201.negatives.bed	--max-len 200 --mode 1 --seq-ext 100 --seed 1	6675	201	201	201	201	6675	201	201	201	201
FAM120A_HepG2_ENCSR987NYS	rnaprot_gt_out/FAM120A_HepG2_ENCSR987NYS_fixlen_201_gt_out	rnaprot_gt_out/pos_neg_fasta_out/FAM120A_HepG2_ENCSR987NYS.fixlen_201.positives.bed	rnaprot_gt_out/pos_neg_fasta_out/FAM120A_HepG2_ENCSR987NYS.fixlen_201.negatives.bed	--max-len 200 --mode 1 --seq-ext 100 --seed 1	5115	201	201	201	201	5115	201	201	201	201
FAM120A_K562_ENCSR006OEQ	rnaprot_gt_out/FAM120A_K562_ENCSR006OEQ_fixlen_201_gt_out	rnaprot_gt_out/pos_neg_fasta_out/FAM120A_K562_ENCSR006OEQ.fixlen_201.positives.bed	rnaprot_gt_out/pos_neg_fasta_out/FAM120A_K562_ENCSR006OEQ.fixlen_201.negatives.bed	--max-len 200 --mode 1 --seq-ext 100 --seed 1	3683	201	201	201	201	3683	201	201	201	201
FASTKD2_HepG2_ENCSR023UHL	rnaprot_gt_out/FASTKD2_HepG2_ENCSR023UHL_fixlen_201_gt_out	rnaprot_gt_out/pos_neg_fasta_out/FASTKD2_HepG2_ENCSR023UHL.fixlen_201.positives.bed	rnaprot_gt_out/pos_neg_fasta_out/FASTKD2_HepG2_ENCSR023UHL.fixlen_201.negatives.bed	--max-len 200 --mode 1 --seq-ext 100 --seed 1	725	201	201	201	201	725	201	201	201	201
FASTKD2_K562_ENCSR887FHF	rnaprot_gt_out/FASTKD2_K562_ENCSR887FHF_fixlen_201_gt_out	rnaprot_gt_out/pos_neg_fasta_out/FASTKD2_K562_ENCSR887FHF.fixlen_201.positives.bed	rnaprot_gt_out/pos_neg_fasta_out/FASTKD2_K562_ENCSR887FHF.fixlen_201.negatives.bed	--max-len 200 --mode 1 --seq-ext 100 --seed 1	428	201	201	201	201.0	428	201	201	201	201.0
FKBP4_HepG2_ENCSR018ZUE	rnaprot_gt_out/FKBP4_HepG2_ENCSR018ZUE_fixlen_201_gt_out	rnaprot_gt_out/pos_neg_fasta_out/FKBP4_HepG2_ENCSR018ZUE.fixlen_201.positives.bed	rnaprot_gt_out/pos_neg_fasta_out/FKBP4_HepG2_ENCSR018ZUE.fixlen_201.negatives.bed	--max-len 200 --mode 1 --seq-ext 100 --seed 1	1110	201	201	201	201.0	1110	201	201	201	201.0
FMR1_K562_ENCSR331VNX	rnaprot_gt_out/FMR1_K562_ENCSR331VNX_fixlen_201_gt_out	rnaprot_gt_out/pos_neg_fasta_out/FMR1_K562_ENCSR331VNX.fixlen_201.positives.bed	rnaprot_gt_out/pos_neg_fasta_out/FMR1_K562_ENCSR331VNX.fixlen_201.negatives.bed	--max-len 200 --mode 1 --seq-ext 100 --seed 1	2107	201	201	201	201	2107	201	201	201	201
FMR1_K562_ENCSR554UVB	rnaprot_gt_out/FMR1_K562_ENCSR554UVB_fixlen_201_gt_out	rnaprot_gt_out/pos_neg_fasta_out/FMR1_K562_ENCSR554UVB.fixlen_201.positives.bed	rnaprot_gt_out/pos_neg_fasta_out/FMR1_K562_ENCSR554UVB.fixlen_201.negatives.bed	--max-len 200 --mode 1 --seq-ext 100 --seed 1	2755	201	201	201	201	2755	201	201	201	201
FTO_HepG2_ENCSR903PRV	rnaprot_gt_out/FTO_HepG2_ENCSR903PRV_fixlen_201_gt_out	rnaprot_gt_out/pos_neg_fasta_out/FTO_HepG2_ENCSR903PRV.fixlen_201.positives.bed	rnaprot_gt_out/pos_neg_fasta_out/FTO_HepG2_ENCSR903PRV.fixlen_201.negatives.bed	--max-len 200 --mode 1 --seq-ext 100 --seed 1	385	201	201	201	201	385	201	201	201	201
FTO_K562_ENCSR989SMC	rnaprot_gt_out/FTO_K562_ENCSR989SMC_fixlen_201_gt_out	rnaprot_gt_out/pos_neg_fasta_out/FTO_K562_ENCSR989SMC.fixlen_201.positives.bed	rnaprot_gt_out/pos_neg_fasta_out/FTO_K562_ENCSR989SMC.fixlen_201.negatives.bed	--max-len 200 --mode 1 --seq-ext 100 --seed 1	705	201	201	201	201	705	201	201	201	201
FUBP3_HepG2_ENCSR486YGP	rnaprot_gt_out/FUBP3_HepG2_ENCSR486YGP_fixlen_201_gt_out	rnaprot_gt_out/pos_neg_fasta_out/FUBP3_HepG2_ENCSR486YGP.fixlen_201.positives.bed	rnaprot_gt_out/pos_neg_fasta_out/FUBP3_HepG2_ENCSR486YGP.fixlen_201.negatives.bed	--max-len 200 --mode 1 --seq-ext 100 --seed 1	1816	201	201	201	201.0	1816	201	201	201	201.0
FUS_HepG2_ENCSR464OSH	rnaprot_gt_out/FUS_HepG2_ENCSR464OSH_fixlen_201_gt_out	rnaprot_gt_out/pos_neg_fasta_out/FUS_HepG2_ENCSR464OSH.fixlen_201.positives.bed	rnaprot_gt_out/pos_neg_fasta_out/FUS_HepG2_ENCSR464OSH.fixlen_201.negatives.bed	--max-len 200 --mode 1 --seq-ext 100 --seed 1	774	201	201	201	201.0	774	201	201	201	201.0
FUS_K562_ENCSR069EVH	rnaprot_gt_out/FUS_K562_ENCSR069EVH_fixlen_201_gt_out	rnaprot_gt_out/pos_neg_fasta_out/FUS_K562_ENCSR069EVH.fixlen_201.positives.bed	rnaprot_gt_out/pos_neg_fasta_out/FUS_K562_ENCSR069EVH.fixlen_201.negatives.bed	--max-len 200 --mode 1 --seq-ext 100 --seed 1	3109	201	201	201	201	3109	201	201	201	201
FXR1_K562_ENCSR248TXP	rnaprot_gt_out/FXR1_K562_ENCSR248TXP_fixlen_201_gt_out	rnaprot_gt_out/pos_neg_fasta_out/FXR1_K562_ENCSR248TXP.fixlen_201.positives.bed	rnaprot_gt_out/pos_neg_fasta_out/FXR1_K562_ENCSR248TXP.fixlen_201.negatives.bed	--max-len 200 --mode 1 --seq-ext 100 --seed 1	2195	201	201	201	201	2195	201	201	201	201
FXR1_K562_ENCSR774RFN	rnaprot_gt_out/FXR1_K562_ENCSR774RFN_fixlen_201_gt_out	rnaprot_gt_out/pos_neg_fasta_out/FXR1_K562_ENCSR774RFN.fixlen_201.positives.bed	rnaprot_gt_out/pos_neg_fasta_out/FXR1_K562_ENCSR774RFN.fixlen_201.negatives.bed	--max-len 200 --mode 1 --seq-ext 100 --seed 1	941	201	201	201	201	941	201	201	201	201
FXR2_HepG2_ENCSR270FOD	rnaprot_gt_out/FXR2_HepG2_ENCSR270FOD_fixlen_201_gt_out	rnaprot_gt_out/pos_neg_fasta_out/FXR2_HepG2_ENCSR270FOD.fixlen_201.positives.bed	rnaprot_gt_out/pos_neg_fasta_out/FXR2_HepG2_ENCSR270FOD.fixlen_201.negatives.bed	--max-len 200 --mode 1 --seq-ext 100 --seed 1	1798	201	201	201	201.0	1798	201	201	201	201.0
FXR2_HepG2_ENCSR973HOJ	rnaprot_gt_out/FXR2_HepG2_ENCSR973HOJ_fixlen_201_gt_out	rnaprot_gt_out/pos_neg_fasta_out/FXR2_HepG2_ENCSR973HOJ.fixlen_201.positives.bed	rnaprot_gt_out/pos_neg_fasta_out/FXR2_HepG2_ENCSR973HOJ.fixlen_201.negatives.bed	--max-len 200 --mode 1 --seq-ext 100 --seed 1	2766	201	201	201	201.0	2766	201	201	201	201.0
FXR2_K562_ENCSR224QWC	rnaprot_gt_out/FXR2_K562_ENCSR224QWC_fixlen_201_gt_out	rnaprot_gt_out/pos_neg_fasta_out/FXR2_K562_ENCSR224QWC.fixlen_201.positives.bed	rnaprot_gt_out/pos_neg_fasta_out/FXR2_K562_ENCSR224QWC.fixlen_201.negatives.bed	--max-len 200 --mode 1 --seq-ext 100 --seed 1	2550	201	201	201	201.0	2550	201	201	201	201.0
FXR2_K562_ENCSR767OEY	rnaprot_gt_out/FXR2_K562_ENCSR767OEY_fixlen_201_gt_out	rnaprot_gt_out/pos_neg_fasta_out/FXR2_K562_ENCSR767OEY.fixlen_201.positives.bed	rnaprot_gt_out/pos_neg_fasta_out/FXR2_K562_ENCSR767OEY.fixlen_201.negatives.bed	--max-len 200 --mode 1 --seq-ext 100 --seed 1	2871	201	201	201	201	2871	201	201	201	201
G3BP1_HepG2_ENCSR721HPX	rnaprot_gt_out/G3BP1_HepG2_ENCSR721HPX_fixlen_201_gt_out	rnaprot_gt_out/pos_neg_fasta_out/G3BP1_HepG2_ENCSR721HPX.fixlen_201.positives.bed	rnaprot_gt_out/pos_neg_fasta_out/G3BP1_HepG2_ENCSR721HPX.fixlen_201.negatives.bed	--max-len 200 --mode 1 --seq-ext 100 --seed 1	4599	201	201	201	201	4599	201	201	201	201
GARS_HepG2_ENCSR181SOG	rnaprot_gt_out/GARS_HepG2_ENCSR181SOG_fixlen_201_gt_out	rnaprot_gt_out/pos_neg_fasta_out/GARS_HepG2_ENCSR181SOG.fixlen_201.positives.bed	rnaprot_gt_out/pos_neg_fasta_out/GARS_HepG2_ENCSR181SOG.fixlen_201.negatives.bed	--max-len 200 --mode 1 --seq-ext 100 --seed 1	907	201	201	201	201	907	201	201	201	201
GARS_K562_ENCSR448GXJ	rnaprot_gt_out/GARS_K562_ENCSR448GXJ_fixlen_201_gt_out	rnaprot_gt_out/pos_neg_fasta_out/GARS_K562_ENCSR448GXJ.fixlen_201.positives.bed	rnaprot_gt_out/pos_neg_fasta_out/GARS_K562_ENCSR448GXJ.fixlen_201.negatives.bed	--max-len 200 --mode 1 --seq-ext 100 --seed 1	313	201	201	201	201	313	201	201	201	201
GEMIN5_K562_ENCSR238CLX	rnaprot_gt_out/GEMIN5_K562_ENCSR238CLX_fixlen_201_gt_out	rnaprot_gt_out/pos_neg_fasta_out/GEMIN5_K562_ENCSR238CLX.fixlen_201.positives.bed	rnaprot_gt_out/pos_neg_fasta_out/GEMIN5_K562_ENCSR238CLX.fixlen_201.negatives.bed	--max-len 200 --mode 1 --seq-ext 100 --seed 1	2027	201	201	201	201	2027	201	201	201	201
GPKOW_K562_ENCSR647CLF	rnaprot_gt_out/GPKOW_K562_ENCSR647CLF_fixlen_201_gt_out	rnaprot_gt_out/pos_neg_fasta_out/GPKOW_K562_ENCSR647CLF.fixlen_201.positives.bed	rnaprot_gt_out/pos_neg_fasta_out/GPKOW_K562_ENCSR647CLF.fixlen_201.negatives.bed	--max-len 200 --mode 1 --seq-ext 100 --seed 1	996	201	201	201	201.0	996	201	201	201	201.0
GRSF1_HepG2_ENCSR668MJX	rnaprot_gt_out/GRSF1_HepG2_ENCSR668MJX_fixlen_201_gt_out	rnaprot_gt_out/pos_neg_fasta_out/GRSF1_HepG2_ENCSR668MJX.fixlen_201.positives.bed	rnaprot_gt_out/pos_neg_fasta_out/GRSF1_HepG2_ENCSR668MJX.fixlen_201.negatives.bed	--max-len 200 --mode 1 --seq-ext 100 --seed 1	692	201	201	201	201.0	692	201	201	201	201.0
GRWD1_HepG2_ENCSR893NWB	rnaprot_gt_out/GRWD1_HepG2_ENCSR893NWB_fixlen_201_gt_out	rnaprot_gt_out/pos_neg_fasta_out/GRWD1_HepG2_ENCSR893NWB.fixlen_201.positives.bed	rnaprot_gt_out/pos_neg_fasta_out/GRWD1_HepG2_ENCSR893NWB.fixlen_201.negatives.bed	--max-len 200 --mode 1 --seq-ext 100 --seed 1	15653	201	201	201	201	15653	201	201	201	201
GRWD1_K562_ENCSR999YGP	rnaprot_gt_out/GRWD1_K562_ENCSR999YGP_fixlen_201_gt_out	rnaprot_gt_out/pos_neg_fasta_out/GRWD1_K562_ENCSR999YGP.fixlen_201.positives.bed	rnaprot_gt_out/pos_neg_fasta_out/GRWD1_K562_ENCSR999YGP.fixlen_201.negatives.bed	--max-len 200 --mode 1 --seq-ext 100 --seed 1	3515	201	201	201	201	3515	201	201	201	201
GTF2F1_HepG2_ENCSR265ZIS	rnaprot_gt_out/GTF2F1_HepG2_ENCSR265ZIS_fixlen_201_gt_out	rnaprot_gt_out/pos_neg_fasta_out/GTF2F1_HepG2_ENCSR265ZIS.fixlen_201.positives.bed	rnaprot_gt_out/pos_neg_fasta_out/GTF2F1_HepG2_ENCSR265ZIS.fixlen_201.negatives.bed	--max-len 200 --mode 1 --seq-ext 100 --seed 1	3169	201	201	201	201	3169	201	201	201	201
GTF2F1_K562_ENCSR736AAG	rnaprot_gt_out/GTF2F1_K562_ENCSR736AAG_fixlen_201_gt_out	rnaprot_gt_out/pos_neg_fasta_out/GTF2F1_K562_ENCSR736AAG.fixlen_201.positives.bed	rnaprot_gt_out/pos_neg_fasta_out/GTF2F1_K562_ENCSR736AAG.fixlen_201.negatives.bed	--max-len 200 --mode 1 --seq-ext 100 --seed 1	3662	201	201	201	201.0	3662	201	201	201	201.0
HLTF_HepG2_ENCSR647HOX	rnaprot_gt_out/HLTF_HepG2_ENCSR647HOX_fixlen_201_gt_out	rnaprot_gt_out/pos_neg_fasta_out/HLTF_HepG2_ENCSR647HOX.fixlen_201.positives.bed	rnaprot_gt_out/pos_neg_fasta_out/HLTF_HepG2_ENCSR647HOX.fixlen_201.negatives.bed	--max-len 200 --mode 1 --seq-ext 100 --seed 1	2954	201	201	201	201.0	2954	201	201	201	201.0
HLTF_K562_ENCSR589YHM	rnaprot_gt_out/HLTF_K562_ENCSR589YHM_fixlen_201_gt_out	rnaprot_gt_out/pos_neg_fasta_out/HLTF_K562_ENCSR589YHM.fixlen_201.positives.bed	rnaprot_gt_out/pos_neg_fasta_out/HLTF_K562_ENCSR589YHM.fixlen_201.negatives.bed	--max-len 200 --mode 1 --seq-ext 100 --seed 1	211	201	201	201	201	211	201	201	201	201
HNRNPA1_K562_ENCSR154HRN	rnaprot_gt_out/HNRNPA1_K562_ENCSR154HRN_fixlen_201_gt_out	rnaprot_gt_out/pos_neg_fasta_out/HNRNPA1_K562_ENCSR154HRN.fixlen_201.positives.bed	rnaprot_gt_out/pos_neg_fasta_out/HNRNPA1_K562_ENCSR154HRN.fixlen_201.negatives.bed	--max-len 200 --mode 1 --seq-ext 100 --seed 1	195	201	201	201	201	195	201	201	201	201
HNRNPC_HepG2_ENCSR550DVK	rnaprot_gt_out/HNRNPC_HepG2_ENCSR550DVK_fixlen_201_gt_out	rnaprot_gt_out/pos_neg_fasta_out/HNRNPC_HepG2_ENCSR550DVK.fixlen_201.positives.bed	rnaprot_gt_out/pos_neg_fasta_out/HNRNPC_HepG2_ENCSR550DVK.fixlen_201.negatives.bed	--max-len 200 --mode 1 --seq-ext 100 --seed 1	2878	201	201	201	201.0	2878	201	201	201	201.0
HNRNPC_K562_ENCSR249ROI	rnaprot_gt_out/HNRNPC_K562_ENCSR249ROI_fixlen_201_gt_out	rnaprot_gt_out/pos_neg_fasta_out/HNRNPC_K562_ENCSR249ROI.fixlen_201.positives.bed	rnaprot_gt_out/pos_neg_fasta_out/HNRNPC_K562_ENCSR249ROI.fixlen_201.negatives.bed	--max-len 200 --mode 1 --seq-ext 100 --seed 1	426	201	201	201	201.0	426	201	201	201	201.0
HNRNPK_HepG2_ENCSR828ZID	rnaprot_gt_out/HNRNPK_HepG2_ENCSR828ZID_fixlen_201_gt_out	rnaprot_gt_out/pos_neg_fasta_out/HNRNPK_HepG2_ENCSR828ZID.fixlen_201.positives.bed	rnaprot_gt_out/pos_neg_fasta_out/HNRNPK_HepG2_ENCSR828ZID.fixlen_201.negatives.bed	--max-len 200 --mode 1 --seq-ext 100 --seed 1	4207	201	201	201	201	4207	201	201	201	201
HNRNPK_K562_ENCSR268ETU	rnaprot_gt_out/HNRNPK_K562_ENCSR268ETU_fixlen_201_gt_out	rnaprot_gt_out/pos_neg_fasta_out/HNRNPK_K562_ENCSR268ETU.fixlen_201.positives.bed	rnaprot_gt_out/pos_neg_fasta_out/HNRNPK_K562_ENCSR268ETU.fixlen_201.negatives.bed	--max-len 200 --mode 1 --seq-ext 100 --seed 1	2122	201	201	201	201.0	2122	201	201	201	201.0
HNRNPK_K562_ENCSR953ZOA	rnaprot_gt_out/HNRNPK_K562_ENCSR953ZOA_fixlen_201_gt_out	rnaprot_gt_out/pos_neg_fasta_out/HNRNPK_K562_ENCSR953ZOA.fixlen_201.positives.bed	rnaprot_gt_out/pos_neg_fasta_out/HNRNPK_K562_ENCSR953ZOA.fixlen_201.negatives.bed	--max-len 200 --mode 1 --seq-ext 100 --seed 1	2757	201	201	201	201	2757	201	201	201	201
HNRNPL_HepG2_ENCSR724RDN	rnaprot_gt_out/HNRNPL_HepG2_ENCSR724RDN_fixlen_201_gt_out	rnaprot_gt_out/pos_neg_fasta_out/HNRNPL_HepG2_ENCSR724RDN.fixlen_201.positives.bed	rnaprot_gt_out/pos_neg_fasta_out/HNRNPL_HepG2_ENCSR724RDN.fixlen_201.negatives.bed	--max-len 200 --mode 1 --seq-ext 100 --seed 1	5083	201	201	201	201	5083	201	201	201	201
HNRNPL_K562_ENCSR795CAI	rnaprot_gt_out/HNRNPL_K562_ENCSR795CAI_fixlen_201_gt_out	rnaprot_gt_out/pos_neg_fasta_out/HNRNPL_K562_ENCSR795CAI.fixlen_201.positives.bed	rnaprot_gt_out/pos_neg_fasta_out/HNRNPL_K562_ENCSR795CAI.fixlen_201.negatives.bed	--max-len 200 --mode 1 --seq-ext 100 --seed 1	3322	201	201	201	201.0	3322	201	201	201	201.0
HNRNPM_HepG2_ENCSR267UCX	rnaprot_gt_out/HNRNPM_HepG2_ENCSR267UCX_fixlen_201_gt_out	rnaprot_gt_out/pos_neg_fasta_out/HNRNPM_HepG2_ENCSR267UCX.fixlen_201.positives.bed	rnaprot_gt_out/pos_neg_fasta_out/HNRNPM_HepG2_ENCSR267UCX.fixlen_201.negatives.bed	--max-len 200 --mode 1 --seq-ext 100 --seed 1	9092	201	201	201	201.0	9092	201	201	201	201.0
HNRNPM_K562_ENCSR412NOW	rnaprot_gt_out/HNRNPM_K562_ENCSR412NOW_fixlen_201_gt_out	rnaprot_gt_out/pos_neg_fasta_out/HNRNPM_K562_ENCSR412NOW.fixlen_201.positives.bed	rnaprot_gt_out/pos_neg_fasta_out/HNRNPM_K562_ENCSR412NOW.fixlen_201.negatives.bed	--max-len 200 --mode 1 --seq-ext 100 --seed 1	3979	201	201	201	201	3979	201	201	201	201
HNRNPUL1_HepG2_ENCSR755TJC	rnaprot_gt_out/HNRNPUL1_HepG2_ENCSR755TJC_fixlen_201_gt_out	rnaprot_gt_out/pos_neg_fasta_out/HNRNPUL1_HepG2_ENCSR755TJC.fixlen_201.positives.bed	rnaprot_gt_out/pos_neg_fasta_out/HNRNPUL1_HepG2_ENCSR755TJC.fixlen_201.negatives.bed	--max-len 200 --mode 1 --seq-ext 100 --seed 1	351	201	201	201	201	351	201	201	201	201
HNRNPUL1_K562_ENCSR571VHI	rnaprot_gt_out/HNRNPUL1_K562_ENCSR571VHI_fixlen_201_gt_out	rnaprot_gt_out/pos_neg_fasta_out/HNRNPUL1_K562_ENCSR571VHI.fixlen_201.positives.bed	rnaprot_gt_out/pos_neg_fasta_out/HNRNPUL1_K562_ENCSR571VHI.fixlen_201.negatives.bed	--max-len 200 --mode 1 --seq-ext 100 --seed 1	141	201	201	201	201	141	201	201	201	201
HNRNPU_HepG2_ENCSR240MVJ	rnaprot_gt_out/HNRNPU_HepG2_ENCSR240MVJ_fixlen_201_gt_out	rnaprot_gt_out/pos_neg_fasta_out/HNRNPU_HepG2_ENCSR240MVJ.fixlen_201.positives.bed	rnaprot_gt_out/pos_neg_fasta_out/HNRNPU_HepG2_ENCSR240MVJ.fixlen_201.negatives.bed	--max-len 200 --mode 1 --seq-ext 100 --seed 1	284	201	201	201	201.0	284	201	201	201	201.0
HNRNPU_K562_ENCSR520BZQ	rnaprot_gt_out/HNRNPU_K562_ENCSR520BZQ_fixlen_201_gt_out	rnaprot_gt_out/pos_neg_fasta_out/HNRNPU_K562_ENCSR520BZQ.fixlen_201.positives.bed	rnaprot_gt_out/pos_neg_fasta_out/HNRNPU_K562_ENCSR520BZQ.fixlen_201.negatives.bed	--max-len 200 --mode 1 --seq-ext 100 --seed 1	177	201	201	201	201	177	201	201	201	201
IGF2BP1_HepG2_ENCSR744GEU	rnaprot_gt_out/IGF2BP1_HepG2_ENCSR744GEU_fixlen_201_gt_out	rnaprot_gt_out/pos_neg_fasta_out/IGF2BP1_HepG2_ENCSR744GEU.fixlen_201.positives.bed	rnaprot_gt_out/pos_neg_fasta_out/IGF2BP1_HepG2_ENCSR744GEU.fixlen_201.negatives.bed	--max-len 200 --mode 1 --seq-ext 100 --seed 1	2701	201	201	201	201	2701	201	201	201	201
IGF2BP1_K562_ENCSR975KIR	rnaprot_gt_out/IGF2BP1_K562_ENCSR975KIR_fixlen_201_gt_out	rnaprot_gt_out/pos_neg_fasta_out/IGF2BP1_K562_ENCSR975KIR.fixlen_201.positives.bed	rnaprot_gt_out/pos_neg_fasta_out/IGF2BP1_K562_ENCSR975KIR.fixlen_201.negatives.bed	--max-len 200 --mode 1 --seq-ext 100 --seed 1	3750	201	201	201	201.0	3750	201	201	201	201.0
IGF2BP2_K562_ENCSR062NNB	rnaprot_gt_out/IGF2BP2_K562_ENCSR062NNB_fixlen_201_gt_out	rnaprot_gt_out/pos_neg_fasta_out/IGF2BP2_K562_ENCSR062NNB.fixlen_201.positives.bed	rnaprot_gt_out/pos_neg_fasta_out/IGF2BP2_K562_ENCSR062NNB.fixlen_201.negatives.bed	--max-len 200 --mode 1 --seq-ext 100 --seed 1	2412	201	201	201	201.0	2412	201	201	201	201.0
IGF2BP3_HepG2_ENCSR993OLA	rnaprot_gt_out/IGF2BP3_HepG2_ENCSR993OLA_fixlen_201_gt_out	rnaprot_gt_out/pos_neg_fasta_out/IGF2BP3_HepG2_ENCSR993OLA.fixlen_201.positives.bed	rnaprot_gt_out/pos_neg_fasta_out/IGF2BP3_HepG2_ENCSR993OLA.fixlen_201.negatives.bed	--max-len 200 --mode 1 --seq-ext 100 --seed 1	1354	201	201	201	201.0	1354	201	201	201	201.0
ILF3_HepG2_ENCSR786TSC	rnaprot_gt_out/ILF3_HepG2_ENCSR786TSC_fixlen_201_gt_out	rnaprot_gt_out/pos_neg_fasta_out/ILF3_HepG2_ENCSR786TSC.fixlen_201.positives.bed	rnaprot_gt_out/pos_neg_fasta_out/ILF3_HepG2_ENCSR786TSC.fixlen_201.negatives.bed	--max-len 200 --mode 1 --seq-ext 100 --seed 1	2772	201	201	201	201.0	2772	201	201	201	201.0
ILF3_K562_ENCSR438KWZ	rnaprot_gt_out/ILF3_K562_ENCSR438KWZ_fixlen_201_gt_out	rnaprot_gt_out/pos_neg_fasta_out/ILF3_K562_ENCSR438KWZ.fixlen_201.positives.bed	rnaprot_gt_out/pos_neg_fasta_out/ILF3_K562_ENCSR438KWZ.fixlen_201.negatives.bed	--max-len 200 --mode 1 --seq-ext 100 --seed 1	2208	201	201	201	201.0	2208	201	201	201	201.0
KHDRBS1_K562_ENCSR628IDK	rnaprot_gt_out/KHDRBS1_K562_ENCSR628IDK_fixlen_201_gt_out	rnaprot_gt_out/pos_neg_fasta_out/KHDRBS1_K562_ENCSR628IDK.fixlen_201.positives.bed	rnaprot_gt_out/pos_neg_fasta_out/KHDRBS1_K562_ENCSR628IDK.fixlen_201.negatives.bed	--max-len 200 --mode 1 --seq-ext 100 --seed 1	1036	201	201	201	201.0	1036	201	201	201	201.0
KHSRP_HepG2_ENCSR366DGX	rnaprot_gt_out/KHSRP_HepG2_ENCSR366DGX_fixlen_201_gt_out	rnaprot_gt_out/pos_neg_fasta_out/KHSRP_HepG2_ENCSR366DGX.fixlen_201.positives.bed	rnaprot_gt_out/pos_neg_fasta_out/KHSRP_HepG2_ENCSR366DGX.fixlen_201.negatives.bed	--max-len 200 --mode 1 --seq-ext 100 --seed 1	4138	201	201	201	201.0	4138	201	201	201	201.0
KHSRP_K562_ENCSR438GZQ	rnaprot_gt_out/KHSRP_K562_ENCSR438GZQ_fixlen_201_gt_out	rnaprot_gt_out/pos_neg_fasta_out/KHSRP_K562_ENCSR438GZQ.fixlen_201.positives.bed	rnaprot_gt_out/pos_neg_fasta_out/KHSRP_K562_ENCSR438GZQ.fixlen_201.negatives.bed	--max-len 200 --mode 1 --seq-ext 100 --seed 1	15811	201	201	201	201	15811	201	201	201	201
LARP4_HepG2_ENCSR805SRN	rnaprot_gt_out/LARP4_HepG2_ENCSR805SRN_fixlen_201_gt_out	rnaprot_gt_out/pos_neg_fasta_out/LARP4_HepG2_ENCSR805SRN.fixlen_201.positives.bed	rnaprot_gt_out/pos_neg_fasta_out/LARP4_HepG2_ENCSR805SRN.fixlen_201.negatives.bed	--max-len 200 --mode 1 --seq-ext 100 --seed 1	2915	201	201	201	201	2915	201	201	201	201
LARP4_K562_ENCSR888YTT	rnaprot_gt_out/LARP4_K562_ENCSR888YTT_fixlen_201_gt_out	rnaprot_gt_out/pos_neg_fasta_out/LARP4_K562_ENCSR888YTT.fixlen_201.positives.bed	rnaprot_gt_out/pos_neg_fasta_out/LARP4_K562_ENCSR888YTT.fixlen_201.negatives.bed	--max-len 200 --mode 1 --seq-ext 100 --seed 1	318	201	201	201	201.0	318	201	201	201	201.0
LARP7_HepG2_ENCSR961OKA	rnaprot_gt_out/LARP7_HepG2_ENCSR961OKA_fixlen_201_gt_out	rnaprot_gt_out/pos_neg_fasta_out/LARP7_HepG2_ENCSR961OKA.fixlen_201.positives.bed	rnaprot_gt_out/pos_neg_fasta_out/LARP7_HepG2_ENCSR961OKA.fixlen_201.negatives.bed	--max-len 200 --mode 1 --seq-ext 100 --seed 1	170	201	201	201	201.0	170	201	201	201	201.0
LARP7_K562_ENCSR456KXI	rnaprot_gt_out/LARP7_K562_ENCSR456KXI_fixlen_201_gt_out	rnaprot_gt_out/pos_neg_fasta_out/LARP7_K562_ENCSR456KXI.fixlen_201.positives.bed	rnaprot_gt_out/pos_neg_fasta_out/LARP7_K562_ENCSR456KXI.fixlen_201.negatives.bed	--max-len 200 --mode 1 --seq-ext 100 --seed 1	119	201	201	201	201	119	201	201	201	201
LIN28B_HepG2_ENCSR861GYE	rnaprot_gt_out/LIN28B_HepG2_ENCSR861GYE_fixlen_201_gt_out	rnaprot_gt_out/pos_neg_fasta_out/LIN28B_HepG2_ENCSR861GYE.fixlen_201.positives.bed	rnaprot_gt_out/pos_neg_fasta_out/LIN28B_HepG2_ENCSR861GYE.fixlen_201.negatives.bed	--max-len 200 --mode 1 --seq-ext 100 --seed 1	2823	201	201	201	201	2823	201	201	201	201
LIN28B_K562_ENCSR970NKP	rnaprot_gt_out/LIN28B_K562_ENCSR970NKP_fixlen_201_gt_out	rnaprot_gt_out/pos_neg_fasta_out/LIN28B_K562_ENCSR970NKP.fixlen_201.positives.bed	rnaprot_gt_out/pos_neg_fasta_out/LIN28B_K562_ENCSR970NKP.fixlen_201.negatives.bed	--max-len 200 --mode 1 --seq-ext 100 --seed 1	5031	201	201	201	201	5031	201	201	201	201
LSM11_HepG2_ENCSR135VMS	rnaprot_gt_out/LSM11_HepG2_ENCSR135VMS_fixlen_201_gt_out	rnaprot_gt_out/pos_neg_fasta_out/LSM11_HepG2_ENCSR135VMS.fixlen_201.positives.bed	rnaprot_gt_out/pos_neg_fasta_out/LSM11_HepG2_ENCSR135VMS.fixlen_201.negatives.bed	--max-len 200 --mode 1 --seq-ext 100 --seed 1	1468	201	201	201	201.0	1468	201	201	201	201.0
LSM11_K562_ENCSR022BVV	rnaprot_gt_out/LSM11_K562_ENCSR022BVV_fixlen_201_gt_out	rnaprot_gt_out/pos_neg_fasta_out/LSM11_K562_ENCSR022BVV.fixlen_201.positives.bed	rnaprot_gt_out/pos_neg_fasta_out/LSM11_K562_ENCSR022BVV.fixlen_201.negatives.bed	--max-len 200 --mode 1 --seq-ext 100 --seed 1	988	201	201	201	201.0	988	201	201	201	201.0
MATR3_HepG2_ENCSR290VLT	rnaprot_gt_out/MATR3_HepG2_ENCSR290VLT_fixlen_201_gt_out	rnaprot_gt_out/pos_neg_fasta_out/MATR3_HepG2_ENCSR290VLT.fixlen_201.positives.bed	rnaprot_gt_out/pos_neg_fasta_out/MATR3_HepG2_ENCSR290VLT.fixlen_201.negatives.bed	--max-len 200 --mode 1 --seq-ext 100 --seed 1	5213	201	201	201	201	5213	201	201	201	201
MATR3_K562_ENCSR440SUX	rnaprot_gt_out/MATR3_K562_ENCSR440SUX_fixlen_201_gt_out	rnaprot_gt_out/pos_neg_fasta_out/MATR3_K562_ENCSR440SUX.fixlen_201.positives.bed	rnaprot_gt_out/pos_neg_fasta_out/MATR3_K562_ENCSR440SUX.fixlen_201.negatives.bed	--max-len 200 --mode 1 --seq-ext 100 --seed 1	3603	201	201	201	201	3603	201	201	201	201
MBNL1_K562_ENCSR497XZI	rnaprot_gt_out/MBNL1_K562_ENCSR497XZI_fixlen_201_gt_out	rnaprot_gt_out/pos_neg_fasta_out/MBNL1_K562_ENCSR497XZI.fixlen_201.positives.bed	rnaprot_gt_out/pos_neg_fasta_out/MBNL1_K562_ENCSR497XZI.fixlen_201.negatives.bed	--max-len 200 --mode 1 --seq-ext 100 --seed 1	874	201	201	201	201.0	874	201	201	201	201.0
METAP2_K562_ENCSR303OQD	rnaprot_gt_out/METAP2_K562_ENCSR303OQD_fixlen_201_gt_out	rnaprot_gt_out/pos_neg_fasta_out/METAP2_K562_ENCSR303OQD.fixlen_201.positives.bed	rnaprot_gt_out/pos_neg_fasta_out/METAP2_K562_ENCSR303OQD.fixlen_201.negatives.bed	--max-len 200 --mode 1 --seq-ext 100 --seed 1	2068	201	201	201	201.0	2068	201	201	201	201.0
METTL1_K562_ENCSR498DQS	rnaprot_gt_out/METTL1_K562_ENCSR498DQS_fixlen_201_gt_out	rnaprot_gt_out/pos_neg_fasta_out/METTL1_K562_ENCSR498DQS.fixlen_201.positives.bed	rnaprot_gt_out/pos_neg_fasta_out/METTL1_K562_ENCSR498DQS.fixlen_201.negatives.bed	--max-len 200 --mode 1 --seq-ext 100 --seed 1	291	201	201	201	201	291	201	201	201	201
MFAP1_K562_ENCSR491HUW	rnaprot_gt_out/MFAP1_K562_ENCSR491HUW_fixlen_201_gt_out	rnaprot_gt_out/pos_neg_fasta_out/MFAP1_K562_ENCSR491HUW.fixlen_201.positives.bed	rnaprot_gt_out/pos_neg_fasta_out/MFAP1_K562_ENCSR491HUW.fixlen_201.negatives.bed	--max-len 200 --mode 1 --seq-ext 100 --seed 1	6278	201	201	201	201.0	6278	201	201	201	201.0
MORC2_K562_ENCSR168VUE	rnaprot_gt_out/MORC2_K562_ENCSR168VUE_fixlen_201_gt_out	rnaprot_gt_out/pos_neg_fasta_out/MORC2_K562_ENCSR168VUE.fixlen_201.positives.bed	rnaprot_gt_out/pos_neg_fasta_out/MORC2_K562_ENCSR168VUE.fixlen_201.negatives.bed	--max-len 200 --mode 1 --seq-ext 100 --seed 1	687	201	201	201	201	687	201	201	201	201
MTPAP_K562_ENCSR200DKE	rnaprot_gt_out/MTPAP_K562_ENCSR200DKE_fixlen_201_gt_out	rnaprot_gt_out/pos_neg_fasta_out/MTPAP_K562_ENCSR200DKE.fixlen_201.positives.bed	rnaprot_gt_out/pos_neg_fasta_out/MTPAP_K562_ENCSR200DKE.fixlen_201.negatives.bed	--max-len 200 --mode 1 --seq-ext 100 --seed 1	949	201	201	201	201	949	201	201	201	201
NCBP2_HepG2_ENCSR018RVZ	rnaprot_gt_out/NCBP2_HepG2_ENCSR018RVZ_fixlen_201_gt_out	rnaprot_gt_out/pos_neg_fasta_out/NCBP2_HepG2_ENCSR018RVZ.fixlen_201.positives.bed	rnaprot_gt_out/pos_neg_fasta_out/NCBP2_HepG2_ENCSR018RVZ.fixlen_201.negatives.bed	--max-len 200 --mode 1 --seq-ext 100 --seed 1	2730	201	201	201	201.0	2730	201	201	201	201.0
NCBP2_K562_ENCSR484LTQ	rnaprot_gt_out/NCBP2_K562_ENCSR484LTQ_fixlen_201_gt_out	rnaprot_gt_out/pos_neg_fasta_out/NCBP2_K562_ENCSR484LTQ.fixlen_201.positives.bed	rnaprot_gt_out/pos_neg_fasta_out/NCBP2_K562_ENCSR484LTQ.fixlen_201.negatives.bed	--max-len 200 --mode 1 --seq-ext 100 --seed 1	373	201	201	201	201	373	201	201	201	201
NIP7_HepG2_ENCSR361OCV	rnaprot_gt_out/NIP7_HepG2_ENCSR361OCV_fixlen_201_gt_out	rnaprot_gt_out/pos_neg_fasta_out/NIP7_HepG2_ENCSR361OCV.fixlen_201.positives.bed	rnaprot_gt_out/pos_neg_fasta_out/NIP7_HepG2_ENCSR361OCV.fixlen_201.negatives.bed	--max-len 200 --mode 1 --seq-ext 100 --seed 1	179	201	201	201	201	179	201	201	201	201
NIPBL_K562_ENCSR891RIC	rnaprot_gt_out/NIPBL_K562_ENCSR891RIC_fixlen_201_gt_out	rnaprot_gt_out/pos_neg_fasta_out/NIPBL_K562_ENCSR891RIC.fixlen_201.positives.bed	rnaprot_gt_out/pos_neg_fasta_out/NIPBL_K562_ENCSR891RIC.fixlen_201.negatives.bed	--max-len 200 --mode 1 --seq-ext 100 --seed 1	236	201	201	201	201.0	236	201	201	201	201.0
NKRF_HepG2_ENCSR277DEO	rnaprot_gt_out/NKRF_HepG2_ENCSR277DEO_fixlen_201_gt_out	rnaprot_gt_out/pos_neg_fasta_out/NKRF_HepG2_ENCSR277DEO.fixlen_201.positives.bed	rnaprot_gt_out/pos_neg_fasta_out/NKRF_HepG2_ENCSR277DEO.fixlen_201.negatives.bed	--max-len 200 --mode 1 --seq-ext 100 --seed 1	3070	201	201	201	201.0	3070	201	201	201	201.0
NOL12_HepG2_ENCSR820DQJ	rnaprot_gt_out/NOL12_HepG2_ENCSR820DQJ_fixlen_201_gt_out	rnaprot_gt_out/pos_neg_fasta_out/NOL12_HepG2_ENCSR820DQJ.fixlen_201.positives.bed	rnaprot_gt_out/pos_neg_fasta_out/NOL12_HepG2_ENCSR820DQJ.fixlen_201.negatives.bed	--max-len 200 --mode 1 --seq-ext 100 --seed 1	212	201	201	201	201.0	212	201	201	201	201.0
NOLC1_HepG2_ENCSR194HZU	rnaprot_gt_out/NOLC1_HepG2_ENCSR194HZU_fixlen_201_gt_out	rnaprot_gt_out/pos_neg_fasta_out/NOLC1_HepG2_ENCSR194HZU.fixlen_201.positives.bed	rnaprot_gt_out/pos_neg_fasta_out/NOLC1_HepG2_ENCSR194HZU.fixlen_201.negatives.bed	--max-len 200 --mode 1 --seq-ext 100 --seed 1	479	201	201	201	201	479	201	201	201	201
NOLC1_K562_ENCSR001VAC	rnaprot_gt_out/NOLC1_K562_ENCSR001VAC_fixlen_201_gt_out	rnaprot_gt_out/pos_neg_fasta_out/NOLC1_K562_ENCSR001VAC.fixlen_201.positives.bed	rnaprot_gt_out/pos_neg_fasta_out/NOLC1_K562_ENCSR001VAC.fixlen_201.negatives.bed	--max-len 200 --mode 1 --seq-ext 100 --seed 1	1109	201	201	201	201	1109	201	201	201	201
NONO_HepG2_ENCSR585SMS	rnaprot_gt_out/NONO_HepG2_ENCSR585SMS_fixlen_201_gt_out	rnaprot_gt_out/pos_neg_fasta_out/NONO_HepG2_ENCSR585SMS.fixlen_201.positives.bed	rnaprot_gt_out/pos_neg_fasta_out/NONO_HepG2_ENCSR585SMS.fixlen_201.negatives.bed	--max-len 200 --mode 1 --seq-ext 100 --seed 1	2724	201	201	201	201.0	2724	201	201	201	201.0
NONO_K562_ENCSR285QHT	rnaprot_gt_out/NONO_K562_ENCSR285QHT_fixlen_201_gt_out	rnaprot_gt_out/pos_neg_fasta_out/NONO_K562_ENCSR285QHT.fixlen_201.positives.bed	rnaprot_gt_out/pos_neg_fasta_out/NONO_K562_ENCSR285QHT.fixlen_201.negatives.bed	--max-len 200 --mode 1 --seq-ext 100 --seed 1	1679	201	201	201	201	1679	201	201	201	201
NONO_K562_ENCSR861PAR	rnaprot_gt_out/NONO_K562_ENCSR861PAR_fixlen_201_gt_out	rnaprot_gt_out/pos_neg_fasta_out/NONO_K562_ENCSR861PAR.fixlen_201.positives.bed	rnaprot_gt_out/pos_neg_fasta_out/NONO_K562_ENCSR861PAR.fixlen_201.negatives.bed	--max-len 200 --mode 1 --seq-ext 100 --seed 1	6515	201	201	201	201	6515	201	201	201	201
NPM1_K562_ENCSR448IDP	rnaprot_gt_out/NPM1_K562_ENCSR448IDP_fixlen_201_gt_out	rnaprot_gt_out/pos_neg_fasta_out/NPM1_K562_ENCSR448IDP.fixlen_201.positives.bed	rnaprot_gt_out/pos_neg_fasta_out/NPM1_K562_ENCSR448IDP.fixlen_201.negatives.bed	--max-len 200 --mode 1 --seq-ext 100 --seed 1	262	201	201	201	201.0	262	201	201	201	201.0
NSUN2_HepG2_ENCSR379GZS	rnaprot_gt_out/NSUN2_HepG2_ENCSR379GZS_fixlen_201_gt_out	rnaprot_gt_out/pos_neg_fasta_out/NSUN2_HepG2_ENCSR379GZS.fixlen_201.positives.bed	rnaprot_gt_out/pos_neg_fasta_out/NSUN2_HepG2_ENCSR379GZS.fixlen_201.negatives.bed	--max-len 200 --mode 1 --seq-ext 100 --seed 1	259	201	201	201	201	259	201	201	201	201
NSUN2_K562_ENCSR081JYH	rnaprot_gt_out/NSUN2_K562_ENCSR081JYH_fixlen_201_gt_out	rnaprot_gt_out/pos_neg_fasta_out/NSUN2_K562_ENCSR081JYH.fixlen_201.positives.bed	rnaprot_gt_out/pos_neg_fasta_out/NSUN2_K562_ENCSR081JYH.fixlen_201.negatives.bed	--max-len 200 --mode 1 --seq-ext 100 --seed 1	84	201	201	201	201.0	84	201	201	201	201.0
NSUN4_K562_ENCSR224QFQ	rnaprot_gt_out/NSUN4_K562_ENCSR224QFQ_fixlen_201_gt_out	rnaprot_gt_out/pos_neg_fasta_out/NSUN4_K562_ENCSR224QFQ.fixlen_201.positives.bed	rnaprot_gt_out/pos_neg_fasta_out/NSUN4_K562_ENCSR224QFQ.fixlen_201.negatives.bed	--max-len 200 --mode 1 --seq-ext 100 --seed 1	928	201	201	201	201.0	928	201	201	201	201.0
PABPC4_K562_ENCSR958FKZ	rnaprot_gt_out/PABPC4_K562_ENCSR958FKZ_fixlen_201_gt_out	rnaprot_gt_out/pos_neg_fasta_out/PABPC4_K562_ENCSR958FKZ.fixlen_201.positives.bed	rnaprot_gt_out/pos_neg_fasta_out/PABPC4_K562_ENCSR958FKZ.fixlen_201.negatives.bed	--max-len 200 --mode 1 --seq-ext 100 --seed 1	3120	201	201	201	201.0	3120	201	201	201	201.0
PABPN1_HepG2_ENCSR820UYE	rnaprot_gt_out/PABPN1_HepG2_ENCSR820UYE_fixlen_201_gt_out	rnaprot_gt_out/pos_neg_fasta_out/PABPN1_HepG2_ENCSR820UYE.fixlen_201.positives.bed	rnaprot_gt_out/pos_neg_fasta_out/PABPN1_HepG2_ENCSR820UYE.fixlen_201.negatives.bed	--max-len 200 --mode 1 --seq-ext 100 --seed 1	2486	201	201	201	201.0	2486	201	201	201	201.0
PARP1_HepG2_ENCSR352IFB	rnaprot_gt_out/PARP1_HepG2_ENCSR352IFB_fixlen_201_gt_out	rnaprot_gt_out/pos_neg_fasta_out/PARP1_HepG2_ENCSR352IFB.fixlen_201.positives.bed	rnaprot_gt_out/pos_neg_fasta_out/PARP1_HepG2_ENCSR352IFB.fixlen_201.negatives.bed	--max-len 200 --mode 1 --seq-ext 100 --seed 1	93	201	201	201	201	93	201	201	201	201
PCBP1_HepG2_ENCSR256CHX	rnaprot_gt_out/PCBP1_HepG2_ENCSR256CHX_fixlen_201_gt_out	rnaprot_gt_out/pos_neg_fasta_out/PCBP1_HepG2_ENCSR256CHX.fixlen_201.positives.bed	rnaprot_gt_out/pos_neg_fasta_out/PCBP1_HepG2_ENCSR256CHX.fixlen_201.negatives.bed	--max-len 200 --mode 1 --seq-ext 100 --seed 1	606	201	201	201	201.0	606	201	201	201	201.0
PCBP1_K562_ENCSR922WJV	rnaprot_gt_out/PCBP1_K562_ENCSR922WJV_fixlen_201_gt_out	rnaprot_gt_out/pos_neg_fasta_out/PCBP1_K562_ENCSR922WJV.fixlen_201.positives.bed	rnaprot_gt_out/pos_neg_fasta_out/PCBP1_K562_ENCSR922WJV.fixlen_201.negatives.bed	--max-len 200 --mode 1 --seq-ext 100 --seed 1	1469	201	201	201	201	1469	201	201	201	201
PCBP2_HepG2_ENCSR339FUY	rnaprot_gt_out/PCBP2_HepG2_ENCSR339FUY_fixlen_201_gt_out	rnaprot_gt_out/pos_neg_fasta_out/PCBP2_HepG2_ENCSR339FUY.fixlen_201.positives.bed	rnaprot_gt_out/pos_neg_fasta_out/PCBP2_HepG2_ENCSR339FUY.fixlen_201.negatives.bed	--max-len 200 --mode 1 --seq-ext 100 --seed 1	5927	201	201	201	201	5927	201	201	201	201
PHF6_K562_ENCSR001KKZ	rnaprot_gt_out/PHF6_K562_ENCSR001KKZ_fixlen_201_gt_out	rnaprot_gt_out/pos_neg_fasta_out/PHF6_K562_ENCSR001KKZ.fixlen_201.positives.bed	rnaprot_gt_out/pos_neg_fasta_out/PHF6_K562_ENCSR001KKZ.fixlen_201.negatives.bed	--max-len 200 --mode 1 --seq-ext 100 --seed 1	484	201	201	201	201.0	484	201	201	201	201.0
PPIG_HepG2_ENCSR097NEE	rnaprot_gt_out/PPIG_HepG2_ENCSR097NEE_fixlen_201_gt_out	rnaprot_gt_out/pos_neg_fasta_out/PPIG_HepG2_ENCSR097NEE.fixlen_201.positives.bed	rnaprot_gt_out/pos_neg_fasta_out/PPIG_HepG2_ENCSR097NEE.fixlen_201.negatives.bed	--max-len 200 --mode 1 --seq-ext 100 --seed 1	16912	201	201	201	201.0	16912	201	201	201	201.0
PPIL4_K562_ENCSR197INS	rnaprot_gt_out/PPIL4_K562_ENCSR197INS_fixlen_201_gt_out	rnaprot_gt_out/pos_neg_fasta_out/PPIL4_K562_ENCSR197INS.fixlen_201.positives.bed	rnaprot_gt_out/pos_neg_fasta_out/PPIL4_K562_ENCSR197INS.fixlen_201.negatives.bed	--max-len 200 --mode 1 --seq-ext 100 --seed 1	436	201	201	201	201.0	436	201	201	201	201.0
PRP16_HepG2_ENCSR678OKJ	rnaprot_gt_out/PRP16_HepG2_ENCSR678OKJ_fixlen_201_gt_out	rnaprot_gt_out/pos_neg_fasta_out/PRP16_HepG2_ENCSR678OKJ.fixlen_201.positives.bed	rnaprot_gt_out/pos_neg_fasta_out/PRP16_HepG2_ENCSR678OKJ.fixlen_201.negatives.bed	--max-len 200 --mode 1 --seq-ext 100 --seed 1	138	201	201	201	201.0	138	201	201	201	201.0
PRPF39_HepG2_ENCSR348MQL	rnaprot_gt_out/PRPF39_HepG2_ENCSR348MQL_fixlen_201_gt_out	rnaprot_gt_out/pos_neg_fasta_out/PRPF39_HepG2_ENCSR348MQL.fixlen_201.positives.bed	rnaprot_gt_out/pos_neg_fasta_out/PRPF39_HepG2_ENCSR348MQL.fixlen_201.negatives.bed	--max-len 200 --mode 1 --seq-ext 100 --seed 1	3802	201	201	201	201.0	3802	201	201	201	201.0
PRPF39_HepG2_ENCSR884RBW	rnaprot_gt_out/PRPF39_HepG2_ENCSR884RBW_fixlen_201_gt_out	rnaprot_gt_out/pos_neg_fasta_out/PRPF39_HepG2_ENCSR884RBW.fixlen_201.positives.bed	rnaprot_gt_out/pos_neg_fasta_out/PRPF39_HepG2_ENCSR884RBW.fixlen_201.negatives.bed	--max-len 200 --mode 1 --seq-ext 100 --seed 1	3592	201	201	201	201.0	3592	201	201	201	201.0
PRPF4_HepG2_ENCSR977OXG	rnaprot_gt_out/PRPF4_HepG2_ENCSR977OXG_fixlen_201_gt_out	rnaprot_gt_out/pos_neg_fasta_out/PRPF4_HepG2_ENCSR977OXG.fixlen_201.positives.bed	rnaprot_gt_out/pos_neg_fasta_out/PRPF4_HepG2_ENCSR977OXG.fixlen_201.negatives.bed	--max-len 200 --mode 1 --seq-ext 100 --seed 1	6099	201	201	201	201	6099	201	201	201	201
PRPF8_HepG2_ENCSR121NVA	rnaprot_gt_out/PRPF8_HepG2_ENCSR121NVA_fixlen_201_gt_out	rnaprot_gt_out/pos_neg_fasta_out/PRPF8_HepG2_ENCSR121NVA.fixlen_201.positives.bed	rnaprot_gt_out/pos_neg_fasta_out/PRPF8_HepG2_ENCSR121NVA.fixlen_201.negatives.bed	--max-len 200 --mode 1 --seq-ext 100 --seed 1	16463	201	201	201	201	16463	201	201	201	201
PRPF8_K562_ENCSR534YOI	rnaprot_gt_out/PRPF8_K562_ENCSR534YOI_fixlen_201_gt_out	rnaprot_gt_out/pos_neg_fasta_out/PRPF8_K562_ENCSR534YOI.fixlen_201.positives.bed	rnaprot_gt_out/pos_neg_fasta_out/PRPF8_K562_ENCSR534YOI.fixlen_201.negatives.bed	--max-len 200 --mode 1 --seq-ext 100 --seed 1	9451	201	201	201	201	9451	201	201	201	201
PTBP1_HepG2_ENCSR384KAN	rnaprot_gt_out/PTBP1_HepG2_ENCSR384KAN_fixlen_201_gt_out	rnaprot_gt_out/pos_neg_fasta_out/PTBP1_HepG2_ENCSR384KAN.fixlen_201.positives.bed	rnaprot_gt_out/pos_neg_fasta_out/PTBP1_HepG2_ENCSR384KAN.fixlen_201.negatives.bed	--max-len 200 --mode 1 --seq-ext 100 --seed 1	6486	201	201	201	201.0	6486	201	201	201	201.0
PTBP1_K562_ENCSR981WKN	rnaprot_gt_out/PTBP1_K562_ENCSR981WKN_fixlen_201_gt_out	rnaprot_gt_out/pos_neg_fasta_out/PTBP1_K562_ENCSR981WKN.fixlen_201.positives.bed	rnaprot_gt_out/pos_neg_fasta_out/PTBP1_K562_ENCSR981WKN.fixlen_201.negatives.bed	--max-len 200 --mode 1 --seq-ext 100 --seed 1	6045	201	201	201	201	6045	201	201	201	201
PUM1_K562_ENCSR308YNT	rnaprot_gt_out/PUM1_K562_ENCSR308YNT_fixlen_201_gt_out	rnaprot_gt_out/pos_neg_fasta_out/PUM1_K562_ENCSR308YNT.fixlen_201.positives.bed	rnaprot_gt_out/pos_neg_fasta_out/PUM1_K562_ENCSR308YNT.fixlen_201.negatives.bed	--max-len 200 --mode 1 --seq-ext 100 --seed 1	1881	201	201	201	201	1881	201	201	201	201
PUM2_K562_ENCSR661ICQ	rnaprot_gt_out/PUM2_K562_ENCSR661ICQ_fixlen_201_gt_out	rnaprot_gt_out/pos_neg_fasta_out/PUM2_K562_ENCSR661ICQ.fixlen_201.positives.bed	rnaprot_gt_out/pos_neg_fasta_out/PUM2_K562_ENCSR661ICQ.fixlen_201.negatives.bed	--max-len 200 --mode 1 --seq-ext 100 --seed 1	3872	201	201	201	201.0	3872	201	201	201	201.0
QKI_HepG2_ENCSR570WLM	rnaprot_gt_out/QKI_HepG2_ENCSR570WLM_fixlen_201_gt_out	rnaprot_gt_out/pos_neg_fasta_out/QKI_HepG2_ENCSR570WLM.fixlen_201.positives.bed	rnaprot_gt_out/pos_neg_fasta_out/QKI_HepG2_ENCSR570WLM.fixlen_201.negatives.bed	--max-len 200 --mode 1 --seq-ext 100 --seed 1	7761	201	201	201	201	7761	201	201	201	201
QKI_K562_ENCSR366YOG	rnaprot_gt_out/QKI_K562_ENCSR366YOG_fixlen_201_gt_out	rnaprot_gt_out/pos_neg_fasta_out/QKI_K562_ENCSR366YOG.fixlen_201.positives.bed	rnaprot_gt_out/pos_neg_fasta_out/QKI_K562_ENCSR366YOG.fixlen_201.negatives.bed	--max-len 200 --mode 1 --seq-ext 100 --seed 1	1950	201	201	201	201.0	1950	201	201	201	201.0
RBFOX2_HepG2_ENCSR987FTF	rnaprot_gt_out/RBFOX2_HepG2_ENCSR987FTF_fixlen_201_gt_out	rnaprot_gt_out/pos_neg_fasta_out/RBFOX2_HepG2_ENCSR987FTF.fixlen_201.positives.bed	rnaprot_gt_out/pos_neg_fasta_out/RBFOX2_HepG2_ENCSR987FTF.fixlen_201.negatives.bed	--max-len 200 --mode 1 --seq-ext 100 --seed 1	4691	201	201	201	201	4691	201	201	201	201
RBFOX2_K562_ENCSR756CKJ	rnaprot_gt_out/RBFOX2_K562_ENCSR756CKJ_fixlen_201_gt_out	rnaprot_gt_out/pos_neg_fasta_out/RBFOX2_K562_ENCSR756CKJ.fixlen_201.positives.bed	rnaprot_gt_out/pos_neg_fasta_out/RBFOX2_K562_ENCSR756CKJ.fixlen_201.negatives.bed	--max-len 200 --mode 1 --seq-ext 100 --seed 1	2368	201	201	201	201.0	2368	201	201	201	201.0
RBM15_HepG2_ENCSR754NDA	rnaprot_gt_out/RBM15_HepG2_ENCSR754NDA_fixlen_201_gt_out	rnaprot_gt_out/pos_neg_fasta_out/RBM15_HepG2_ENCSR754NDA.fixlen_201.positives.bed	rnaprot_gt_out/pos_neg_fasta_out/RBM15_HepG2_ENCSR754NDA.fixlen_201.negatives.bed	--max-len 200 --mode 1 --seq-ext 100 --seed 1	1042	201	201	201	201.0	1042	201	201	201	201.0
RBM15_K562_ENCSR196INN	rnaprot_gt_out/RBM15_K562_ENCSR196INN_fixlen_201_gt_out	rnaprot_gt_out/pos_neg_fasta_out/RBM15_K562_ENCSR196INN.fixlen_201.positives.bed	rnaprot_gt_out/pos_neg_fasta_out/RBM15_K562_ENCSR196INN.fixlen_201.negatives.bed	--max-len 200 --mode 1 --seq-ext 100 --seed 1	5675	201	201	201	201	5675	201	201	201	201
RBM22_HepG2_ENCSR456JJQ	rnaprot_gt_out/RBM22_HepG2_ENCSR456JJQ_fixlen_201_gt_out	rnaprot_gt_out/pos_neg_fasta_out/RBM22_HepG2_ENCSR456JJQ.fixlen_201.positives.bed	rnaprot_gt_out/pos_neg_fasta_out/RBM22_HepG2_ENCSR456JJQ.fixlen_201.negatives.bed	--max-len 200 --mode 1 --seq-ext 100 --seed 1	1754	201	201	201	201.0	1754	201	201	201	201.0
RBM22_K562_ENCSR295OKT	rnaprot_gt_out/RBM22_K562_ENCSR295OKT_fixlen_201_gt_out	rnaprot_gt_out/pos_neg_fasta_out/RBM22_K562_ENCSR295OKT.fixlen_201.positives.bed	rnaprot_gt_out/pos_neg_fasta_out/RBM22_K562_ENCSR295OKT.fixlen_201.negatives.bed	--max-len 200 --mode 1 --seq-ext 100 --seed 1	925	201	201	201	201	925	201	201	201	201
RBM5_HepG2_ENCSR489ABS	rnaprot_gt_out/RBM5_HepG2_ENCSR489ABS_fixlen_201_gt_out	rnaprot_gt_out/pos_neg_fasta_out/RBM5_HepG2_ENCSR489ABS.fixlen_201.positives.bed	rnaprot_gt_out/pos_neg_fasta_out/RBM5_HepG2_ENCSR489ABS.fixlen_201.negatives.bed	--max-len 200 --mode 1 --seq-ext 100 --seed 1	594	201	201	201	201.0	594	201	201	201	201.0
RNF187_K562_ENCSR153STI	rnaprot_gt_out/RNF187_K562_ENCSR153STI_fixlen_201_gt_out	rnaprot_gt_out/pos_neg_fasta_out/RNF187_K562_ENCSR153STI.fixlen_201.positives.bed	rnaprot_gt_out/pos_neg_fasta_out/RNF187_K562_ENCSR153STI.fixlen_201.negatives.bed	--max-len 200 --mode 1 --seq-ext 100 --seed 1	485	201	201	201	201	485	201	201	201	201
RPS3_HepG2_ENCSR766FAC	rnaprot_gt_out/RPS3_HepG2_ENCSR766FAC_fixlen_201_gt_out	rnaprot_gt_out/pos_neg_fasta_out/RPS3_HepG2_ENCSR766FAC.fixlen_201.positives.bed	rnaprot_gt_out/pos_neg_fasta_out/RPS3_HepG2_ENCSR766FAC.fixlen_201.negatives.bed	--max-len 200 --mode 1 --seq-ext 100 --seed 1	3270	201	201	201	201.0	3270	201	201	201	201.0
RPS3_K562_ENCSR120EAR	rnaprot_gt_out/RPS3_K562_ENCSR120EAR_fixlen_201_gt_out	rnaprot_gt_out/pos_neg_fasta_out/RPS3_K562_ENCSR120EAR.fixlen_201.positives.bed	rnaprot_gt_out/pos_neg_fasta_out/RPS3_K562_ENCSR120EAR.fixlen_201.negatives.bed	--max-len 200 --mode 1 --seq-ext 100 --seed 1	1552	201	201	201	201.0	1552	201	201	201	201.0
RPS6_K562_ENCSR100ARZ	rnaprot_gt_out/RPS6_K562_ENCSR100ARZ_fixlen_201_gt_out	rnaprot_gt_out/pos_neg_fasta_out/RPS6_K562_ENCSR100ARZ.fixlen_201.positives.bed	rnaprot_gt_out/pos_neg_fasta_out/RPS6_K562_ENCSR100ARZ.fixlen_201.negatives.bed	--max-len 200 --mode 1 --seq-ext 100 --seed 1	202	201	201	201	201.0	202	201	201	201	201.0
RYBP_K562_ENCSR179MPN	rnaprot_gt_out/RYBP_K562_ENCSR179MPN_fixlen_201_gt_out	rnaprot_gt_out/pos_neg_fasta_out/RYBP_K562_ENCSR179MPN.fixlen_201.positives.bed	rnaprot_gt_out/pos_neg_fasta_out/RYBP_K562_ENCSR179MPN.fixlen_201.negatives.bed	--max-len 200 --mode 1 --seq-ext 100 --seed 1	558	201	201	201	201.0	558	201	201	201	201.0
SAFB2_K562_ENCSR943MHU	rnaprot_gt_out/SAFB2_K562_ENCSR943MHU_fixlen_201_gt_out	rnaprot_gt_out/pos_neg_fasta_out/SAFB2_K562_ENCSR943MHU.fixlen_201.positives.bed	rnaprot_gt_out/pos_neg_fasta_out/SAFB2_K562_ENCSR943MHU.fixlen_201.negatives.bed	--max-len 200 --mode 1 --seq-ext 100 --seed 1	2751	201	201	201	201	2751	201	201	201	201
SAFB_HepG2_ENCSR337XGI	rnaprot_gt_out/SAFB_HepG2_ENCSR337XGI_fixlen_201_gt_out	rnaprot_gt_out/pos_neg_fasta_out/SAFB_HepG2_ENCSR337XGI.fixlen_201.positives.bed	rnaprot_gt_out/pos_neg_fasta_out/SAFB_HepG2_ENCSR337XGI.fixlen_201.negatives.bed	--max-len 200 --mode 1 --seq-ext 100 --seed 1	233	201	201	201	201	233	201	201	201	201
SAFB_K562_ENCSR484LAB	rnaprot_gt_out/SAFB_K562_ENCSR484LAB_fixlen_201_gt_out	rnaprot_gt_out/pos_neg_fasta_out/SAFB_K562_ENCSR484LAB.fixlen_201.positives.bed	rnaprot_gt_out/pos_neg_fasta_out/SAFB_K562_ENCSR484LAB.fixlen_201.negatives.bed	--max-len 200 --mode 1 --seq-ext 100 --seed 1	399	201	201	201	201	399	201	201	201	201
SDAD1_HepG2_ENCSR050BDZ	rnaprot_gt_out/SDAD1_HepG2_ENCSR050BDZ_fixlen_201_gt_out	rnaprot_gt_out/pos_neg_fasta_out/SDAD1_HepG2_ENCSR050BDZ.fixlen_201.positives.bed	rnaprot_gt_out/pos_neg_fasta_out/SDAD1_HepG2_ENCSR050BDZ.fixlen_201.negatives.bed	--max-len 200 --mode 1 --seq-ext 100 --seed 1	639	201	201	201	201	639	201	201	201	201
SERBP1_K562_ENCSR121GQH	rnaprot_gt_out/SERBP1_K562_ENCSR121GQH_fixlen_201_gt_out	rnaprot_gt_out/pos_neg_fasta_out/SERBP1_K562_ENCSR121GQH.fixlen_201.positives.bed	rnaprot_gt_out/pos_neg_fasta_out/SERBP1_K562_ENCSR121GQH.fixlen_201.negatives.bed	--max-len 200 --mode 1 --seq-ext 100 --seed 1	96	201	201	201	201.0	96	201	201	201	201.0
SF3A1_HepG2_ENCSR317QOX	rnaprot_gt_out/SF3A1_HepG2_ENCSR317QOX_fixlen_201_gt_out	rnaprot_gt_out/pos_neg_fasta_out/SF3A1_HepG2_ENCSR317QOX.fixlen_201.positives.bed	rnaprot_gt_out/pos_neg_fasta_out/SF3A1_HepG2_ENCSR317QOX.fixlen_201.negatives.bed	--max-len 200 --mode 1 --seq-ext 100 --seed 1	1143	201	201	201	201	1143	201	201	201	201
SF3A3_HepG2_ENCSR331MIC	rnaprot_gt_out/SF3A3_HepG2_ENCSR331MIC_fixlen_201_gt_out	rnaprot_gt_out/pos_neg_fasta_out/SF3A3_HepG2_ENCSR331MIC.fixlen_201.positives.bed	rnaprot_gt_out/pos_neg_fasta_out/SF3A3_HepG2_ENCSR331MIC.fixlen_201.negatives.bed	--max-len 200 --mode 1 --seq-ext 100 --seed 1	1982	201	201	201	201.0	1982	201	201	201	201.0
SF3B4_HepG2_ENCSR279UJF	rnaprot_gt_out/SF3B4_HepG2_ENCSR279UJF_fixlen_201_gt_out	rnaprot_gt_out/pos_neg_fasta_out/SF3B4_HepG2_ENCSR279UJF.fixlen_201.positives.bed	rnaprot_gt_out/pos_neg_fasta_out/SF3B4_HepG2_ENCSR279UJF.fixlen_201.negatives.bed	--max-len 200 --mode 1 --seq-ext 100 --seed 1	5177	201	201	201	201	5177	201	201	201	201
SF3B4_K562_ENCSR267OLV	rnaprot_gt_out/SF3B4_K562_ENCSR267OLV_fixlen_201_gt_out	rnaprot_gt_out/pos_neg_fasta_out/SF3B4_K562_ENCSR267OLV.fixlen_201.positives.bed	rnaprot_gt_out/pos_neg_fasta_out/SF3B4_K562_ENCSR267OLV.fixlen_201.negatives.bed	--max-len 200 --mode 1 --seq-ext 100 --seed 1	8453	201	201	201	201	8453	201	201	201	201
SFPQ_HepG2_ENCSR965DLL	rnaprot_gt_out/SFPQ_HepG2_ENCSR965DLL_fixlen_201_gt_out	rnaprot_gt_out/pos_neg_fasta_out/SFPQ_HepG2_ENCSR965DLL.fixlen_201.positives.bed	rnaprot_gt_out/pos_neg_fasta_out/SFPQ_HepG2_ENCSR965DLL.fixlen_201.negatives.bed	--max-len 200 --mode 1 --seq-ext 100 --seed 1	2120	201	201	201	201.0	2120	201	201	201	201.0
SLBP_K562_ENCSR483NOP	rnaprot_gt_out/SLBP_K562_ENCSR483NOP_fixlen_201_gt_out	rnaprot_gt_out/pos_neg_fasta_out/SLBP_K562_ENCSR483NOP.fixlen_201.positives.bed	rnaprot_gt_out/pos_neg_fasta_out/SLBP_K562_ENCSR483NOP.fixlen_201.negatives.bed	--max-len 200 --mode 1 --seq-ext 100 --seed 1	70	201	201	201	201.0	70	201	201	201	201.0
SLTM_HepG2_ENCSR351PVI	rnaprot_gt_out/SLTM_HepG2_ENCSR351PVI_fixlen_201_gt_out	rnaprot_gt_out/pos_neg_fasta_out/SLTM_HepG2_ENCSR351PVI.fixlen_201.positives.bed	rnaprot_gt_out/pos_neg_fasta_out/SLTM_HepG2_ENCSR351PVI.fixlen_201.negatives.bed	--max-len 200 --mode 1 --seq-ext 100 --seed 1	968	201	201	201	201.0	968	201	201	201	201.0
SLTM_K562_ENCSR000SSH	rnaprot_gt_out/SLTM_K562_ENCSR000SSH_fixlen_201_gt_out	rnaprot_gt_out/pos_neg_fasta_out/SLTM_K562_ENCSR000SSH.fixlen_201.positives.bed	rnaprot_gt_out/pos_neg_fasta_out/SLTM_K562_ENCSR000SSH.fixlen_201.negatives.bed	--max-len 200 --mode 1 --seq-ext 100 --seed 1	2666	201	201	201	201.0	2666	201	201	201	201.0
SMNDC1_HepG2_ENCSR373ODC	rnaprot_gt_out/SMNDC1_HepG2_ENCSR373ODC_fixlen_201_gt_out	rnaprot_gt_out/pos_neg_fasta_out/SMNDC1_HepG2_ENCSR373ODC.fixlen_201.positives.bed	rnaprot_gt_out/pos_neg_fasta_out/SMNDC1_HepG2_ENCSR373ODC.fixlen_201.negatives.bed	--max-len 200 --mode 1 --seq-ext 100 --seed 1	144	201	201	201	201.0	144	201	201	201	201.0
SMNDC1_K562_ENCSR658IQB	rnaprot_gt_out/SMNDC1_K562_ENCSR658IQB_fixlen_201_gt_out	rnaprot_gt_out/pos_neg_fasta_out/SMNDC1_K562_ENCSR658IQB.fixlen_201.positives.bed	rnaprot_gt_out/pos_neg_fasta_out/SMNDC1_K562_ENCSR658IQB.fixlen_201.negatives.bed	--max-len 200 --mode 1 --seq-ext 100 --seed 1	1651	201	201	201	201	1651	201	201	201	201
SND1_HepG2_ENCSR061EVO	rnaprot_gt_out/SND1_HepG2_ENCSR061EVO_fixlen_201_gt_out	rnaprot_gt_out/pos_neg_fasta_out/SND1_HepG2_ENCSR061EVO.fixlen_201.positives.bed	rnaprot_gt_out/pos_neg_fasta_out/SND1_HepG2_ENCSR061EVO.fixlen_201.negatives.bed	--max-len 200 --mode 1 --seq-ext 100 --seed 1	3151	201	201	201	201	3151	201	201	201	201
SND1_K562_ENCSR128VXC	rnaprot_gt_out/SND1_K562_ENCSR128VXC_fixlen_201_gt_out	rnaprot_gt_out/pos_neg_fasta_out/SND1_K562_ENCSR128VXC.fixlen_201.positives.bed	rnaprot_gt_out/pos_neg_fasta_out/SND1_K562_ENCSR128VXC.fixlen_201.negatives.bed	--max-len 200 --mode 1 --seq-ext 100 --seed 1	2425	201	201	201	201	2425	201	201	201	201
SNRNP200_HepG2_ENCSR789YZZ	rnaprot_gt_out/SNRNP200_HepG2_ENCSR789YZZ_fixlen_201_gt_out	rnaprot_gt_out/pos_neg_fasta_out/SNRNP200_HepG2_ENCSR789YZZ.fixlen_201.positives.bed	rnaprot_gt_out/pos_neg_fasta_out/SNRNP200_HepG2_ENCSR789YZZ.fixlen_201.negatives.bed	--max-len 200 --mode 1 --seq-ext 100 --seed 1	961	201	201	201	201	961	201	201	201	201
SNRNP200_K562_ENCSR280JAB	rnaprot_gt_out/SNRNP200_K562_ENCSR280JAB_fixlen_201_gt_out	rnaprot_gt_out/pos_neg_fasta_out/SNRNP200_K562_ENCSR280JAB.fixlen_201.positives.bed	rnaprot_gt_out/pos_neg_fasta_out/SNRNP200_K562_ENCSR280JAB.fixlen_201.negatives.bed	--max-len 200 --mode 1 --seq-ext 100 --seed 1	594	201	201	201	201.0	594	201	201	201	201.0
SNRPA1_HepG2_ENCSR203ACR	rnaprot_gt_out/SNRPA1_HepG2_ENCSR203ACR_fixlen_201_gt_out	rnaprot_gt_out/pos_neg_fasta_out/SNRPA1_HepG2_ENCSR203ACR.fixlen_201.positives.bed	rnaprot_gt_out/pos_neg_fasta_out/SNRPA1_HepG2_ENCSR203ACR.fixlen_201.negatives.bed	--max-len 200 --mode 1 --seq-ext 100 --seed 1	274	201	201	201	201.0	274	201	201	201	201.0
SNRPC_HepG2_ENCSR959OKB	rnaprot_gt_out/SNRPC_HepG2_ENCSR959OKB_fixlen_201_gt_out	rnaprot_gt_out/pos_neg_fasta_out/SNRPC_HepG2_ENCSR959OKB.fixlen_201.positives.bed	rnaprot_gt_out/pos_neg_fasta_out/SNRPC_HepG2_ENCSR959OKB.fixlen_201.negatives.bed	--max-len 200 --mode 1 --seq-ext 100 --seed 1	2472	201	201	201	201.0	2472	201	201	201	201.0
SNRPC_K562_ENCSR714FKK	rnaprot_gt_out/SNRPC_K562_ENCSR714FKK_fixlen_201_gt_out	rnaprot_gt_out/pos_neg_fasta_out/SNRPC_K562_ENCSR714FKK.fixlen_201.positives.bed	rnaprot_gt_out/pos_neg_fasta_out/SNRPC_K562_ENCSR714FKK.fixlen_201.negatives.bed	--max-len 200 --mode 1 --seq-ext 100 --seed 1	2259	201	201	201	201	2259	201	201	201	201
SNRPD3_HepG2_ENCSR038CCV	rnaprot_gt_out/SNRPD3_HepG2_ENCSR038CCV_fixlen_201_gt_out	rnaprot_gt_out/pos_neg_fasta_out/SNRPD3_HepG2_ENCSR038CCV.fixlen_201.positives.bed	rnaprot_gt_out/pos_neg_fasta_out/SNRPD3_HepG2_ENCSR038CCV.fixlen_201.negatives.bed	--max-len 200 --mode 1 --seq-ext 100 --seed 1	333	201	201	201	201	333	201	201	201	201
SNRPD3_K562_ENCSR552TNU	rnaprot_gt_out/SNRPD3_K562_ENCSR552TNU_fixlen_201_gt_out	rnaprot_gt_out/pos_neg_fasta_out/SNRPD3_K562_ENCSR552TNU.fixlen_201.positives.bed	rnaprot_gt_out/pos_neg_fasta_out/SNRPD3_K562_ENCSR552TNU.fixlen_201.negatives.bed	--max-len 200 --mode 1 --seq-ext 100 --seed 1	1158	201	201	201	201.0	1158	201	201	201	201.0
SRSF1_HepG2_ENCSR989VIY	rnaprot_gt_out/SRSF1_HepG2_ENCSR989VIY_fixlen_201_gt_out	rnaprot_gt_out/pos_neg_fasta_out/SRSF1_HepG2_ENCSR989VIY.fixlen_201.positives.bed	rnaprot_gt_out/pos_neg_fasta_out/SRSF1_HepG2_ENCSR989VIY.fixlen_201.negatives.bed	--max-len 200 --mode 1 --seq-ext 100 --seed 1	1471	201	201	201	201	1471	201	201	201	201
SRSF1_K562_ENCSR321PWZ	rnaprot_gt_out/SRSF1_K562_ENCSR321PWZ_fixlen_201_gt_out	rnaprot_gt_out/pos_neg_fasta_out/SRSF1_K562_ENCSR321PWZ.fixlen_201.positives.bed	rnaprot_gt_out/pos_neg_fasta_out/SRSF1_K562_ENCSR321PWZ.fixlen_201.negatives.bed	--max-len 200 --mode 1 --seq-ext 100 --seed 1	2664	201	201	201	201.0	2664	201	201	201	201.0
SRSF1_K562_ENCSR432XUP	rnaprot_gt_out/SRSF1_K562_ENCSR432XUP_fixlen_201_gt_out	rnaprot_gt_out/pos_neg_fasta_out/SRSF1_K562_ENCSR432XUP.fixlen_201.positives.bed	rnaprot_gt_out/pos_neg_fasta_out/SRSF1_K562_ENCSR432XUP.fixlen_201.negatives.bed	--max-len 200 --mode 1 --seq-ext 100 --seed 1	1755	201	201	201	201	1755	201	201	201	201
SRSF5_K562_ENCSR124DES	rnaprot_gt_out/SRSF5_K562_ENCSR124DES_fixlen_201_gt_out	rnaprot_gt_out/pos_neg_fasta_out/SRSF5_K562_ENCSR124DES.fixlen_201.positives.bed	rnaprot_gt_out/pos_neg_fasta_out/SRSF5_K562_ENCSR124DES.fixlen_201.negatives.bed	--max-len 200 --mode 1 --seq-ext 100 --seed 1	342	201	201	201	201.0	342	201	201	201	201.0
SRSF7_HepG2_ENCSR513NDD	rnaprot_gt_out/SRSF7_HepG2_ENCSR513NDD_fixlen_201_gt_out	rnaprot_gt_out/pos_neg_fasta_out/SRSF7_HepG2_ENCSR513NDD.fixlen_201.positives.bed	rnaprot_gt_out/pos_neg_fasta_out/SRSF7_HepG2_ENCSR513NDD.fixlen_201.negatives.bed	--max-len 200 --mode 1 --seq-ext 100 --seed 1	301	201	201	201	201	301	201	201	201	201
SRSF7_K562_ENCSR468FSW	rnaprot_gt_out/SRSF7_K562_ENCSR468FSW_fixlen_201_gt_out	rnaprot_gt_out/pos_neg_fasta_out/SRSF7_K562_ENCSR468FSW.fixlen_201.positives.bed	rnaprot_gt_out/pos_neg_fasta_out/SRSF7_K562_ENCSR468FSW.fixlen_201.negatives.bed	--max-len 200 --mode 1 --seq-ext 100 --seed 1	392	201	201	201	201.0	392	201	201	201	201.0
SRSF9_HepG2_ENCSR773KRC	rnaprot_gt_out/SRSF9_HepG2_ENCSR773KRC_fixlen_201_gt_out	rnaprot_gt_out/pos_neg_fasta_out/SRSF9_HepG2_ENCSR773KRC.fixlen_201.positives.bed	rnaprot_gt_out/pos_neg_fasta_out/SRSF9_HepG2_ENCSR773KRC.fixlen_201.negatives.bed	--max-len 200 --mode 1 --seq-ext 100 --seed 1	562	201	201	201	201.0	562	201	201	201	201.0
SRSF9_K562_ENCSR381VNR	rnaprot_gt_out/SRSF9_K562_ENCSR381VNR_fixlen_201_gt_out	rnaprot_gt_out/pos_neg_fasta_out/SRSF9_K562_ENCSR381VNR.fixlen_201.positives.bed	rnaprot_gt_out/pos_neg_fasta_out/SRSF9_K562_ENCSR381VNR.fixlen_201.negatives.bed	--max-len 200 --mode 1 --seq-ext 100 --seed 1	186	201	201	201	201.0	186	201	201	201	201.0
SSB_K562_ENCSR356MSW	rnaprot_gt_out/SSB_K562_ENCSR356MSW_fixlen_201_gt_out	rnaprot_gt_out/pos_neg_fasta_out/SSB_K562_ENCSR356MSW.fixlen_201.positives.bed	rnaprot_gt_out/pos_neg_fasta_out/SSB_K562_ENCSR356MSW.fixlen_201.negatives.bed	--max-len 200 --mode 1 --seq-ext 100 --seed 1	92	201	201	201	201.0	92	201	201	201	201.0
STAU2_HepG2_ENCSR979EWD	rnaprot_gt_out/STAU2_HepG2_ENCSR979EWD_fixlen_201_gt_out	rnaprot_gt_out/pos_neg_fasta_out/STAU2_HepG2_ENCSR979EWD.fixlen_201.positives.bed	rnaprot_gt_out/pos_neg_fasta_out/STAU2_HepG2_ENCSR979EWD.fixlen_201.negatives.bed	--max-len 200 --mode 1 --seq-ext 100 --seed 1	605	201	201	201	201	605	201	201	201	201
SUB1_HepG2_ENCSR406OOZ	rnaprot_gt_out/SUB1_HepG2_ENCSR406OOZ_fixlen_201_gt_out	rnaprot_gt_out/pos_neg_fasta_out/SUB1_HepG2_ENCSR406OOZ.fixlen_201.positives.bed	rnaprot_gt_out/pos_neg_fasta_out/SUB1_HepG2_ENCSR406OOZ.fixlen_201.negatives.bed	--max-len 200 --mode 1 --seq-ext 100 --seed 1	2202	201	201	201	201.0	2202	201	201	201	201.0
SUGP2_HepG2_ENCSR506UPY	rnaprot_gt_out/SUGP2_HepG2_ENCSR506UPY_fixlen_201_gt_out	rnaprot_gt_out/pos_neg_fasta_out/SUGP2_HepG2_ENCSR506UPY.fixlen_201.positives.bed	rnaprot_gt_out/pos_neg_fasta_out/SUGP2_HepG2_ENCSR506UPY.fixlen_201.negatives.bed	--max-len 200 --mode 1 --seq-ext 100 --seed 1	9522	201	201	201	201.0	9522	201	201	201	201.0
SUPV3L1_HepG2_ENCSR580MFX	rnaprot_gt_out/SUPV3L1_HepG2_ENCSR580MFX_fixlen_201_gt_out	rnaprot_gt_out/pos_neg_fasta_out/SUPV3L1_HepG2_ENCSR580MFX.fixlen_201.positives.bed	rnaprot_gt_out/pos_neg_fasta_out/SUPV3L1_HepG2_ENCSR580MFX.fixlen_201.negatives.bed	--max-len 200 --mode 1 --seq-ext 100 --seed 1	213	201	201	201	201	213	201	201	201	201
TAF15_HepG2_ENCSR841EQA	rnaprot_gt_out/TAF15_HepG2_ENCSR841EQA_fixlen_201_gt_out	rnaprot_gt_out/pos_neg_fasta_out/TAF15_HepG2_ENCSR841EQA.fixlen_201.positives.bed	rnaprot_gt_out/pos_neg_fasta_out/TAF15_HepG2_ENCSR841EQA.fixlen_201.negatives.bed	--max-len 200 --mode 1 --seq-ext 100 --seed 1	695	201	201	201	201	695	201	201	201	201
TAF15_K562_ENCSR568DZW	rnaprot_gt_out/TAF15_K562_ENCSR568DZW_fixlen_201_gt_out	rnaprot_gt_out/pos_neg_fasta_out/TAF15_K562_ENCSR568DZW.fixlen_201.positives.bed	rnaprot_gt_out/pos_neg_fasta_out/TAF15_K562_ENCSR568DZW.fixlen_201.negatives.bed	--max-len 200 --mode 1 --seq-ext 100 --seed 1	415	201	201	201	201	415	201	201	201	201
TARDBP_HepG2_ENCSR187VEQ	rnaprot_gt_out/TARDBP_HepG2_ENCSR187VEQ_fixlen_201_gt_out	rnaprot_gt_out/pos_neg_fasta_out/TARDBP_HepG2_ENCSR187VEQ.fixlen_201.positives.bed	rnaprot_gt_out/pos_neg_fasta_out/TARDBP_HepG2_ENCSR187VEQ.fixlen_201.negatives.bed	--max-len 200 --mode 1 --seq-ext 100 --seed 1	10045	201	201	201	201	10045	201	201	201	201
TARDBP_K562_ENCSR584TCR	rnaprot_gt_out/TARDBP_K562_ENCSR584TCR_fixlen_201_gt_out	rnaprot_gt_out/pos_neg_fasta_out/TARDBP_K562_ENCSR584TCR.fixlen_201.positives.bed	rnaprot_gt_out/pos_neg_fasta_out/TARDBP_K562_ENCSR584TCR.fixlen_201.negatives.bed	--max-len 200 --mode 1 --seq-ext 100 --seed 1	5130	201	201	201	201.0	5130	201	201	201	201.0
TARDBP_K562_ENCSR720BJU	rnaprot_gt_out/TARDBP_K562_ENCSR720BJU_fixlen_201_gt_out	rnaprot_gt_out/pos_neg_fasta_out/TARDBP_K562_ENCSR720BJU.fixlen_201.positives.bed	rnaprot_gt_out/pos_neg_fasta_out/TARDBP_K562_ENCSR720BJU.fixlen_201.negatives.bed	--max-len 200 --mode 1 --seq-ext 100 --seed 1	3130	201	201	201	201.0	3130	201	201	201	201.0
TBRG4_HepG2_ENCSR916SRV	rnaprot_gt_out/TBRG4_HepG2_ENCSR916SRV_fixlen_201_gt_out	rnaprot_gt_out/pos_neg_fasta_out/TBRG4_HepG2_ENCSR916SRV.fixlen_201.positives.bed	rnaprot_gt_out/pos_neg_fasta_out/TBRG4_HepG2_ENCSR916SRV.fixlen_201.negatives.bed	--max-len 200 --mode 1 --seq-ext 100 --seed 1	35	201	201	201	201	35	201	201	201	201
TBRG4_K562_ENCSR506OTC	rnaprot_gt_out/TBRG4_K562_ENCSR506OTC_fixlen_201_gt_out	rnaprot_gt_out/pos_neg_fasta_out/TBRG4_K562_ENCSR506OTC.fixlen_201.positives.bed	rnaprot_gt_out/pos_neg_fasta_out/TBRG4_K562_ENCSR506OTC.fixlen_201.negatives.bed	--max-len 200 --mode 1 --seq-ext 100 --seed 1	253	201	201	201	201	253	201	201	201	201
TIA1_HepG2_ENCSR623VEQ	rnaprot_gt_out/TIA1_HepG2_ENCSR623VEQ_fixlen_201_gt_out	rnaprot_gt_out/pos_neg_fasta_out/TIA1_HepG2_ENCSR623VEQ.fixlen_201.positives.bed	rnaprot_gt_out/pos_neg_fasta_out/TIA1_HepG2_ENCSR623VEQ.fixlen_201.negatives.bed	--max-len 200 --mode 1 --seq-ext 100 --seed 1	1273	201	201	201	201	1273	201	201	201	201
TIA1_K562_ENCSR057DWB	rnaprot_gt_out/TIA1_K562_ENCSR057DWB_fixlen_201_gt_out	rnaprot_gt_out/pos_neg_fasta_out/TIA1_K562_ENCSR057DWB.fixlen_201.positives.bed	rnaprot_gt_out/pos_neg_fasta_out/TIA1_K562_ENCSR057DWB.fixlen_201.negatives.bed	--max-len 200 --mode 1 --seq-ext 100 --seed 1	4743	201	201	201	201	4743	201	201	201	201
TIAL1_HepG2_ENCSR322HHA	rnaprot_gt_out/TIAL1_HepG2_ENCSR322HHA_fixlen_201_gt_out	rnaprot_gt_out/pos_neg_fasta_out/TIAL1_HepG2_ENCSR322HHA.fixlen_201.positives.bed	rnaprot_gt_out/pos_neg_fasta_out/TIAL1_HepG2_ENCSR322HHA.fixlen_201.negatives.bed	--max-len 200 --mode 1 --seq-ext 100 --seed 1	1863	201	201	201	201	1863	201	201	201	201
TIAL1_K562_ENCSR539DEW	rnaprot_gt_out/TIAL1_K562_ENCSR539DEW_fixlen_201_gt_out	rnaprot_gt_out/pos_neg_fasta_out/TIAL1_K562_ENCSR539DEW.fixlen_201.positives.bed	rnaprot_gt_out/pos_neg_fasta_out/TIAL1_K562_ENCSR539DEW.fixlen_201.negatives.bed	--max-len 200 --mode 1 --seq-ext 100 --seed 1	4269	201	201	201	201	4269	201	201	201	201
TRA2A_HepG2_ENCSR314UMJ	rnaprot_gt_out/TRA2A_HepG2_ENCSR314UMJ_fixlen_201_gt_out	rnaprot_gt_out/pos_neg_fasta_out/TRA2A_HepG2_ENCSR314UMJ.fixlen_201.positives.bed	rnaprot_gt_out/pos_neg_fasta_out/TRA2A_HepG2_ENCSR314UMJ.fixlen_201.negatives.bed	--max-len 200 --mode 1 --seq-ext 100 --seed 1	732	201	201	201	201.0	732	201	201	201	201.0
TRA2A_K562_ENCSR365NVO	rnaprot_gt_out/TRA2A_K562_ENCSR365NVO_fixlen_201_gt_out	rnaprot_gt_out/pos_neg_fasta_out/TRA2A_K562_ENCSR365NVO.fixlen_201.positives.bed	rnaprot_gt_out/pos_neg_fasta_out/TRA2A_K562_ENCSR365NVO.fixlen_201.negatives.bed	--max-len 200 --mode 1 --seq-ext 100 --seed 1	1064	201	201	201	201.0	1064	201	201	201	201.0
TROVE2_HepG2_ENCSR993FMY	rnaprot_gt_out/TROVE2_HepG2_ENCSR993FMY_fixlen_201_gt_out	rnaprot_gt_out/pos_neg_fasta_out/TROVE2_HepG2_ENCSR993FMY.fixlen_201.positives.bed	rnaprot_gt_out/pos_neg_fasta_out/TROVE2_HepG2_ENCSR993FMY.fixlen_201.negatives.bed	--max-len 200 --mode 1 --seq-ext 100 --seed 1	110	201	201	201	201.0	110	201	201	201	201.0
TROVE2_K562_ENCSR539ZTS	rnaprot_gt_out/TROVE2_K562_ENCSR539ZTS_fixlen_201_gt_out	rnaprot_gt_out/pos_neg_fasta_out/TROVE2_K562_ENCSR539ZTS.fixlen_201.positives.bed	rnaprot_gt_out/pos_neg_fasta_out/TROVE2_K562_ENCSR539ZTS.fixlen_201.negatives.bed	--max-len 200 --mode 1 --seq-ext 100 --seed 1	319	201	201	201	201	319	201	201	201	201
U2AF1_HepG2_ENCSR328LLU	rnaprot_gt_out/U2AF1_HepG2_ENCSR328LLU_fixlen_201_gt_out	rnaprot_gt_out/pos_neg_fasta_out/U2AF1_HepG2_ENCSR328LLU.fixlen_201.positives.bed	rnaprot_gt_out/pos_neg_fasta_out/U2AF1_HepG2_ENCSR328LLU.fixlen_201.negatives.bed	--max-len 200 --mode 1 --seq-ext 100 --seed 1	893	201	201	201	201	893	201	201	201	201
U2AF1_K562_ENCSR862QCH	rnaprot_gt_out/U2AF1_K562_ENCSR862QCH_fixlen_201_gt_out	rnaprot_gt_out/pos_neg_fasta_out/U2AF1_K562_ENCSR862QCH.fixlen_201.positives.bed	rnaprot_gt_out/pos_neg_fasta_out/U2AF1_K562_ENCSR862QCH.fixlen_201.negatives.bed	--max-len 200 --mode 1 --seq-ext 100 --seed 1	1099	201	201	201	201	1099	201	201	201	201
U2AF2_HepG2_ENCSR202BFN	rnaprot_gt_out/U2AF2_HepG2_ENCSR202BFN_fixlen_201_gt_out	rnaprot_gt_out/pos_neg_fasta_out/U2AF2_HepG2_ENCSR202BFN.fixlen_201.positives.bed	rnaprot_gt_out/pos_neg_fasta_out/U2AF2_HepG2_ENCSR202BFN.fixlen_201.negatives.bed	--max-len 200 --mode 1 --seq-ext 100 --seed 1	9498	201	201	201	201.0	9498	201	201	201	201.0
U2AF2_K562_ENCSR893RAV	rnaprot_gt_out/U2AF2_K562_ENCSR893RAV_fixlen_201_gt_out	rnaprot_gt_out/pos_neg_fasta_out/U2AF2_K562_ENCSR893RAV.fixlen_201.positives.bed	rnaprot_gt_out/pos_neg_fasta_out/U2AF2_K562_ENCSR893RAV.fixlen_201.negatives.bed	--max-len 200 --mode 1 --seq-ext 100 --seed 1	3068	201	201	201	201.0	3068	201	201	201	201.0
UCHL5_HepG2_ENCSR490IEE	rnaprot_gt_out/UCHL5_HepG2_ENCSR490IEE_fixlen_201_gt_out	rnaprot_gt_out/pos_neg_fasta_out/UCHL5_HepG2_ENCSR490IEE.fixlen_201.positives.bed	rnaprot_gt_out/pos_neg_fasta_out/UCHL5_HepG2_ENCSR490IEE.fixlen_201.negatives.bed	--max-len 200 --mode 1 --seq-ext 100 --seed 1	1832	201	201	201	201.0	1832	201	201	201	201.0
UCHL5_K562_ENCSR349KMG	rnaprot_gt_out/UCHL5_K562_ENCSR349KMG_fixlen_201_gt_out	rnaprot_gt_out/pos_neg_fasta_out/UCHL5_K562_ENCSR349KMG.fixlen_201.positives.bed	rnaprot_gt_out/pos_neg_fasta_out/UCHL5_K562_ENCSR349KMG.fixlen_201.negatives.bed	--max-len 200 --mode 1 --seq-ext 100 --seed 1	12925	201	201	201	201	12925	201	201	201	201
UPF1_HepG2_ENCSR539BEV	rnaprot_gt_out/UPF1_HepG2_ENCSR539BEV_fixlen_201_gt_out	rnaprot_gt_out/pos_neg_fasta_out/UPF1_HepG2_ENCSR539BEV.fixlen_201.positives.bed	rnaprot_gt_out/pos_neg_fasta_out/UPF1_HepG2_ENCSR539BEV.fixlen_201.negatives.bed	--max-len 200 --mode 1 --seq-ext 100 --seed 1	4694	201	201	201	201.0	4694	201	201	201	201.0
UPF1_K562_ENCSR456ASB	rnaprot_gt_out/UPF1_K562_ENCSR456ASB_fixlen_201_gt_out	rnaprot_gt_out/pos_neg_fasta_out/UPF1_K562_ENCSR456ASB.fixlen_201.positives.bed	rnaprot_gt_out/pos_neg_fasta_out/UPF1_K562_ENCSR456ASB.fixlen_201.negatives.bed	--max-len 200 --mode 1 --seq-ext 100 --seed 1	6116	201	201	201	201.0	6116	201	201	201	201.0
UTP18_K562_ENCSR964VOX	rnaprot_gt_out/UTP18_K562_ENCSR964VOX_fixlen_201_gt_out	rnaprot_gt_out/pos_neg_fasta_out/UTP18_K562_ENCSR964VOX.fixlen_201.positives.bed	rnaprot_gt_out/pos_neg_fasta_out/UTP18_K562_ENCSR964VOX.fixlen_201.negatives.bed	--max-len 200 --mode 1 --seq-ext 100 --seed 1	99	201	201	201	201	99	201	201	201	201
WDR43_HepG2_ENCSR085JPB	rnaprot_gt_out/WDR43_HepG2_ENCSR085JPB_fixlen_201_gt_out	rnaprot_gt_out/pos_neg_fasta_out/WDR43_HepG2_ENCSR085JPB.fixlen_201.positives.bed	rnaprot_gt_out/pos_neg_fasta_out/WDR43_HepG2_ENCSR085JPB.fixlen_201.negatives.bed	--max-len 200 --mode 1 --seq-ext 100 --seed 1	164	201	201	201	201.0	164	201	201	201	201.0
WDR43_K562_ENCSR349CMI	rnaprot_gt_out/WDR43_K562_ENCSR349CMI_fixlen_201_gt_out	rnaprot_gt_out/pos_neg_fasta_out/WDR43_K562_ENCSR349CMI.fixlen_201.positives.bed	rnaprot_gt_out/pos_neg_fasta_out/WDR43_K562_ENCSR349CMI.fixlen_201.negatives.bed	--max-len 200 --mode 1 --seq-ext 100 --seed 1	103	201	201	201	201	103	201	201	201	201
WRN_K562_ENCSR038JME	rnaprot_gt_out/WRN_K562_ENCSR038JME_fixlen_201_gt_out	rnaprot_gt_out/pos_neg_fasta_out/WRN_K562_ENCSR038JME.fixlen_201.positives.bed	rnaprot_gt_out/pos_neg_fasta_out/WRN_K562_ENCSR038JME.fixlen_201.negatives.bed	--max-len 200 --mode 1 --seq-ext 100 --seed 1	84	201	201	201	201.0	84	201	201	201	201.0
XPO5_HepG2_ENCSR921SXC	rnaprot_gt_out/XPO5_HepG2_ENCSR921SXC_fixlen_201_gt_out	rnaprot_gt_out/pos_neg_fasta_out/XPO5_HepG2_ENCSR921SXC.fixlen_201.positives.bed	rnaprot_gt_out/pos_neg_fasta_out/XPO5_HepG2_ENCSR921SXC.fixlen_201.negatives.bed	--max-len 200 --mode 1 --seq-ext 100 --seed 1	3363	201	201	201	201	3363	201	201	201	201
XRCC6_K562_ENCSR258QKO	rnaprot_gt_out/XRCC6_K562_ENCSR258QKO_fixlen_201_gt_out	rnaprot_gt_out/pos_neg_fasta_out/XRCC6_K562_ENCSR258QKO.fixlen_201.positives.bed	rnaprot_gt_out/pos_neg_fasta_out/XRCC6_K562_ENCSR258QKO.fixlen_201.negatives.bed	--max-len 200 --mode 1 --seq-ext 100 --seed 1	767	201	201	201	201	767	201	201	201	201
XRN2_HepG2_ENCSR655NZA	rnaprot_gt_out/XRN2_HepG2_ENCSR655NZA_fixlen_201_gt_out	rnaprot_gt_out/pos_neg_fasta_out/XRN2_HepG2_ENCSR655NZA.fixlen_201.positives.bed	rnaprot_gt_out/pos_neg_fasta_out/XRN2_HepG2_ENCSR655NZA.fixlen_201.negatives.bed	--max-len 200 --mode 1 --seq-ext 100 --seed 1	1241	201	201	201	201	1241	201	201	201	201
XRN2_K562_ENCSR657TZB	rnaprot_gt_out/XRN2_K562_ENCSR657TZB_fixlen_201_gt_out	rnaprot_gt_out/pos_neg_fasta_out/XRN2_K562_ENCSR657TZB.fixlen_201.positives.bed	rnaprot_gt_out/pos_neg_fasta_out/XRN2_K562_ENCSR657TZB.fixlen_201.negatives.bed	--max-len 200 --mode 1 --seq-ext 100 --seed 1	1150	201	201	201	201.0	1150	201	201	201	201.0
YBX3_HepG2_ENCSR735HOK	rnaprot_gt_out/YBX3_HepG2_ENCSR735HOK_fixlen_201_gt_out	rnaprot_gt_out/pos_neg_fasta_out/YBX3_HepG2_ENCSR735HOK.fixlen_201.positives.bed	rnaprot_gt_out/pos_neg_fasta_out/YBX3_HepG2_ENCSR735HOK.fixlen_201.negatives.bed	--max-len 200 --mode 1 --seq-ext 100 --seed 1	898	201	201	201	201.0	898	201	201	201	201.0
YBX3_K562_ENCSR529FKI	rnaprot_gt_out/YBX3_K562_ENCSR529FKI_fixlen_201_gt_out	rnaprot_gt_out/pos_neg_fasta_out/YBX3_K562_ENCSR529FKI.fixlen_201.positives.bed	rnaprot_gt_out/pos_neg_fasta_out/YBX3_K562_ENCSR529FKI.fixlen_201.negatives.bed	--max-len 200 --mode 1 --seq-ext 100 --seed 1	9724	201	201	201	201.0	9724	201	201	201	201.0
YWHAG_K562_ENCSR867ZVK	rnaprot_gt_out/YWHAG_K562_ENCSR867ZVK_fixlen_201_gt_out	rnaprot_gt_out/pos_neg_fasta_out/YWHAG_K562_ENCSR867ZVK.fixlen_201.positives.bed	rnaprot_gt_out/pos_neg_fasta_out/YWHAG_K562_ENCSR867ZVK.fixlen_201.negatives.bed	--max-len 200 --mode 1 --seq-ext 100 --seed 1	592	201	201	201	201.0	592	201	201	201	201.0
ZC3H11A_HepG2_ENCSR907GUB	rnaprot_gt_out/ZC3H11A_HepG2_ENCSR907GUB_fixlen_201_gt_out	rnaprot_gt_out/pos_neg_fasta_out/ZC3H11A_HepG2_ENCSR907GUB.fixlen_201.positives.bed	rnaprot_gt_out/pos_neg_fasta_out/ZC3H11A_HepG2_ENCSR907GUB.fixlen_201.negatives.bed	--max-len 200 --mode 1 --seq-ext 100 --seed 1	890	201	201	201	201.0	890	201	201	201	201.0
ZC3H11A_K562_ENCSR712IAG	rnaprot_gt_out/ZC3H11A_K562_ENCSR712IAG_fixlen_201_gt_out	rnaprot_gt_out/pos_neg_fasta_out/ZC3H11A_K562_ENCSR712IAG.fixlen_201.positives.bed	rnaprot_gt_out/pos_neg_fasta_out/ZC3H11A_K562_ENCSR712IAG.fixlen_201.negatives.bed	--max-len 200 --mode 1 --seq-ext 100 --seed 1	914	201	201	201	201.0	914	201	201	201	201.0
ZC3H8_K562_ENCSR181NRW	rnaprot_gt_out/ZC3H8_K562_ENCSR181NRW_fixlen_201_gt_out	rnaprot_gt_out/pos_neg_fasta_out/ZC3H8_K562_ENCSR181NRW.fixlen_201.positives.bed	rnaprot_gt_out/pos_neg_fasta_out/ZC3H8_K562_ENCSR181NRW.fixlen_201.negatives.bed	--max-len 200 --mode 1 --seq-ext 100 --seed 1	132	201	201	201	201.0	132	201	201	201	201.0
ZNF622_K562_ENCSR657TZZ	rnaprot_gt_out/ZNF622_K562_ENCSR657TZZ_fixlen_201_gt_out	rnaprot_gt_out/pos_neg_fasta_out/ZNF622_K562_ENCSR657TZZ.fixlen_201.positives.bed	rnaprot_gt_out/pos_neg_fasta_out/ZNF622_K562_ENCSR657TZZ.fixlen_201.negatives.bed	--max-len 200 --mode 1 --seq-ext 100 --seed 1	10966	201	201	201	201.0	10966	201	201	201	201.0
ZNF800_HepG2_ENCSR685AUR	rnaprot_gt_out/ZNF800_HepG2_ENCSR685AUR_fixlen_201_gt_out	rnaprot_gt_out/pos_neg_fasta_out/ZNF800_HepG2_ENCSR685AUR.fixlen_201.positives.bed	rnaprot_gt_out/pos_neg_fasta_out/ZNF800_HepG2_ENCSR685AUR.fixlen_201.negatives.bed	--max-len 200 --mode 1 --seq-ext 100 --seed 1	2151	201	201	201	201	2151	201	201	201	201
ZNF800_K562_ENCSR586DGV	rnaprot_gt_out/ZNF800_K562_ENCSR586DGV_fixlen_201_gt_out	rnaprot_gt_out/pos_neg_fasta_out/ZNF800_K562_ENCSR586DGV.fixlen_201.positives.bed	rnaprot_gt_out/pos_neg_fasta_out/ZNF800_K562_ENCSR586DGV.fixlen_201.negatives.bed	--max-len 200 --mode 1 --seq-ext 100 --seed 1	1934	201	201	201	201.0	1934	201	201	201	201.0
ZRANB2_K562_ENCSR663NRA	rnaprot_gt_out/ZRANB2_K562_ENCSR663NRA_fixlen_201_gt_out	rnaprot_gt_out/pos_neg_fasta_out/ZRANB2_K562_ENCSR663NRA.fixlen_201.positives.bed	rnaprot_gt_out/pos_neg_fasta_out/ZRANB2_K562_ENCSR663NRA.fixlen_201.negatives.bed	--max-len 200 --mode 1 --seq-ext 100 --seed 1	181	201	201	201	201	181	201	201	201	201
