protein_name	best_model	auroc	auprc	val_auroc	val_auprc	accuracy	f1	n_train	n_val	n_test	n_pos	n_neg	n_deduped_removed	rna_length_mode	split_mode	dataset
BOLL	random_forest	0.941275	0.91710842713728	0.9552	0.9285249038363096	0.89	0.835	1800	600	600	1000	2000	0	40.0	honest_60_20_20	htr_selex
CARHSP1	random_forest	0.8883500000000001	0.8246595971089368	0.8717875	0.8185577486867033	0.835	0.7428571428571429	1800	600	600	1000	2000	0	40.0	honest_60_20_20	htr_selex
CELF1-construct2	random_forest	0.9470875	0.9247545521045965	0.9375	0.9162169356593082	0.895	0.8421052631578947	1800	600	600	1000	2000	0	40.0	honest_60_20_20	htr_selex
CELF3-construct2	logistic_regression	0.9985625	0.9975713264742472	0.9993375	0.9986824761317444	0.985	0.977667493796526	1800	600	600	1000	2000	0	40.0	honest_60_20_20	htr_selex
CELF4	logistic_regression	0.997575	0.9963876691671024	0.9996125	0.9991953098538858	0.9933333333333332	0.9899497487437184	1800	600	600	1000	2000	0	40.0	honest_60_20_20	htr_selex
CELF4-construct2	logistic_regression	0.99865	0.9978731006351974	1.0	1.0	0.9933333333333332	0.99	1800	600	600	1000	2000	0	40.0	honest_60_20_20	htr_selex
CSDA	random_forest	0.8749375	0.8186804231662628	0.8938375	0.8553497923893179	0.8266666666666667	0.7189189189189189	1800	600	600	1000	2000	0	40.0	honest_60_20_20	htr_selex
CSTF2	logistic_regression	0.96815	0.9523653864760084	0.9713	0.954281856824193	0.9116666666666666	0.8752941176470588	1800	600	600	1000	2000	0	40.0	honest_60_20_20	htr_selex
CSTF2T	random_forest	0.9539375	0.9498104526238784	0.969275	0.9618848276693048	0.935	0.8976377952755905	1800	600	600	1000	2000	0	40.0	honest_60_20_20	htr_selex
DAZ1	random_forest	0.9443875	0.913670189111185	0.945975	0.9025024983984216	0.9016666666666666	0.8571428571428571	1800	600	600	1000	2000	0	40.0	honest_60_20_20	htr_selex
DAZ1-construct2	random_forest	0.9085875	0.8445240399424794	0.9458625	0.9095653660890684	0.8433333333333334	0.7729468599033816	1800	600	600	1000	2000	0	40.0	honest_60_20_20	htr_selex
DAZ1-construct3	random_forest	0.9128125	0.8845064950477664	0.9081	0.8715138073133694	0.8833333333333333	0.8066298342541437	1800	600	600	1000	2000	0	40.0	honest_60_20_20	htr_selex
DAZ3	random_forest	0.9702	0.961877832756054	0.9804	0.9704301018141408	0.9316666666666666	0.8906666666666667	1800	600	600	1000	2000	0	40.0	honest_60_20_20	htr_selex
DAZ4	random_forest	0.954375	0.9327628763409432	0.964425	0.9432634431742126	0.8916666666666667	0.8337595907928389	1800	600	600	1000	2000	0	40.0	honest_60_20_20	htr_selex
DAZAP1	random_forest	0.9116999999999998	0.8853229203246218	0.916675	0.8852542763070266	0.875	0.7851002865329513	1800	600	600	1000	2000	0	40.0	honest_60_20_20	htr_selex
DAZL	random_forest	0.959925	0.9416524832934268	0.94705	0.9214369810549184	0.9016666666666666	0.855036855036855	1800	600	600	1000	2000	0	40.0	honest_60_20_20	htr_selex
ELAVL1	logistic_regression	0.9999875	0.9999751243781094	0.9993125	0.9985234089822744	0.9966666666666668	0.9950248756218906	1800	600	600	1000	2000	0	40.0	honest_60_20_20	htr_selex
ELAVL3	random_forest	0.990175	0.9807756234158198	0.9897	0.9811637817421548	0.9533333333333334	0.9330143540669856	1800	600	600	1000	2000	0	40.0	honest_60_20_20	htr_selex
ELAVL4	random_forest	0.8157749999999999	0.7475240936907958	0.8616874999999999	0.7991536020917459	0.7533333333333333	0.6318407960199005	1800	600	600	1000	2000	0	40.0	honest_60_20_20	htr_selex
ESRP1-construct3	random_forest	0.9982125	0.9959637724792132	0.9931875	0.9909685295667702	0.9833333333333332	0.9754901960784312	1800	600	600	1000	2000	0	40.0	honest_60_20_20	htr_selex
HEXIM1	random_forest	0.995425	0.9920461020201368	0.9781125	0.9736166051696048	0.9683333333333334	0.9521410579345088	1800	600	600	1000	2000	0	40.0	honest_60_20_20	htr_selex
HEXIM2	random_forest	0.984725	0.9780237890721876	0.9829375	0.977954150910028	0.9683333333333334	0.9516539440203562	1800	600	600	1000	2000	0	40.0	honest_60_20_20	htr_selex
HNRNPA0	random_forest	0.982075	0.9805340542952086	0.98645	0.9820623586656392	0.9733333333333334	0.958974358974359	1800	600	600	1000	2000	0	40.0	honest_60_20_20	htr_selex
HNRNPA1	random_forest	0.91545	0.8758951453499915	0.9087375	0.8505230531802509	0.8533333333333334	0.7832512315270936	1800	600	600	1000	2000	0	40.0	honest_60_20_20	htr_selex
HNRNPA1L2	random_forest	0.9868625	0.9871478058269212	0.989325	0.9851279685784036	0.9666666666666668	0.9507389162561576	1800	600	600	1000	2000	0	40.0	honest_60_20_20	htr_selex
HNRNPA3	random_forest	0.9573125	0.9275970945181048	0.9581125	0.9277803037623992	0.9066666666666666	0.8672985781990521	1800	600	600	1000	2000	0	40.0	honest_60_20_20	htr_selex
HNRNPC	random_forest	0.9869875	0.978892146559764	0.9868875	0.9857783347325304	0.9383333333333334	0.9033942558746736	1800	600	600	1000	2000	0	40.0	honest_60_20_20	htr_selex
HNRNPCL1	random_forest	0.988525	0.9860668142481244	0.9826875	0.97802530885907	0.96	0.9414634146341464	1800	600	600	1000	2000	0	40.0	honest_60_20_20	htr_selex
HNRNPL-construct2	random_forest	0.9713375	0.9688195377225992	0.9717375	0.9656894030516724	0.9333333333333332	0.9014778325123152	1800	600	600	1000	2000	0	40.0	honest_60_20_20	htr_selex
HNRPLL	random_forest	0.923075	0.8850228401231981	0.8825	0.8296431445064707	0.8483333333333334	0.7764127764127764	1800	600	600	1000	2000	0	40.0	honest_60_20_20	htr_selex
IGF2BP1	random_forest	0.8809624999999999	0.8013008259524412	0.9029375000000002	0.8376613610937746	0.8083333333333333	0.7242206235011991	1800	600	600	1000	2000	0	40.0	honest_60_20_20	htr_selex
IGF2BP1-construct4	logistic_regression	0.8962374999999999	0.8381469179757597	0.8917499999999999	0.8282619854705107	0.8116666666666666	0.7365967365967366	1800	600	600	1000	2000	0	40.0	honest_60_20_20	htr_selex
KHDRBS1	random_forest	0.9502225646293444	0.9202011690762792	0.9476161520617976	0.8935784729377837	0.9074074074074074	0.8235294117647058	1482	484	486	1000	2000	0	40.0	honest_60_20_20	htr_selex
KHDRBS2	random_forest	0.9376512401693888	0.9427273030127786	0.9381179614430234	0.9250030089130606	0.8865030674846626	0.8802588996763754	950	324	326	1000	2000	0	26.0	honest_60_20_20	htr_selex
KHDRBS3	logistic_regression	0.9125375	0.8428785118574216	0.924525	0.8999604199081063	0.8433333333333334	0.7761904761904762	1800	600	600	1000	2000	0	40.0	honest_60_20_20	htr_selex
LARP6	random_forest	0.8998875	0.8426152884330718	0.8895875	0.8351651584038842	0.8216666666666667	0.727735368956743	1800	600	600	1000	2000	0	40.0	honest_60_20_20	htr_selex
LARP7-construct4	random_forest	0.9005624999999999	0.8180807838553995	0.9338625	0.8749414411035779	0.8183333333333334	0.7447306791569087	1800	600	600	1000	2000	0	40.0	honest_60_20_20	htr_selex
MCM3AP	random_forest	0.9713125	0.9511462038959784	0.97395	0.9596208987741772	0.925	0.8920863309352518	1800	600	600	1000	2000	0	40.0	honest_60_20_20	htr_selex
MEX3B-construct3	random_forest	0.9383	0.92327445834653	0.9311875	0.9055808036457828	0.8783333333333333	0.8197530864197531	1800	600	600	1000	2000	0	40.0	honest_60_20_20	htr_selex
MEX3C	random_forest	0.95555	0.9176893798694176	0.929825	0.8825620249153986	0.8816666666666667	0.8375286041189931	1800	600	600	1000	2000	0	40.0	honest_60_20_20	htr_selex
MEX3D	random_forest	0.943075	0.9274825346707728	0.9397125000000002	0.9237980474841568	0.895	0.8396946564885496	1800	600	600	1000	2000	0	40.0	honest_60_20_20	htr_selex
MEX3D-construct3	random_forest	0.707025	0.6714582646179674	0.7281375	0.7042797717510967	0.75	0.5283018867924528	1800	600	600	1000	2000	0	40.0	honest_60_20_20	htr_selex
MKRN1	random_forest	0.99095	0.9883850724770584	0.990725	0.9906531062909224	0.965	0.9481481481481482	1800	600	600	1000	2000	0	40.0	honest_60_20_20	htr_selex
MSI1	random_forest	0.958175	0.9490592714328908	0.9573875	0.950163650858208	0.9166666666666666	0.8743718592964824	1800	600	600	1000	2000	0	40.0	honest_60_20_20	htr_selex
MSI2	random_forest	0.9218375	0.8949747252496543	0.9317375	0.900790460856742	0.86	0.7741935483870968	1800	600	600	1000	2000	0	40.0	honest_60_20_20	htr_selex
NOVA2-construct3	logistic_regression	0.9986625	0.997516746414557	0.992525	0.9895417156983972	0.975	0.9629629629629628	1800	600	600	1000	2000	0	40.0	honest_60_20_20	htr_selex
PABPC5	logistic_regression	0.92225	0.8662915018950135	0.9189625	0.8761053219235944	0.8483333333333334	0.7878787878787878	1800	600	600	1000	2000	0	40.0	honest_60_20_20	htr_selex
PCBP1	random_forest	0.96105	0.9400586861825396	0.96585	0.960759237074562	0.9133333333333332	0.8767772511848341	1800	600	600	1000	2000	0	40.0	honest_60_20_20	htr_selex
PUM1	random_forest	0.8136875	0.6834914156034928	0.844725	0.7430885058771146	0.7533333333333333	0.6390243902439025	1800	600	600	1000	2000	0	40.0	honest_60_20_20	htr_selex
PUM2	random_forest	0.9928125	0.9870829219527648	0.9958375	0.991607595238302	0.9566666666666668	0.9375	1800	600	600	1000	2000	0	40.0	honest_60_20_20	htr_selex
QKI	logistic_regression	0.9486625	0.9237481479377536	0.945075	0.9200686744791142	0.8733333333333333	0.8215962441314554	1800	600	600	1000	2000	0	40.0	honest_60_20_20	htr_selex
RALY	random_forest	0.9614375	0.9578106412036708	0.96925	0.9623147320269176	0.955	0.9298701298701298	1800	600	600	1000	2000	0	40.0	honest_60_20_20	htr_selex
RBFOX1	logistic_regression	0.963175	0.9383552044918322	0.97595	0.9605362322881724	0.915	0.871536523929471	1800	600	600	1000	2000	0	40.0	honest_60_20_20	htr_selex
RBFOX1-construct2	random_forest	0.884375	0.8170194390569373	0.8707374999999999	0.8103149276443156	0.8266666666666667	0.7450980392156863	1800	600	600	1000	2000	0	40.0	honest_60_20_20	htr_selex
RBFOX1-construct4	random_forest	0.980075	0.9783087415867	0.9840625	0.9836778412272048	0.9683333333333334	0.9523809523809524	1800	600	600	1000	2000	0	40.0	honest_60_20_20	htr_selex
RBFOX3	logistic_regression	0.9751375	0.957812215814352	0.988025	0.978375760853318	0.9266666666666666	0.8916256157635468	1800	600	600	1000	2000	0	40.0	honest_60_20_20	htr_selex
RBM14	random_forest	0.957375	0.9412939084664464	0.9634	0.9416650882906166	0.9066666666666666	0.8613861386138614	1800	600	600	1000	2000	0	40.0	honest_60_20_20	htr_selex
RBM24	random_forest	0.9937875	0.992273481686236	0.9970375	0.9961385020846704	0.9833333333333332	0.9752475247524752	1800	600	600	1000	2000	0	40.0	honest_60_20_20	htr_selex
RBM28	random_forest	0.8944124999999998	0.8391257154675588	0.90295	0.8261837306878655	0.82	0.7403846153846154	1800	600	600	1000	2000	0	40.0	honest_60_20_20	htr_selex
RBM38	random_forest	0.9768375	0.9775788038397618	0.98525	0.9821958972519969	0.9633333333333334	0.9430051813471504	1800	600	600	1000	2000	0	40.0	honest_60_20_20	htr_selex
RBM4	random_forest	0.971625	0.962758626632384	0.9629875	0.9554628727662524	0.9333333333333332	0.8969072164948454	1800	600	600	1000	2000	0	40.0	honest_60_20_20	htr_selex
RBM42	logistic_regression	0.9921381578947368	0.9951648471888	0.993388429752066	0.9971089016639832	0.9857954545454546	0.9875930521091812	1050	321	352	1000	2000	0	26.0	honest_60_20_20	htr_selex
RBM46	random_forest	0.9611625	0.948125655996818	0.929925	0.9192353798790964	0.915	0.8721804511278195	1800	600	600	1000	2000	0	40.0	honest_60_20_20	htr_selex
RBM4B	random_forest	0.966575	0.9551351676702914	0.9544125	0.945834905911293	0.9366666666666666	0.903061224489796	1800	600	600	1000	2000	0	40.0	honest_60_20_20	htr_selex
RBM6	random_forest	0.92535	0.9106184764086293	0.934625	0.917649378920546	0.895	0.832	1800	600	600	1000	2000	0	40.0	honest_60_20_20	htr_selex
RBMS1	random_forest	0.9160875	0.852158121542551	0.9135375	0.8221557962426096	0.8583333333333333	0.7980997624703088	1800	600	600	1000	2000	0	40.0	honest_60_20_20	htr_selex
RBMS2	logistic_regression	0.8797875	0.7935136189632856	0.9172	0.8745056322877698	0.8116666666666666	0.7353629976580797	1800	600	600	1000	2000	0	40.0	honest_60_20_20	htr_selex
RBMS3	random_forest	0.8879750000000001	0.8467527866192579	0.88735	0.8652945196626868	0.85	0.7692307692307693	1800	600	600	1000	2000	0	40.0	honest_60_20_20	htr_selex
RBMY1E	logistic_regression	0.9239125	0.8669199493376386	0.9411375	0.8692552276070717	0.8533333333333334	0.7843137254901961	1800	600	600	1000	2000	0	40.0	honest_60_20_20	htr_selex
RBMY1F	random_forest	0.955575	0.9474763979185652	0.9393	0.9236017444892538	0.9183333333333332	0.8765743073047859	1800	600	600	1000	2000	0	40.0	honest_60_20_20	htr_selex
RBMY1J	random_forest	0.862525	0.7864195767654982	0.9196125	0.8467880706998374	0.7966666666666666	0.6789473684210526	1800	600	600	1000	2000	0	40.0	honest_60_20_20	htr_selex
RBPMS	random_forest	0.997025	0.9939105464097178	0.9787875	0.9741534301947798	0.9516666666666668	0.9320843091334896	1800	600	600	1000	2000	0	40.0	honest_60_20_20	htr_selex
RBPMS2	logistic_regression	0.9961625	0.9901693514995038	0.998825	0.9979010285871784	0.9866666666666668	0.9802955665024632	1800	600	600	1000	2000	0	40.0	honest_60_20_20	htr_selex
RC3H1-construct2	logistic_regression	0.8957499999999999	0.8569691823359682	0.8962124999999999	0.8656669211902697	0.825	0.7494033412887828	1800	600	600	1000	2000	0	40.0	honest_60_20_20	htr_selex
RC3H2	random_forest	0.8362749999999999	0.7764129716001191	0.8626874999999999	0.7902223148609503	0.8066666666666666	0.6759776536312849	1800	600	600	1000	2000	0	40.0	honest_60_20_20	htr_selex
RNPC3	random_forest	0.946225	0.9247886559889916	0.944075	0.927757515560899	0.8716666666666667	0.817966903073286	1800	600	600	1000	2000	0	40.0	honest_60_20_20	htr_selex
SART3	random_forest	0.9296875	0.8923349190018929	0.936925	0.9079881286849304	0.8766666666666667	0.8072916666666666	1800	600	600	1000	2000	0	40.0	honest_60_20_20	htr_selex
SNRNP70	random_forest	0.9324180327868852	0.9613899872196976	0.927020202020202	0.9618026419398248	0.8695652173913043	0.8923076923076924	922	299	322	1000	2000	0	26.0	honest_60_20_20	htr_selex
SNRPA	random_forest	0.978675	0.9707582445861244	0.9666875	0.9541701681289408	0.9416666666666668	0.9148418491484184	1800	600	600	1000	2000	0	40.0	honest_60_20_20	htr_selex
SNRPB2	random_forest	0.9382875	0.9189193101085368	0.9610125	0.9362924637951704	0.885	0.8244274809160306	1800	600	600	1000	2000	0	40.0	honest_60_20_20	htr_selex
TARDBP	logistic_regression	0.9951	0.9943072310021208	0.997575	0.9972398814784976	0.9916666666666668	0.987468671679198	1800	600	600	1000	2000	0	40.0	honest_60_20_20	htr_selex
THUMPD1	random_forest	0.958625	0.9273950360253704	0.9554875	0.9296124285630822	0.89	0.8450704225352113	1800	600	600	1000	2000	0	40.0	honest_60_20_20	htr_selex
YBX1	random_forest	0.929275	0.9058291662839902	0.9522375	0.9334586998006168	0.8866666666666667	0.826530612244898	1800	600	600	1000	2000	0	40.0	honest_60_20_20	htr_selex
YBX2	random_forest	0.894425	0.836078953034855	0.916425	0.8807028338133418	0.8383333333333334	0.7581047381546134	1800	600	600	1000	2000	0	40.0	honest_60_20_20	htr_selex
ZC3H10	random_forest	0.983875	0.9694696344919064	0.984525	0.9769729646176856	0.935	0.9055690072639224	1800	600	600	1000	2000	0	40.0	honest_60_20_20	htr_selex
ZC3H12A	logistic_regression	0.8893625	0.8034163546310018	0.8992249999999999	0.8258482563193303	0.8116666666666666	0.7290167865707434	1800	600	600	1000	2000	0	40.0	honest_60_20_20	htr_selex
ZC3H12B	random_forest	0.935875	0.8862718922121418	0.9188875	0.8576256157196456	0.88	0.8301886792452831	1800	600	600	1000	2000	0	40.0	honest_60_20_20	htr_selex
ZC3H12C	random_forest	0.9239625	0.9104561488415068	0.9396125	0.9113241014427456	0.885	0.8235294117647058	1800	600	600	1000	2000	0	40.0	honest_60_20_20	htr_selex
ZC3H8	random_forest	0.8936375000000001	0.7993958098260626	0.912825	0.8605012377480837	0.82	0.7391304347826086	1800	600	600	1000	2000	0	26.0	honest_60_20_20	htr_selex
ZCRB1	random_forest	0.8908375000000001	0.8704458066444093	0.8865125	0.8552521357127848	0.85	0.7619047619047619	1800	600	600	1000	2000	0	40.0	honest_60_20_20	htr_selex
ZFP36	random_forest	0.9408875	0.9289634066418688	0.92455	0.91636192489933	0.9133333333333332	0.8586956521739131	1800	600	600	1000	2000	0	40.0	honest_60_20_20	htr_selex
ZFR-construct4	logistic_regression	0.930325	0.8913652843357306	0.9027125	0.8491540241933857	0.85	0.7836538461538461	1800	600	600	1000	2000	0	40.0	honest_60_20_20	htr_selex
ZRANB2	random_forest	0.999125	0.9983312167854754	0.9951875	0.9918979026312754	0.9783333333333334	0.9682151589242054	1800	600	600	1000	2000	0	40.0	honest_60_20_20	htr_selex
A1CF	random_forest	0.9940625	0.9858384612704428	0.9857625	0.9566324369991036	0.9816666666666668	0.97323600973236	1800	600	600	1000	2000	0		honest_60_20_20	rbns
AKAP8L	logistic_regression	0.9971125	0.9926891718211877	0.9965875	0.9909564076243778	0.9866666666666668	0.9802955665024632	1800	600	600	1000	2000	0		honest_60_20_20	rbns
BOLL	random_forest	0.9983875	0.9963377412001656	0.998275	0.9958427783724576	0.9933333333333332	0.99009900990099	1800	600	600	1000	2000	0		honest_60_20_20	rbns
CELF1	logistic_regression	0.998	0.9959660467407174	0.98533125	0.9442249105849194	0.9766666666666668	0.965174129353234	1800	600	600	1000	2000	0		honest_60_20_20	rbns
CNOT4	random_forest	0.9945375	0.9867415373218512	0.9883125	0.9599655434161268	0.9766666666666668	0.966183574879227	1800	600	600	1000	2000	0		honest_60_20_20	rbns
CPEB1	random_forest	0.994	0.9833432108888148	0.9960125	0.98986919454223	0.9833333333333332	0.975609756097561	1800	600	600	1000	2000	0		honest_60_20_20	rbns
CSDE1	random_forest	0.9985625	0.9966768809077948	0.9988375	0.9973944018527732	0.9733333333333334	0.9615384615384616	1800	600	600	1000	2000	0		honest_60_20_20	rbns
DAZ3	random_forest	0.986775	0.9587095972895496	0.992175	0.9671088947846748	0.975	0.963855421686747	1800	600	600	1000	2000	0		honest_60_20_20	rbns
DAZAP1	logistic_regression	0.970125	0.8926279162203546	0.9824625	0.9492669148275844	0.9433333333333334	0.9166666666666666	1800	600	600	1000	2000	0		honest_60_20_20	rbns
EIF3D	random_forest	0.991825	0.9642451550862824	0.99015	0.9537862925637266	0.9816666666666668	0.97323600973236	1800	600	600	1000	2000	0		honest_60_20_20	rbns
EIF4G2	random_forest	0.996075	0.9850332532806908	0.9971	0.9858949974531456	0.995	0.9925558312655088	1800	600	600	1000	2000	0		honest_60_20_20	rbns
ELAVL4	random_forest	0.9983125	0.9958171166684328	0.9972875	0.9936650768412356	0.9966666666666668	0.9950248756218906	1800	600	600	1000	2000	0		honest_60_20_20	rbns
ESRP1	random_forest	0.9926125	0.963678152438424	0.9988	0.9969295608482356	0.9933333333333332	0.99009900990099	1800	600	600	1000	2000	0		honest_60_20_20	rbns
EWSR1	random_forest	0.9962625	0.9874759994947048	0.99995	0.9999019607843136	0.99	0.984924623115578	1800	600	600	1000	2000	0		honest_60_20_20	rbns
EXOSC4	random_forest	0.998175	0.9938017346936536	1.0	1.0	0.9933333333333332	0.99009900990099	1800	600	600	1000	2000	0		honest_60_20_20	rbns
FUBP1	logistic_regression	0.9967125	0.9899044224037192	0.99398125	0.9735190579818946	0.9866666666666668	0.9801980198019802	1800	600	600	1000	2000	0		honest_60_20_20	rbns
FUBP3	random_forest	0.9943625	0.9874865271665724	0.9942375	0.9859734461977658	0.9716666666666668	0.9592326139088728	1800	600	600	1000	2000	0		honest_60_20_20	rbns
FUS	logistic_regression	0.993725	0.9786856327084976	0.9951875	0.978064011848158	0.9833333333333332	0.9753694581280788	1800	600	600	1000	2000	0		honest_60_20_20	rbns
HNRNPA0	random_forest	0.9934375	0.9791248992338594	0.997825	0.994070083948548	0.9883333333333332	0.9828009828009828	1800	600	600	1000	2000	0		honest_60_20_20	rbns
HNRNPA1L2	random_forest	0.900925	0.7911027237942969	0.8923	0.7397090519641758	0.82	0.7641921397379913	1800	600	600	1000	2000	0		honest_60_20_20	rbns
HNRNPA2B1	logistic_regression	0.996275	0.986446311131492	0.999575	0.9991343453340992	0.9883333333333332	0.982716049382716	1800	600	600	1000	2000	0		honest_60_20_20	rbns
HNRNPC	random_forest	0.9977125	0.9949773858576156	0.9956125	0.9887119892456138	0.9883333333333332	0.9828009828009828	1800	600	600	1000	2000	0		honest_60_20_20	rbns
HNRNPCL1	random_forest	1.0	1.0	0.9965	0.9914728370427486	0.9983333333333332	0.9975062344139652	1800	600	600	1000	2000	0		honest_60_20_20	rbns
HNRNPD	random_forest	0.9921125	0.9713910598868096	0.9940625	0.9835632255424612	0.9866666666666668	0.9803921568627452	1800	600	600	1000	2000	0		honest_60_20_20	rbns
HNRNPDL	random_forest	0.9879375	0.9665555646127902	0.9895	0.9663716807662428	0.9783333333333334	0.9685230024213076	1800	600	600	1000	2000	0		honest_60_20_20	rbns
HNRNPF	random_forest	0.995425	0.9834279507934776	0.99675	0.9869296190071344	0.9866666666666668	0.9803921568627452	1800	600	600	1000	2000	0		honest_60_20_20	rbns
HNRNPH2	logistic_regression	0.9967625	0.992144282282658	0.99955	0.9990556090752388	0.98	0.9701492537313432	1800	600	600	1000	2000	0		honest_60_20_20	rbns
HNRNPK	random_forest	0.9974625	0.9932753334483462	0.9977375	0.9885736679232208	0.9916666666666668	0.9876543209876544	1800	600	600	1000	2000	0		honest_60_20_20	rbns
HNRNPL	random_forest	0.995525	0.9888698785724132	0.994575	0.9831871830619604	0.98	0.970873786407767	1800	600	600	1000	2000	0		honest_60_20_20	rbns
IGF2BP1	random_forest	0.997225	0.9923675159601586	0.9912	0.9689977868490194	0.9883333333333332	0.9828009828009828	1800	600	600	1000	2000	0		honest_60_20_20	rbns
IGF2BP2	random_forest	0.994	0.9813832861139764	0.99505	0.9851843512685424	0.985	0.9779951100244498	1800	600	600	1000	2000	0		honest_60_20_20	rbns
IGF2BP3	random_forest	0.8977272727272727	0.7793712836830939	0.9153164556962026	0.8140920012657444	0.8204697986577181	0.7616926503340757	1785	595	596	1000	1976	0		honest_60_20_20	rbns
ILF2	logistic_regression	0.996925	0.9875597501254268	0.996925	0.9923422250822846	0.9883333333333332	0.9828009828009828	1800	600	600	1000	2000	0		honest_60_20_20	rbns
KHDRBS2	random_forest	0.9978625	0.9953028244154644	0.9960625	0.9911118427926656	0.985	0.9779951100244498	1800	600	600	1000	2000	0		honest_60_20_20	rbns
KHDRBS3	random_forest	0.9915	0.9776632039177932	0.99215	0.9799023854056216	0.9733333333333334	0.9615384615384616	1800	600	600	1000	2000	0		honest_60_20_20	rbns
LIN28B	logistic_regression	0.985925	0.961761858895338	0.995975	0.9902145009409012	0.955	0.9330024813895782	1800	600	600	1000	2000	0		honest_60_20_20	rbns
MBNL1	random_forest	0.9968625	0.988391759270753	0.9962	0.988606187969542	0.99	0.9852216748768472	1800	600	600	1000	2000	0		honest_60_20_20	rbns
MSI1	random_forest	0.999675	0.9993410952057632	0.9953	0.9863429193326876	0.99	0.9852216748768472	1800	600	600	1000	2000	0		honest_60_20_20	rbns
NOVA1	random_forest	0.999125	0.998237155399538	0.998075	0.9952120915932516	0.9866666666666668	0.9803921568627452	1800	600	600	1000	2000	0		honest_60_20_20	rbns
NSUN2	random_forest	1.0	1.0	1.0	1.0	1.0	1.0	960	320	320	1000	600	0		honest_60_20_20	rbns
NUPL2	random_forest	0.9837533875338752	0.9529153811874704	0.988130081300813	0.95965505210243	0.9753954305799648	0.966183574879227	1705	569	569	1000	1843	0		honest_60_20_20	rbns
PABPC3	random_forest	0.9893125	0.9661114206319388	0.9904375	0.9731285108348388	0.9783333333333334	0.9685230024213076	1800	600	600	1000	2000	0		honest_60_20_20	rbns
PCBP1	random_forest	1.0	1.0	0.9993	0.99837193823584	0.995	0.9925558312655088	1800	600	600	1000	2000	0		honest_60_20_20	rbns
PCBP2	random_forest	0.9946625	0.9759319625368028	0.998275	0.9952018515828712	0.9933333333333332	0.99009900990099	1800	600	600	1000	2000	0		honest_60_20_20	rbns
PCBP4	logistic_regression	0.987710843373494	0.9712812533925996	0.9899698795180722	0.9792246981418736	0.9718045112781954	0.9631449631449632	1596	532	532	1000	1660	0		honest_60_20_20	rbns
PRR3	random_forest	0.9901084010840108	0.9742189534217182	0.9954471544715447	0.9889742969739896	0.9736379613356766	0.963855421686747	1705	569	569	1000	1843	0		honest_60_20_20	rbns
PUF60	random_forest	0.9964625	0.9898209231954428	0.9973125	0.9929447426738098	0.9916666666666668	0.9876543209876544	1800	600	600	1000	2000	0		honest_60_20_20	rbns
PUM1	random_forest	0.9915125	0.967757566618774	0.98615	0.9586888811859128	0.985	0.9779951100244498	1800	600	600	1000	2000	0		honest_60_20_20	rbns
RALYL	random_forest	0.9970375	0.9914295529649992	0.99705	0.9922342516092444	0.9866666666666668	0.9803921568627452	1800	600	600	1000	2000	0		honest_60_20_20	rbns
RBFOX2	random_forest	0.9924875	0.9764865147600889	0.9946	0.9782647252565376	0.9816666666666668	0.97323600973236	1800	600	600	1000	2000	0		honest_60_20_20	rbns
RBFOX3	random_forest	0.998225	0.994967893444684	0.9958125	0.988717211928116	0.9933333333333332	0.99009900990099	1800	600	600	1000	2000	0		honest_60_20_20	rbns
RBM11	random_forest	0.999225	0.9981613816738044	0.9990875	0.9978484854400602	0.9933333333333332	0.99009900990099	1800	600	600	1000	2000	0		honest_60_20_20	rbns
RBM15B	random_forest	0.9983625	0.9960685586444138	0.9917125	0.9780213425835144	0.9916666666666668	0.9876543209876544	1800	600	600	1000	2000	0		honest_60_20_20	rbns
RBM22	random_forest	0.997025	0.9894481556152526	0.99945	0.9988894539425416	0.9816666666666668	0.97323600973236	1800	600	600	1000	2000	0		honest_60_20_20	rbns
RBM23	random_forest	0.996025	0.9838951979560352	0.9956625	0.9769776704146758	0.9966666666666668	0.9950248756218906	1800	600	600	1000	2000	0		honest_60_20_20	rbns
RBM24	random_forest	0.9978875	0.9953560437761456	0.998575	0.9970513474588374	0.9816666666666668	0.97323600973236	1800	600	600	1000	2000	0		honest_60_20_20	rbns
RBM25	random_forest	1.0	1.0	0.9992875	0.9983374554772192	1.0	1.0	1800	600	600	1000	2000	0		honest_60_20_20	rbns
RBM3	random_forest	0.9407125	0.8190249125424549	0.9476	0.8497642495822786	0.88	0.847457627118644	1800	600	600	1000	2000	0		honest_60_20_20	rbns
RBM4	random_forest	0.989575	0.9510974551890236	0.9996125	0.9991994983007152	0.9833333333333332	0.975609756097561	1800	600	600	1000	2000	0		honest_60_20_20	rbns
RBM41	random_forest	0.998125	0.9958629851920136	0.999525	0.9990467176610648	0.9883333333333332	0.9828009828009828	1800	600	600	1000	2000	0		honest_60_20_20	rbns
RBM45	random_forest	0.999275	0.9984633178082016	0.9993	0.9985650073276084	0.99	0.9852216748768472	1800	600	600	1000	2000	0		honest_60_20_20	rbns
RBM47	random_forest	0.9926625	0.9773408855439402	0.9870375	0.960683546607954	0.9883333333333332	0.9828009828009828	1800	600	600	1000	2000	0		honest_60_20_20	rbns
RBM4B	random_forest	0.9957	0.9869309895587884	0.9985875	0.9966591267171412	0.9866666666666668	0.9803921568627452	1800	600	600	1000	2000	0		honest_60_20_20	rbns
RBM5	random_forest	0.9973625	0.9923675296028848	0.997375	0.991165715282186	0.995	0.9925558312655088	1800	600	600	1000	2000	0		honest_60_20_20	rbns
RBM6	random_forest	0.996825	0.98999084416123	0.99765	0.9927371950470144	0.9933333333333332	0.99009900990099	1800	600	600	1000	2000	0		honest_60_20_20	rbns
RBMS2	logistic_regression	0.9908625	0.9774457163414452	0.9877875	0.972621088153116	0.9716666666666668	0.957816377171216	1800	600	600	1000	2000	0		honest_60_20_20	rbns
RBMS3	random_forest	0.994	0.9847165113797122	0.99665	0.9904271020495716	0.9766666666666668	0.966183574879227	1800	600	600	1000	2000	0		honest_60_20_20	rbns
RC3H1	random_forest	0.984175	0.9447348960214182	0.9876875	0.9571266864782308	0.9816666666666668	0.97323600973236	1800	600	600	1000	2000	0		honest_60_20_20	rbns
SAFB2	random_forest	0.9894875	0.974798751569938	0.983425	0.9470353457562568	0.945	0.9223529411764706	1800	600	600	1000	2000	0		honest_60_20_20	rbns
SF1	random_forest	0.9955125	0.989218237011772	0.9917125	0.9721229187385592	0.9816666666666668	0.97323600973236	1800	600	600	1000	2000	0		honest_60_20_20	rbns
SFPQ	random_forest	0.9944625	0.980782209031998	0.9926625	0.9795986638328692	0.9883333333333332	0.9828009828009828	1800	600	600	1000	2000	0		honest_60_20_20	rbns
SNRPA	random_forest	0.9857625	0.9342405637325764	0.9966125	0.9909677323142502	0.9816666666666668	0.97323600973236	1800	600	600	1000	2000	0		honest_60_20_20	rbns
SNRPB2	random_forest	0.995875	0.9821038504701016	0.9889625	0.9626353530317984	0.9883333333333332	0.9828009828009828	1800	600	600	1000	2000	0		honest_60_20_20	rbns
SRSF11	logistic_regression	0.999525	0.9990128728087346	0.999475	0.9988445656590969	0.9883333333333332	0.9828009828009828	1800	600	600	1000	2000	0		honest_60_20_20	rbns
SRSF2	logistic_regression	0.9883375	0.9431310170600048	0.99270625	0.9672226288931968	0.9783333333333334	0.9682151589242054	1800	600	600	1000	2000	0		honest_60_20_20	rbns
SRSF4	logistic_regression	0.9959375	0.991254387379095	0.998575	0.9970163891099992	0.9733333333333334	0.9601990049751244	1800	600	600	1000	2000	0		honest_60_20_20	rbns
SRSF5	random_forest	0.9921	0.9660174827345216	0.99585	0.9800372522097	0.9916666666666668	0.9876543209876544	1800	600	600	1000	2000	0		honest_60_20_20	rbns
SRSF8	random_forest	0.992875	0.9754864605524172	0.9975625	0.9928425799776108	0.9916666666666668	0.9876543209876544	1800	600	600	1000	2000	0		honest_60_20_20	rbns
SRSF9	random_forest	0.9989125	0.9974299447709096	0.994	0.97937849668187	0.9916666666666668	0.9876543209876544	1800	600	600	1000	2000	0		honest_60_20_20	rbns
SUCLG1	logistic_regression	1.0	1.0	0.9958333333333332	0.9964730699353148	0.9825581395348836	0.9852216748768472	1032	344	344	1000	720	0		honest_60_20_20	rbns
TAF15	random_forest	0.9986875	0.9963187853752796	0.992625	0.9719332468633964	0.9983333333333332	0.9975062344139652	1800	600	600	1000	2000	0		honest_60_20_20	rbns
TARDBP	random_forest	0.9928125	0.9773363782325202	0.9949625	0.9872208326458832	0.9833333333333332	0.975609756097561	1800	600	600	1000	2000	0		honest_60_20_20	rbns
THUMPD1	logistic_regression	0.996825	0.988871161692312	0.9995	0.9989057401345932	0.9916666666666668	0.9876543209876544	1800	600	600	1000	2000	0		honest_60_20_20	rbns
TIA1	random_forest	0.9965625	0.9918120419127716	0.9990875	0.9981000769834648	0.9866666666666668	0.9803921568627452	1800	600	600	1000	2000	0		honest_60_20_20	rbns
TRA2A	random_forest	0.9905	0.9695217376430816	0.99485	0.983936630387734	0.985	0.9779951100244498	1800	600	600	1000	2000	0		honest_60_20_20	rbns
TRA2B	random_forest	0.973725	0.9263055640881144	0.97895	0.933020076678032	0.9433333333333334	0.9216589861751152	1800	600	600	1000	2000	0		honest_60_20_20	rbns
UNK	random_forest	0.99725	0.992886085892241	0.9955625	0.9884049171606192	0.9933333333333332	0.99009900990099	1800	600	600	1000	2000	0		honest_60_20_20	rbns
XRCC6	random_forest	0.9946625	0.9798446150896656	0.9965125	0.99005630257619	0.9916666666666668	0.9876543209876544	1800	600	600	1000	2000	0		honest_60_20_20	rbns
XRN2	random_forest	1.0	1.0	0.9995	0.998893581662822	0.9983333333333332	0.9975062344139652	1800	600	600	1000	2000	0		honest_60_20_20	rbns
YBX2	random_forest	0.92675	0.8136090131786481	0.919575	0.8039629633665031	0.8683333333333333	0.8141176470588235	1800	600	600	1000	2000	0		honest_60_20_20	rbns
ZC3H18	random_forest	0.9826625	0.94877662652606	0.9908	0.9721340210834422	0.9716666666666668	0.9592326139088728	1800	600	600	1000	2000	0		honest_60_20_20	rbns
ZCRB1	random_forest	0.9892125	0.9691287515045874	0.975375	0.9128313487747528	0.975	0.963855421686747	1800	600	600	1000	2000	0		honest_60_20_20	rbns
ZFP36	logistic_regression	0.9940125	0.983924285492969	0.99735	0.9946224152393626	0.975	0.9633251833740832	1800	600	600	1000	2000	0		honest_60_20_20	rbns
ZFP36L1	random_forest	0.9941625	0.9837532929505488	0.9899375	0.9723757450541878	0.9766666666666668	0.966183574879227	1800	600	600	1000	2000	0		honest_60_20_20	rbns
ZNF326	random_forest	0.9914375	0.9720218399812284	0.99075	0.97649608116407	0.985	0.9779951100244498	1800	600	600	1000	2000	0		honest_60_20_20	rbns
ZRANB2	random_forest	0.981075	0.9236344609834612	0.989925	0.9720113790228644	0.9816666666666668	0.97323600973236	1800	600	600	1000	2000	0		honest_60_20_20	rbns
A1CF	random_forest	0.9975772912743252	0.9957031677695278	0.9972246395559424	0.9945311986214976	0.9677047289504036	0.96	5092	1693	1734	4582	10074	0	38.0	honest_60_20_20	rnacompete_eukarya
A2BP1	random_forest	0.997691180266982	0.9933182981250356	0.9983309177510892	0.9953333447423494	0.9854497354497356	0.9763440860215054	4462	1468	1512	3733	8184	0	38.0	honest_60_20_20	rnacompete_eukarya
ANKHD1	random_forest	0.9932483970054478	0.9793669491556584	0.9931878651804578	0.9827931693700932	0.9558433912275536	0.9242424242424242	10015	3347	3397	9110	19700	0	38.0	honest_60_20_20	rnacompete_eukarya
ARET	random_forest	0.9933938693317422	0.9806424357077752	0.9921892059541364	0.9733475233010198	0.9493819894055326	0.9054945054945056	5051	1666	1699	4865	10637	0	38.0	honest_60_20_20	rnacompete_eukarya
ASD-1	random_forest	0.9977915438744211	0.994202976026294	0.998802840566532	0.997456857460896	0.989113530326594	0.9840546697038725	5620	1883	1929	5206	11258	0	38.0	honest_60_20_20	rnacompete_eukarya
An_0265	random_forest	0.9830312762007426	0.9633362766549232	0.9812344551670952	0.9597269773394472	0.923942394239424	0.8868050904219692	6686	2186	2222	5772	12423	0	38.0	honest_60_20_20	rnacompete_eukarya
An_0287	random_forest	0.9864216211314938	0.97107914338765	0.9803549982566472	0.9619546163780854	0.9433198380566802	0.9263157894736842	3535	1156	1235	3047	6538	0	38.0	honest_60_20_20	rnacompete_eukarya
At_0284	random_forest	0.996193330835519	0.9916363059071602	0.9982333651133324	0.99610750897519	0.9668943772990016	0.9519450800915332	5564	1804	1903	5840	12538	0	38.0	honest_60_20_20	rnacompete_eukarya
B52	logistic_regression	0.999596932328206	0.9991486790388944	0.9995583454842448	0.9990795477474992	0.9910044977511244	0.986159169550173	8091	2658	2668	7294	15944	0	38.0	honest_60_20_20	rnacompete_eukarya
BRU-3	random_forest	0.9955795108805005	0.9854385382828704	0.9950130827734666	0.9839053692887016	0.9643734643734644	0.931924882629108	4753	1635	1628	4744	10330	0	38.0	honest_60_20_20	rnacompete_eukarya
BRUNOL4	logistic_regression	0.9988063660477452	0.9973808287011968	0.9956910159747304	0.9902016807184628	0.9839285714285714	0.9741626794258372	5053	1704	1680	5058	10964	0	38.0	honest_60_20_20	rnacompete_eukarya
BRUNOL5	random_forest	0.9976203518721404	0.9929502561285368	0.9979213373776196	0.9937185803439472	0.9736989367655288	0.9524772497472194	5485	1829	1787	5074	11072	0	38.0	honest_60_20_20	rnacompete_eukarya
BRUNOL6	random_forest	0.990053467315081	0.9742112299629668	0.9818951741770534	0.958866103170212	0.9507202426080364	0.9246813441483198	3893	1314	1319	3874	8337	0	38.0	honest_60_20_20	rnacompete_eukarya
CG11360	logistic_regression	0.9469242767663474	0.8881195399100079	0.948498443241096	0.8974534222567934	0.8808752025931929	0.8213851761846902	3654	1241	1234	3237	7014	0	38.0	honest_60_20_20	rnacompete_eukarya
CG14718	random_forest	0.995026598317052	0.9858720774506012	0.9957405724670604	0.9899747846062504	0.968284789644013	0.9523809523809524	4617	1490	1545	3960	8736	0	38.0	honest_60_20_20	rnacompete_eukarya
CG17838	random_forest	0.9940280265259692	0.9899390769533808	0.9938748038114944	0.9889093727603484	0.9638694638694638	0.947008547008547	2657	858	858	2302	4977	0	38.0	honest_60_20_20	rnacompete_eukarya
CG2931	random_forest	0.995505337288055	0.9904956487383751	0.9957915018760776	0.9918063549613856	0.964116452268111	0.9525514771709938	4371	1431	1477	3751	8209	0	38.0	honest_60_20_20	rnacompete_eukarya
CG2950	random_forest	0.9941386069171952	0.9811423630744176	0.9970152376732392	0.9925969205519476	0.9650028686173264	0.944995491433724	5261	1759	1743	4268	9446	0	38.0	honest_60_20_20	rnacompete_eukarya
CG33714	random_forest	0.9729056548368152	0.9333080461094914	0.9665838350483368	0.9278665220091654	0.9010309278350516	0.840531561461794	2851	964	970	2938	6223	0	38.0	honest_60_20_20	rnacompete_eukarya
CG5213	random_forest	0.970310236184256	0.958967980846164	0.9678061590770192	0.9520999272881902	0.90042194092827	0.8982758620689655	3616	1236	1185	3634	7979	0	38.0	honest_60_20_20	rnacompete_eukarya
CG7804	random_forest	0.997385183403236	0.9945992260270212	0.9972648853355774	0.9942161278539764	0.9690033381020504	0.9530685920577616	6560	2156	2097	6015	12946	0	38.0	honest_60_20_20	rnacompete_eukarya
CG7903	random_forest	0.9797134733158356	0.9617089886336516	0.9807435467812826	0.9462394732967808	0.927763272410792	0.8958594730238394	3515	1148	1149	2959	6362	0	38.0	honest_60_20_20	rnacompete_eukarya
CNOT4	random_forest	0.991564111553594	0.9788077426044666	0.9905316166287494	0.97509725839022	0.9510715729882734	0.9276748356246264	7440	2486	2473	6232	13453	0	38.0	honest_60_20_20	rnacompete_eukarya
CPEB2	random_forest	0.9942404457454624	0.9878660116472042	0.9910686067374908	0.979850203673886	0.9716981132075472	0.9607250755287008	3998	1342	1378	3588	7747	0	38.0	honest_60_20_20	rnacompete_eukarya
CPEB4	logistic_regression	0.998550648532269	0.9959702087451135	0.9979809253496732	0.9943678932565646	0.9876160990712074	0.9782608695652174	5816	1981	1938	4865	10688	0	38.0	honest_60_20_20	rnacompete_eukarya
CPO	random_forest	0.99896765671979	0.9972414623191505	0.9989421635475604	0.9975024404000712	0.9841609589041096	0.9743589743589745	6990	2314	2336	5795	12681	0	38.0	honest_60_20_20	rnacompete_eukarya
DAZAP1	random_forest	0.9904870811200734	0.9809968594609564	0.9887891548950376	0.9757364791397894	0.9474557522123894	0.92583918813427	5395	1833	1808	4842	10317	0	38.0	honest_60_20_20	rnacompete_eukarya
EIF-2ALPHA	random_forest	0.9390031332542	0.8960355004144811	0.9434114353561432	0.9079504068880936	0.8668730650154799	0.7971698113207547	2002	644	646	1844	3781	0	38.0	honest_60_20_20	rnacompete_eukarya
ELAV	logistic_regression	0.9599410431652526	0.884473935393026	0.9673400989788888	0.9056544796654508	0.8943506969919296	0.7948717948717948	3977	1333	1363	3616	7914	0	38.0	honest_60_20_20	rnacompete_eukarya
ENOX1	logistic_regression	0.9748402376053112	0.9530620046162778	0.9760371570909566	0.9588052121264278	0.927120669056153	0.9008130081300812	5118	1671	1674	4553	9823	0	38.0	honest_60_20_20	rnacompete_eukarya
ESRP2	random_forest	0.9917141275114696	0.9801296612953044	0.9867571170798424	0.9654409399771664	0.9403824521934758	0.9187116564417178	5400	1762	1778	5012	10734	0	38.0	honest_60_20_20	rnacompete_eukarya
ETR-1	logistic_regression	0.9983030255379212	0.9966278492734904	0.9991519963984103	0.9983790861532108	0.9837345478204296	0.9763928234183192	4564	1504	1537	5048	10852	0	38.0	honest_60_20_20	rnacompete_eukarya
EXC-7	logistic_regression	0.9929153477877796	0.9829537564526344	0.9927097661623108	0.9814720426454978	0.9593661113368548	0.9348109517601044	7410	2402	2461	6667	14449	0	38.0	honest_60_20_20	rnacompete_eukarya
FMR1	random_forest	0.9451306227512551	0.9067013978966028	0.940656422900034	0.8959413697113796	0.8640208197787899	0.8393543428132206	4669	1515	1537	4255	9049	0	38.0	honest_60_20_20	rnacompete_eukarya
FNE	logistic_regression	0.9622716505328524	0.9190018721008836	0.9609731240981242	0.899670972089892	0.902264600715137	0.8288100208768268	5081	1700	1678	4493	9845	0	38.0	honest_60_20_20	rnacompete_eukarya
FOX-1	random_forest	0.9984302759684768	0.9968307945037332	0.9983250075529232	0.9967291742001836	0.9877777777777778	0.9832826747720363	5309	1762	1800	5149	11153	0	38.0	honest_60_20_20	rnacompete_eukarya
FUS	random_forest	0.996814426638988	0.9943389759882204	0.9962776244770468	0.9918857451734427	0.972139303482587	0.963917525773196	2968	1029	1005	3012	6636	0	38.0	honest_60_20_20	rnacompete_eukarya
FXR1	random_forest	0.9870055293100796	0.980420537820083	0.990123119015048	0.9843852021892794	0.9384083044982698	0.9291964996022276	4462	1452	1445	4312	9411	0	38.0	honest_60_20_20	rnacompete_eukarya
FXR2	random_forest	0.9840707244868084	0.9733654543599984	0.9812951560390828	0.968260033912335	0.928921568627451	0.905996758508914	4877	1590	1632	4463	9477	0	38.0	honest_60_20_20	rnacompete_eukarya
G3BP2	random_forest	0.9879087827107196	0.9754832299647876	0.9904091059997718	0.980603174167835	0.9392541330257592	0.9182194616977226	8000	2603	2601	6590	14124	0	38.0	honest_60_20_20	rnacompete_eukarya
HNRNPA1	random_forest	0.9985871797873588	0.9971321011523784	0.9989867934217284	0.9980105800462444	0.9800153727901614	0.9705215419501134	7914	2608	2602	6898	14837	0	38.0	honest_60_20_20	rnacompete_eukarya
HNRNPA1L2	logistic_regression	0.997394243535504	0.995366831765598	0.997769381101932	0.9956800399876696	0.9779005524861878	0.9709379128137384	5983	1984	1991	5998	12932	0	38.0	honest_60_20_20	rnacompete_eukarya
HNRNPA2B1	logistic_regression	0.9978924386086944	0.9962058204501956	0.9981290862781276	0.9958320192226534	0.9789582614694722	0.971824480369515	8748	2934	2899	7680	16496	0	38.0	honest_60_20_20	rnacompete_eukarya
HNRNPAB	random_forest	0.9968338707327924	0.9944513229009684	0.9962458801751772	0.9936863041773908	0.9684528954191876	0.9605618584548892	7002	2343	2314	6900	14824	0	38.0	honest_60_20_20	rnacompete_eukarya
HNRNPC	logistic_regression	0.998537093858032	0.9966368275899192	0.9984057172282634	0.9959917099303408	0.9878296146044624	0.98125	5870	1954	1972	4981	10920	0	38.0	honest_60_20_20	rnacompete_eukarya
HNRNPCL1	logistic_regression	0.99880449417336	0.9974758550803846	0.9989104595879555	0.99770074047081	0.981373070782331	0.97165991902834	5680	1895	1879	5123	11216	0	38.0	honest_60_20_20	rnacompete_eukarya
HNRNPH2	logistic_regression	0.999455899905338	0.9990481521321533	0.9993202801074306	0.9986453202297642	0.9917101627264354	0.9883167459974036	9863	3247	3257	9395	19926	0	38.0	honest_60_20_20	rnacompete_eukarya
HNRNPK	random_forest	0.982090512972866	0.9731241355180448	0.989469899665552	0.9838850192579828	0.9102969046114971	0.8988603988603988	4688	1570	1583	4491	9638	0	38.0	honest_60_20_20	rnacompete_eukarya
HNRNPL	random_forest	0.9950277544031936	0.9907889880813892	0.9971519911206476	0.9955395320089384	0.965372016846046	0.9582392776523702	6399	2148	2137	5857	12761	0	38.0	honest_60_20_20	rnacompete_eukarya
HNRNPR	random_forest	0.9951583504215084	0.9940943249778106	0.9956826363219058	0.994309067393586	0.9702333065164924	0.97116134060795	3819	1287	1243	4240	9141	0	38.0	honest_60_20_20	rnacompete_eukarya
HNRPLL	logistic_regression	0.9876198330156432	0.980193251931844	0.9912929049237856	0.9865556770433952	0.9441964285714286	0.926772114821324	6721	2204	2240	5924	12824	0	38.0	honest_60_20_20	rnacompete_eukarya
HOW	random_forest	0.9894571338389426	0.9704204006135094	0.9934387459010592	0.9831089301652918	0.951510333863275	0.9274673008323424	3792	1262	1258	2945	6341	0	38.0	honest_60_20_20	rnacompete_eukarya
HRB27C	logistic_regression	0.9935064356159804	0.9865516377068098	0.9942704539936876	0.9887782814178584	0.9644444444444444	0.945945945945946	5965	2033	2025	4999	11018	0	38.0	honest_60_20_20	rnacompete_eukarya
HRB87F	random_forest	0.9988074310183844	0.9973467039699668	0.997668423015032	0.9938302644791366	0.9742105263157896	0.9601301871440197	5783	1949	1900	5196	11380	0	38.0	honest_60_20_20	rnacompete_eukarya
HRB98DE	random_forest	0.9978143850928574	0.995478171040049	0.997795017060452	0.9958105422485186	0.9725303750660328	0.96048632218845	5734	1908	1893	5279	11534	0	38.0	honest_60_20_20	rnacompete_eukarya
Hnrnpr	random_forest	0.9960113410257472	0.9928010953308972	0.997233236492632	0.99309489821867	0.9701414353064431	0.963531669865643	5816	1883	1909	5364	11693	0	38.0	honest_60_20_20	rnacompete_eukarya
Hrp1p	random_forest	0.972277514595738	0.936934798869505	0.9759221718737578	0.9489851024613764	0.9011791128579448	0.8587479935794543	5220	1786	1781	4192	9244	0	38.0	honest_60_20_20	rnacompete_eukarya
HuR	logistic_regression	0.9880007346268528	0.9736887039324712	0.990746152347555	0.9775457894849828	0.9564564564564564	0.9421926910299004	6158	1955	1998	6048	13260	0	38.0	honest_60_20_20	rnacompete_eukarya
IGF2BP2	random_forest	0.9885825215220944	0.9850057289330976	0.9891803568274156	0.9862804780945876	0.9371508379888268	0.9342105263157896	4300	1448	1432	4362	9541	0	38.0	honest_60_20_20	rnacompete_eukarya
IGF2BP3	random_forest	0.9742509682552172	0.9550631521473696	0.9814795970285948	0.9674589461875264	0.910039113428944	0.8998548621190131	4627	1564	1534	4234	9255	0	38.0	honest_60_20_20	rnacompete_eukarya
KHDRBS1	random_forest	0.9939207121859492	0.9875663440335428	0.9962139626699664	0.9927312426459578	0.9649122807017544	0.9567496723460026	5731	1848	1881	4949	10817	0	38.0	honest_60_20_20	rnacompete_eukarya
KHDRBS2	random_forest	0.9913492295258988	0.9819801794879932	0.9893040373492824	0.9750440903971976	0.9580536912751678	0.9448123620309052	5349	1759	1788	4433	9645	0	38.0	honest_60_20_20	rnacompete_eukarya
KHDRBS3	random_forest	0.993495362592468	0.9850130860007204	0.9948396044405778	0.9893724380203576	0.965034965034965	0.955242966751918	5907	2001	2002	5183	11379	0	38.0	honest_60_20_20	rnacompete_eukarya
LARK	random_forest	0.9934761667497094	0.9788395284345848	0.9945445528186476	0.9845602487514656	0.959731543624161	0.9242105263157896	5428	1775	1788	4801	10580	0	38.0	honest_60_20_20	rnacompete_eukarya
LIN28A	logistic_regression	0.9882998241724638	0.9763953183871285	0.99099163123522	0.9807907833304932	0.949759486905398	0.9274691358024691	5706	1901	1871	5169	11184	0	38.0	honest_60_20_20	rnacompete_eukarya
Lm_0212	random_forest	0.9965809596414628	0.991591723949591	0.9976886954865462	0.99386004045175	0.9691964285714286	0.9527720739219712	6803	2265	2240	5265	11470	0	38.0	honest_60_20_20	rnacompete_eukarya
Lm_0223	random_forest	0.9937969163534984	0.983735613173242	0.9923649742619964	0.978087583887828	0.9525101763907734	0.9304174950298212	6777	2225	2211	5554	12029	0	38.0	honest_60_20_20	rnacompete_eukarya
Lm_0254	random_forest	0.9941493343101032	0.9847197695884732	0.9965840664569456	0.992103910124752	0.9659300184162064	0.9467625899280576	6488	2116	2172	5247	11319	0	38.0	honest_60_20_20	rnacompete_eukarya
Lm_0255	logistic_regression	0.99481112345127	0.9936367519081316	0.990945717317122	0.9888139988814756	0.9678068410462776	0.9664804469273744	4494	1499	1491	4884	10674	0	38.0	honest_60_20_20	rnacompete_eukarya
MAL13P1.35	random_forest	0.9969884611933888	0.9933818055848572	0.9970995366564988	0.992833494908175	0.979005998286204	0.9715942028985508	7067	2381	2334	6151	13285	0	38.0	honest_60_20_20	rnacompete_eukarya
MAL8P1.40	random_forest	0.9918440476190477	0.9892719258719456	0.9929979035639414	0.9891194910790606	0.9556756756756756	0.94993894993895	5503	1845	1850	5519	12008	0	38.0	honest_60_20_20	rnacompete_eukarya
MATR3	random_forest	0.990377824858757	0.9837440202324806	0.9938138869763254	0.9881457368054658	0.9454113924050632	0.9298067141403866	3860	1268	1264	3395	7389	0	38.0	honest_60_20_20	rnacompete_eukarya
MBNL1	random_forest	0.98648545643027	0.9685271777875925	0.9877339745760798	0.9738679192477108	0.942084942084942	0.9132947976878611	4564	1544	1554	4040	8597	0	38.0	honest_60_20_20	rnacompete_eukarya
MEC-8	random_forest	0.9951521618110968	0.9906595731185526	0.9953551672072096	0.9904232586913396	0.9591321897073662	0.9456010745466756	5895	1985	1982	5185	11351	0	38.0	honest_60_20_20	rnacompete_eukarya
MEX-5	random_forest	0.9797523809523808	0.9612529153239404	0.9795550265519136	0.9604623385669244	0.9213675213675212	0.8973214285714286	3424	1192	1170	3036	6473	0	38.0	honest_60_20_20	rnacompete_eukarya
MOD	random_forest	0.9766976529009996	0.9556579378992964	0.9752315825209756	0.9524206363083292	0.920704845814978	0.9016393442622952	3997	1312	1362	3985	8493	0	38.0	honest_60_20_20	rnacompete_eukarya
MSI	logistic_regression	0.996257323611868	0.9904479241046752	0.9952464405778544	0.98490426164294	0.9789915966386554	0.967801287948482	5014	1640	1666	4293	9559	0	38.0	honest_60_20_20	rnacompete_eukarya
MSI1	random_forest	0.9995486337020169	0.9990412299451648	0.9994555218939044	0.99897285134361	0.9802936630602782	0.9707736389684812	7719	2612	2588	6894	14872	0	38.0	honest_60_20_20	rnacompete_eukarya
MUB	logistic_regression	0.9746864133649544	0.9419284242095906	0.9823387554694546	0.9601833448611796	0.9188888888888888	0.8846761453396524	5394	1836	1800	4817	10370	0	38.0	honest_60_20_20	rnacompete_eukarya
NCU02404	logistic_regression	0.9999077950558214	0.9998160588910042	0.9997669573117144	0.9994733466469105	0.9974112426035504	0.99601593625498	7995	2636	2704	6904	14729	0	38.0	honest_60_20_20	rnacompete_eukarya
NCU08034	logistic_regression	0.9987049957900054	0.9972995999571612	0.9985652555290327	0.9970394443353244	0.9875900720576462	0.982396365701306	7574	2467	2498	6627	14295	0	38.0	honest_60_20_20	rnacompete_eukarya
Nab2p	random_forest	0.967205249079372	0.9548511165241952	0.9572671516188844	0.9394766342753444	0.9066666666666666	0.8960863697705803	2573	844	825	2463	5134	0	38.0	honest_60_20_20	rnacompete_eukarya
Ng_0261	random_forest	0.9977992834129764	0.9949350165105126	0.9987405689342944	0.9976930100386768	0.9863107460643394	0.9819168173598554	4318	1477	1461	4584	9975	0	38.0	honest_60_20_20	rnacompete_eukarya
Nv_0278	random_forest	0.9835188383277528	0.9541843840138864	0.9854266325508956	0.9629749985509782	0.9300236406619384	0.8944365192582026	6477	2138	2115	5201	11197	0	38.0	honest_60_20_20	rnacompete_eukarya
ORB2	logistic_regression	0.9891737961678676	0.9714052736697766	0.9865218357832164	0.9597553354886236	0.9531598513011152	0.9007874015748032	4030	1344	1345	3803	8315	0	38.0	honest_60_20_20	rnacompete_eukarya
Ot_0262	logistic_regression	0.9973701180029538	0.9920318647202538	0.9979102396772662	0.993194911178408	0.9753879079721776	0.9533468559837728	5564	1866	1869	5007	10819	0	38.0	honest_60_20_20	rnacompete_eukarya
Ot_0263	logistic_regression	0.9911250004034458	0.9845202145655884	0.9914087847882008	0.984652933497651	0.9560344827586208	0.9394299287410928	6935	2302	2320	6764	14459	0	38.0	honest_60_20_20	rnacompete_eukarya
PABP	random_forest	0.9969299549702848	0.9937394006406752	0.9973223096898008	0.9942266136126416	0.9736961451247166	0.9645042839657284	6571	2192	2205	5945	13064	0	38.0	honest_60_20_20	rnacompete_eukarya
PABPC1	logistic_regression	0.9938708106620372	0.9884305693167276	0.9905248332393436	0.9806527195169156	0.9672033392963626	0.956726986624705	5159	1729	1677	4614	9927	0	38.0	honest_60_20_20	rnacompete_eukarya
PABPC3	random_forest	0.9895603305640996	0.9791220106057058	0.9866243194192378	0.9724253134907668	0.954225352112676	0.9369544131910766	4322	1472	1420	3852	8164	0	38.0	honest_60_20_20	rnacompete_eukarya
PABPC4	logistic_regression	0.99917078024701	0.9987895109368912	0.99961383357697	0.9994996467149272	0.9947275922671354	0.9940199335548172	5223	1743	1707	5439	11944	0	38.0	honest_60_20_20	rnacompete_eukarya
PABPC5	logistic_regression	0.9940897213624488	0.992687797922617	0.9937297035030072	0.9918391197278102	0.9653304442036836	0.9623971797884842	5575	1832	1846	6341	13782	0	38.0	honest_60_20_20	rnacompete_eukarya
PABPN1	random_forest	0.9860696743709714	0.9684413992542692	0.9890438995864834	0.9783780533350044	0.9375	0.916135881104034	7423	2504	2528	6686	14410	0	38.0	honest_60_20_20	rnacompete_eukarya
PAPI	logistic_regression	0.986369605668784	0.966025545736884	0.9828201952095758	0.9544174232665088	0.949468085106383	0.9085072231139648	3300	1088	1128	3170	6812	0	38.0	honest_60_20_20	rnacompete_eukarya
PCBP1	logistic_regression	0.9882690854119428	0.9772339169454372	0.98572169317836	0.9682378491421048	0.9508809396689802	0.9303030303030304	5676	1862	1873	4833	10419	0	38.0	honest_60_20_20	rnacompete_eukarya
PCBP2	random_forest	0.9650486034206964	0.9386794284873908	0.9587988165680472	0.9283915435133164	0.8844765342960289	0.861671469740634	2494	845	831	2351	4838	0	38.0	honest_60_20_20	rnacompete_eukarya
PCBP3	logistic_regression	0.9933593772507534	0.9848841961145652	0.9949757882131256	0.9890531729349912	0.96823914058851	0.9550858652575958	6419	2149	2141	5155	11289	0	38.0	honest_60_20_20	rnacompete_eukarya
PF10_0068	random_forest	0.99790190785752	0.9962874989816496	0.9991234758946528	0.9985601309418988	0.9767261442979054	0.9707602339181286	7738	2604	2578	7298	15579	0	38.0	honest_60_20_20	rnacompete_eukarya
PF10_0214	random_forest	0.9981746124256908	0.9954224650877804	0.99704590496846	0.990053221448534	0.9692432213678672	0.9514687100893996	7532	2543	2471	6123	13253	0	38.0	honest_60_20_20	rnacompete_eukarya
PF13_0315	random_forest	0.9762902437321042	0.9621392291562184	0.9748043417994156	0.957985722983534	0.9314741035856574	0.9124236252545824	3735	1274	1255	3514	7417	0	38.0	honest_60_20_20	rnacompete_eukarya
PFF0320c	logistic_regression	0.9883427171072556	0.9773739837097196	0.9905784968696296	0.981893733173046	0.9473081328751431	0.9309309309309308	5256	1748	1746	4640	9990	0	38.0	honest_60_20_20	rnacompete_eukarya
PFI1435w	logistic_regression	0.992205488366869	0.9658683076517436	0.990835595636441	0.9612524966033688	0.966053748231966	0.9133574007220217	4263	1428	1414	3899	8390	0	38.0	honest_60_20_20	rnacompete_eukarya
PFI1695c	random_forest	0.9860934726878328	0.973258210340673	0.9859579195730108	0.9687329000418292	0.9315707620528773	0.9109311740890688	3764	1237	1286	3383	7178	0	38.0	honest_60_20_20	rnacompete_eukarya
PPRC1	random_forest	0.9874479937945138	0.9681561088816104	0.9893562917756468	0.973524726755258	0.9377817853922452	0.9007194244604316	3295	1077	1109	3035	6525	0	38.0	honest_60_20_20	rnacompete_eukarya
PTBP1	random_forest	0.9988398234679746	0.9980844314076636	0.998251997716895	0.9969288023001566	0.9813769751693002	0.975501113585746	5182	1681	1772	4461	9809	0	38.0	honest_60_20_20	rnacompete_eukarya
PUF68	logistic_regression	0.9906006116852984	0.9846554937323496	0.989037528887153	0.9827704156033186	0.9496402877697842	0.9343339587242028	4097	1394	1390	4146	9029	0	38.0	honest_60_20_20	rnacompete_eukarya
PUM	random_forest	0.9946085423697364	0.9882163322949922	0.994286067784391	0.9875817158103648	0.9632089933571794	0.9475982532751092	5762	1922	1957	4840	10653	0	38.0	honest_60_20_20	rnacompete_eukarya
Pcbp2	logistic_regression	0.9989831716862012	0.9981894327645172	0.99855797282654	0.9974982512875852	0.9866475917978064	0.9821656050955414	6253	2034	2097	5298	11595	0	38.0	honest_60_20_20	rnacompete_eukarya
Pp_0206	logistic_regression	0.9924302714677314	0.9843817625375788	0.9938755129614556	0.9892737886781072	0.9599282296650716	0.9451269451269452	4984	1602	1672	4107	8999	0	38.0	honest_60_20_20	rnacompete_eukarya
Pp_0228	logistic_regression	0.992152586607558	0.9852270644466296	0.9926245503941228	0.983434590100354	0.954045954045954	0.9315476190476192	3166	1088	1001	3101	6587	0	38.0	honest_60_20_20	rnacompete_eukarya
Pp_0229	random_forest	0.9953299752411848	0.9900743965842114	0.9947611760374784	0.987589888394658	0.9614678899082568	0.942883046237534	4680	1617	1635	4707	10254	0	38.0	honest_60_20_20	rnacompete_eukarya
Pp_0237	random_forest	0.9803788262079434	0.950499187904559	0.9772414093842664	0.9445069817847132	0.925845147219193	0.8825561312607945	5511	1814	1834	5289	11347	0	38.0	honest_60_20_20	rnacompete_eukarya
Pr_0249	random_forest	0.996767347566618	0.9928349789801632	0.9984828734352724	0.996638476769256	0.9734236581552892	0.9629090909090908	5700	1888	1919	5006	10864	0	38.0	honest_60_20_20	rnacompete_eukarya
QKI	random_forest	0.9022390891840606	0.8576689372406903	0.9127156919513608	0.8591618321404652	0.8356807511737089	0.7897897897897898	2536	864	852	2374	4843	0	38.0	honest_60_20_20	rnacompete_eukarya
QKR58E-1	logistic_regression	0.9583802393126006	0.9305254501434082	0.9665381653413568	0.939113697646133	0.8932309839497558	0.8659070990359334	4159	1381	1433	3819	8148	0	38.0	honest_60_20_20	rnacompete_eukarya
RALY	logistic_regression	0.993928186161196	0.9870612256883972	0.9973765432098766	0.9943701536853312	0.9703328509406656	0.9555796316359696	4150	1419	1382	3936	8545	0	38.0	honest_60_20_20	rnacompete_eukarya
RBFOX1	random_forest	0.9980171287835152	0.9962593095635908	0.99864352989353	0.9966154075904816	0.9877464038359084	0.9848184818481848	5508	1814	1877	5580	12126	0	38.0	honest_60_20_20	rnacompete_eukarya
RBM24	random_forest	0.9983088982028536	0.9958342709616304	0.9983134717301556	0.9950106890917104	0.978112840466926	0.9647058823529412	6246	2030	2056	6168	13393	0	38.0	honest_60_20_20	rnacompete_eukarya
RBM28	random_forest	0.9984900432900432	0.9977646419856968	0.9968083004979884	0.9950019743300637	0.983440662373505	0.9808917197452228	3244	1090	1087	3543	7718	0	38.0	honest_60_20_20	rnacompete_eukarya
RBM3	random_forest	0.981149505579473	0.9782677409216164	0.9868440943628912	0.9858470885959116	0.9218662169758292	0.9230769230769232	5207	1737	1779	6201	13327	0	38.0	honest_60_20_20	rnacompete_eukarya
RBM38	logistic_regression	0.9814882807496904	0.9525272230930923	0.9809351979646476	0.9549545064344168	0.9338842975206612	0.8783783783783784	3219	1089	1089	3360	7136	0	38.0	honest_60_20_20	rnacompete_eukarya
RBM4	logistic_regression	0.9946267740174672	0.981941788374612	0.9954634700654412	0.9854988554217888	0.9703622392974752	0.9407894736842104	5292	1748	1822	4787	10555	0	38.0	honest_60_20_20	rnacompete_eukarya
RBM41	random_forest	0.997217401797412	0.993766307583538	0.9961162046372968	0.9864239652385864	0.9804372842347526	0.973561430793157	5288	1815	1738	4342	9512	0	38.0	honest_60_20_20	rnacompete_eukarya
RBM42	random_forest	0.9964199734691538	0.9912912907987788	0.9963105283428452	0.9907961335596264	0.962180746561886	0.9457364341085271	6200	2028	2036	4953	10819	0	38.0	honest_60_20_20	rnacompete_eukarya
RBM45	random_forest	0.9980839416058396	0.9954430181365166	0.9983281497392392	0.9960178924008014	0.972956170345042	0.9591357444809768	9768	3196	3217	8428	17949	0	38.0	honest_60_20_20	rnacompete_eukarya
RBM46	random_forest	0.9898718254157336	0.9773919833442272	0.9891251097569708	0.9775083062177718	0.9563175199624236	0.942839582052858	6337	2135	2129	5750	12555	0	38.0	honest_60_20_20	rnacompete_eukarya
RBM47	random_forest	0.9941041473379704	0.9844123579824162	0.995420430351008	0.9883737762428432	0.9606237816764132	0.9382262996941896	7560	2522	2565	6376	13765	0	38.0	honest_60_20_20	rnacompete_eukarya
RBM5	random_forest	0.9980645431142984	0.9958246984385196	0.9978479389312978	0.9956336754813626	0.9780748663101604	0.9687261632341724	5802	1905	1870	5607	12130	0	38.0	honest_60_20_20	rnacompete_eukarya
RBM6	random_forest	0.994591361558508	0.9894693863285036	0.9954267806102464	0.9912428022337396	0.959481361426256	0.946808510638298	3785	1224	1234	3365	7326	0	38.0	honest_60_20_20	rnacompete_eukarya
RBM8A	random_forest	0.977632333767927	0.9442078966024636	0.9821252380624584	0.962058932742638	0.9111111111111112	0.8703703703703703	2739	889	945	2762	5821	0	38.0	honest_60_20_20	rnacompete_eukarya
RBMS1	random_forest	0.9887993571739684	0.9733960267579328	0.987842662918124	0.9708702695169292	0.9564068692206076	0.9433962264150944	4688	1541	1514	3834	8341	0	38.0	honest_60_20_20	rnacompete_eukarya
RBMS3	logistic_regression	0.9955905950943124	0.993535951231415	0.994952292493456	0.988685588499461	0.9676375404530744	0.9621212121212122	4692	1561	1545	4482	9786	0	38.0	honest_60_20_20	rnacompete_eukarya
RBP1	random_forest	0.9964975009611688	0.99446429307194	0.994116726034368	0.988887966116164	0.96387184730743	0.9573612228479486	4378	1456	1467	4081	8870	0	38.0	honest_60_20_20	rnacompete_eukarya
RBP1-LIKE	random_forest	0.9830408024667924	0.9641635849174082	0.9770019695441226	0.9506596574170924	0.9290144727773948	0.9018112488083888	4411	1486	1451	3837	8406	0	38.0	honest_60_20_20	rnacompete_eukarya
RBP9	logistic_regression	0.9643303480306672	0.9113738644975165	0.968381000468857	0.928652583637035	0.8984802431610942	0.8395773294908742	4895	1641	1645	4362	9677	0	38.0	honest_60_20_20	rnacompete_eukarya
REF2	random_forest	0.990279086440552	0.9796051177904116	0.9888408256524585	0.9761720438852124	0.9605532786885246	0.950354609929078	5768	1963	1952	5397	11633	0	38.0	honest_60_20_20	rnacompete_eukarya
RIN	random_forest	0.9932689700454104	0.9859938078728324	0.989035806769621	0.9736139543381976	0.9528392685274302	0.9333333333333332	6216	2036	2078	5555	11994	0	38.0	honest_60_20_20	rnacompete_eukarya
RNP4F	logistic_regression	0.9628779998865292	0.9201645808914992	0.9629921619707044	0.9298649938736196	0.9026434558349452	0.8560533841754051	4661	1547	1551	4184	8635	0	38.0	honest_60_20_20	rnacompete_eukarya
RO3G_00049	random_forest	0.9998649356886088	0.9997498810278432	0.9995043050118332	0.9990370246928448	0.98903053661429	0.9847044233154196	10041	3327	3373	8754	18537	0	38.0	honest_60_20_20	rnacompete_eukarya
ROX8	random_forest	0.971040391872163	0.9530401509846902	0.9605487228003784	0.9297609924362236	0.906200317965024	0.888468809073724	3700	1217	1258	3177	6957	0	38.0	honest_60_20_20	rnacompete_eukarya
RSF1	random_forest	0.9921111489278942	0.9797940213352948	0.9933403698292084	0.9820018590893848	0.9513247073321012	0.9282470481380564	4818	1553	1623	4036	8761	0	38.0	honest_60_20_20	rnacompete_eukarya
Rbm24	logistic_regression	0.998956148584186	0.9977182444872184	0.9993157167706948	0.998336326820254	0.986337593653592	0.975724353954581	6817	2298	2269	6907	14787	0	38.0	honest_60_20_20	rnacompete_eukarya
Rbm38	random_forest	0.9991592099506524	0.9977898153403798	0.9991839307618916	0.9977891302923924	0.983319772172498	0.9714285714285714	7299	2427	2458	7346	15721	0	38.0	honest_60_20_20	rnacompete_eukarya
Rbm4.3	random_forest	0.9953584574590618	0.9887475836227204	0.9970682703884418	0.9935512234458808	0.9656133828996284	0.949796472184532	6382	2156	2152	5635	12186	0	38.0	honest_60_20_20	rnacompete_eukarya
Rbm42	random_forest	0.9892550833574252	0.9708959893506068	0.985589127304543	0.9616642603002435	0.9388646288209608	0.8977035490605428	4676	1571	1603	3955	8397	0	38.0	honest_60_20_20	rnacompete_eukarya
Rbm47	random_forest	0.9877007579065864	0.97133951747091	0.987465706622064	0.970146616456656	0.9471221338324756	0.9279796048438496	6377	2091	2137	5814	12502	0	38.0	honest_60_20_20	rnacompete_eukarya
SAMD4A	random_forest	0.99379614438064	0.9788373026766898	0.9931805751658516	0.9703947085524032	0.9572881355932203	0.9213483146067416	4422	1532	1475	4178	8916	0	38.0	honest_60_20_20	rnacompete_eukarya
SART3	logistic_regression	0.9908153001613892	0.9829629202849748	0.9920782288633742	0.9855884710647526	0.9543088490456912	0.9405568096313016	5078	1758	1729	4640	9968	0	38.0	honest_60_20_20	rnacompete_eukarya
SF1	random_forest	0.9773968754855906	0.9411061362027096	0.9769005458660632	0.9362690677026112	0.893796992481203	0.8606658446362515	3215	1125	1064	2806	5894	0	38.0	honest_60_20_20	rnacompete_eukarya
SF2	random_forest	0.9990881235236756	0.9982937001817668	0.9989439707402624	0.997946805604433	0.9789201183431951	0.9699208443271768	8165	2763	2704	7280	15852	0	38.0	honest_60_20_20	rnacompete_eukarya
SFPQ	logistic_regression	0.9636226853505124	0.9425413755965594	0.9626439273498096	0.9365918248391888	0.9062265566391596	0.880838894184938	3884	1324	1333	4383	9405	0	38.0	honest_60_20_20	rnacompete_eukarya
SHEP	logistic_regression	0.9868751197384604	0.9801618770990674	0.9833989297762612	0.9713858917275064	0.9501231527093597	0.9429978888106968	4748	1585	1624	4544	9973	0	38.0	honest_60_20_20	rnacompete_eukarya
SM	random_forest	0.9971065900044228	0.9918912752162397	0.9975997172980492	0.9928919398544404	0.972938689217759	0.9540889526542324	7175	2378	2365	5739	12503	0	38.0	honest_60_20_20	rnacompete_eukarya
SNF	logistic_regression	0.9912974287244578	0.9772160633881029	0.99111375428798	0.979922673056154	0.9678499665103818	0.9570661896243292	4472	1500	1493	3936	8397	0	38.0	honest_60_20_20	rnacompete_eukarya
SNRNP70	random_forest	0.9884540663119156	0.9724844456756212	0.9877565982404692	0.9709160121965774	0.9406910778751932	0.9235880398671096	5872	1982	1939	5267	11552	0	38.0	honest_60_20_20	rnacompete_eukarya
SNRNP70K	random_forest	0.9804369752125645	0.9578564148685744	0.9794389435456994	0.9531155910292016	0.9196269982238012	0.8846398980242193	6695	2184	2252	5838	12383	0	38.0	honest_60_20_20	rnacompete_eukarya
SNRPA	random_forest	0.99895946451142	0.9967948649986064	0.9991868373527174	0.9982854004316896	0.9884135472370766	0.9830508474576272	6844	2260	2244	5804	12630	0	38.0	honest_60_20_20	rnacompete_eukarya
SRP54	logistic_regression	0.9954547893873532	0.988905247497352	0.9956364568645044	0.9893620755461444	0.969077306733167	0.9507154213036566	5870	1925	2005	5171	11293	0	38.0	honest_60_20_20	rnacompete_eukarya
SRSF1	logistic_regression	0.99918840985886	0.9985193044439356	0.9985768370332128	0.9974328732575692	0.989646246764452	0.9846547314578004	6955	2270	2318	6238	13647	0	38.0	honest_60_20_20	rnacompete_eukarya
SRSF10	logistic_regression	0.985642019683067	0.9698036344691592	0.987623713282691	0.9745093865348756	0.9381755296152184	0.90955091714105	6955	2350	2313	6499	14174	0	38.0	honest_60_20_20	rnacompete_eukarya
SRSF2	random_forest	0.9951441394048662	0.9880685898566708	0.9960523051552672	0.9929012624404993	0.9688995215311004	0.9580915538362348	6281	2046	2090	5856	12649	0	38.0	honest_60_20_20	rnacompete_eukarya
SRSF7	random_forest	0.9960670687282964	0.9910342909069608	0.9939533378363166	0.986847839099464	0.9736286919831224	0.9590163934426228	5610	1824	1896	4968	10678	0	38.0	honest_60_20_20	rnacompete_eukarya
SRSF9	random_forest	0.9688287293307786	0.9348071805910426	0.9636782677472124	0.9161655722725636	0.8982125124131083	0.8549186128803963	5850	1957	2014	5320	11389	0	38.0	honest_60_20_20	rnacompete_eukarya
SUP-12	random_forest	0.9993850417314228	0.9985426934623328	0.9993367138315894	0.9984559520117876	0.9878597122302158	0.9791505791505792	6867	2237	2224	6583	14248	0	38.0	honest_60_20_20	rnacompete_eukarya
SUP-26	random_forest	0.9769950748310168	0.9619845777717227	0.9767420149338604	0.9584453731072288	0.911840411840412	0.8958174904942966	4577	1580	1554	4207	9120	0	38.0	honest_60_20_20	rnacompete_eukarya
SXL	logistic_regression	0.9733244933844512	0.9466459446914314	0.9817390894301274	0.951927250765513	0.9151376146788992	0.8814102564102564	2506	873	872	2376	5054	0	38.0	honest_60_20_20	rnacompete_eukarya
Sf3b4	random_forest	0.993073934047469	0.9890846783628386	0.991798448601786	0.9867925020486148	0.954443194600675	0.9459639759839892	5315	1783	1778	5105	11046	0	38.0	honest_60_20_20	rnacompete_eukarya
Smp_067420	logistic_regression	0.9972429580969444	0.9930748476100963	0.9955351383536494	0.988360022807455	0.979905437352246	0.9671179883945842	4984	1689	1692	4174	9138	0	38.0	honest_60_20_20	rnacompete_eukarya
Syncrip	random_forest	0.9928289573531645	0.9809143161944548	0.991547867337341	0.9791282756008262	0.9534450651769087	0.9410840534171248	4755	1630	1611	4261	9194	0	38.0	honest_60_20_20	rnacompete_eukarya
TARDBP	random_forest	0.9963341651085362	0.9929267813973124	0.9969498763005388	0.9943804194626404	0.9663596315578694	0.9552715654952076	7369	2484	2497	7067	15247	0	38.0	honest_60_20_20	rnacompete_eukarya
TIA1	logistic_regression	0.996914641470336	0.995349844832141	0.9981190440317904	0.9974994698126978	0.9724907063197026	0.9664551223934724	3973	1320	1345	3909	8655	0	38.0	honest_60_20_20	rnacompete_eukarya
TIAR-1	logistic_regression	0.9971284094794708	0.9922944638593224	0.9989079978495956	0.997239560906493	0.9831932773109244	0.9722222222222222	5718	1936	1904	4806	10565	0	38.0	honest_60_20_20	rnacompete_eukarya
TIAR-3	logistic_regression	0.999204077460058	0.998703968476236	0.9975221785922048	0.9956603226694668	0.9848883048620236	0.9803250641573996	4624	1533	1522	4403	9709	0	38.0	honest_60_20_20	rnacompete_eukarya
TRA2	random_forest	0.9900003542384632	0.9796153160230704	0.9931137013597084	0.9879441016907812	0.9522012578616352	0.9395866454689984	4800	1565	1590	4608	9994	0	38.0	honest_60_20_20	rnacompete_eukarya
TUT1	random_forest	0.9854396095005656	0.9811164176022952	0.989011035599666	0.985005147354224	0.9493041749502982	0.946031746031746	2892	974	1006	3154	7000	0	38.0	honest_60_20_20	rnacompete_eukarya
Tb_0216	random_forest	0.98566248279958	0.97190035744221	0.9896984586557964	0.9805069548376828	0.9181459566074952	0.8961201501877347	6154	2078	2028	5365	11622	0	38.0	honest_60_20_20	rnacompete_eukarya
Tb_0217	random_forest	0.9972823977016848	0.993892275005542	0.9981199631849508	0.99646499990474	0.9809335963182118	0.975021533161068	4653	1516	1521	4360	9515	0	38.0	honest_60_20_20	rnacompete_eukarya
Tb_0218	logistic_regression	0.9834638174652118	0.9551554568224676	0.9824558821220544	0.958887814830987	0.943907156673114	0.9151219512195122	4603	1515	1551	3932	8436	0	38.0	honest_60_20_20	rnacompete_eukarya
Tb_0219	random_forest	0.9966492000062196	0.9941263932068968	0.9948292964742816	0.9877318352908726	0.9685649202733484	0.9619834710743802	6634	2222	2195	6099	13243	0	38.0	honest_60_20_20	rnacompete_eukarya
Tb_0220	random_forest	0.9863234389751674	0.9683358379484728	0.985153162055336	0.9666637826623284	0.9287484510532836	0.9004329004329005	4818	1652	1614	3996	8639	0	38.0	honest_60_20_20	rnacompete_eukarya
Tb_0230	random_forest	0.9974903474903476	0.9943611589878384	0.9965674199638612	0.9886152883172816	0.969967151572032	0.9523099850968704	6407	2146	2131	5819	12220	0	38.0	honest_60_20_20	rnacompete_eukarya
Tb_0251	random_forest	0.9943428893541634	0.989678035847194	0.9936684610613532	0.98602720576064	0.9606081548030408	0.951571792693288	4292	1422	1447	3758	7965	0	38.0	honest_60_20_20	rnacompete_eukarya
Tb_0252	random_forest	0.9983582186025468	0.9960971915908108	0.99781216921848	0.9956424937192776	0.9875164257555848	0.9835212489158716	4555	1467	1522	4335	9364	0	38.0	honest_60_20_20	rnacompete_eukarya
Tb_0253	random_forest	0.995961171703384	0.9955758007834256	0.994659344987778	0.9944051607658286	0.959295261239368	0.959904248952723	4985	1662	1646	5942	12734	0	38.0	honest_60_20_20	rnacompete_eukarya
Tp_0225	random_forest	0.9926291052903078	0.9875455703769672	0.9892097509322776	0.9791828414553334	0.9627483443708608	0.954864593781344	3651	1213	1208	3409	7377	0	38.0	honest_60_20_20	rnacompete_eukarya
Tv_0226	random_forest	0.9972125544514588	0.9931653279690872	0.9960906601764526	0.9885099787274876	0.9790111940298508	0.969574036511156	6428	2117	2144	5024	10988	0	38.0	honest_60_20_20	rnacompete_eukarya
Tv_0236	random_forest	0.9936214384224888	0.9726251696932202	0.997031476584492	0.988202677564852	0.9619883040935672	0.9288061336254108	5078	1614	1710	4047	8889	0	38.0	honest_60_20_20	rnacompete_eukarya
Tv_0257	random_forest	0.9962021845078588	0.9914910947732452	0.9987533147845216	0.9978985023263448	0.966867469879518	0.9584457636265517	7070	2341	2324	6792	14770	0	38.0	honest_60_20_20	rnacompete_eukarya
Tv_0258	random_forest	0.9984560076193544	0.9950379087320308	0.9983013929113964	0.9942566075636892	0.9750124937531236	0.9519230769230768	6159	1999	2001	5686	12291	0	38.0	honest_60_20_20	rnacompete_eukarya
Tv_0259	random_forest	0.9919670366383312	0.9842633816425052	0.991992401723124	0.986655321646742	0.963963963963964	0.9573991031390134	6172	2040	2109	6080	13251	0	38.0	honest_60_20_20	rnacompete_eukarya
U2AF2	logistic_regression	0.9885980850499152	0.9727084208123554	0.989137076181847	0.9738187706978244	0.9485981308411215	0.9167367535744324	5850	1970	1926	4791	10498	0	38.0	honest_60_20_20	rnacompete_eukarya
U2AF50	random_forest	0.9770037017906336	0.9461697484047188	0.9792797984972678	0.9505153045067118	0.9189750692520776	0.8890995260663507	4363	1448	1444	3794	8120	0	38.0	honest_60_20_20	rnacompete_eukarya
UNC-75	logistic_regression	0.9992378600097032	0.99854984911181	0.9981304390339296	0.9963164495141816	0.9892268694550064	0.9847259658580412	4556	1499	1578	4928	10696	0	38.0	honest_60_20_20	rnacompete_eukarya
Vts1p	random_forest	0.9865139604228788	0.961852896972353	0.987161860049184	0.961636265765346	0.9382448537378116	0.902229845626072	2799	919	923	2658	5699	0	38.0	honest_60_20_20	rnacompete_eukarya
YBX1	logistic_regression	0.9616478673453134	0.9351367068613182	0.9747100448017418	0.9576740164289927	0.8981337480559876	0.875829383886256	3911	1351	1286	3595	7998	0	38.0	honest_60_20_20	rnacompete_eukarya
YBX2	random_forest	0.9635204388725516	0.934636115478766	0.9678814624692264	0.9427034591655392	0.8983246678220682	0.8658536585365854	5269	1803	1731	4862	10462	0	38.0	honest_60_20_20	rnacompete_eukarya
ZC3H10	random_forest	0.9883048705593348	0.9736752462003968	0.9891606918164336	0.9784180971159656	0.9389269406392694	0.9109075770191508	5340	1745	1752	5171	11210	0	38.0	honest_60_20_20	rnacompete_eukarya
ZC3H14	random_forest	0.9721044455147992	0.9478322961892324	0.9746294259375656	0.9510829501868694	0.8977272727272727	0.8751926040061633	2489	812	792	2745	5661	0	38.0	honest_60_20_20	rnacompete_eukarya
ZCRB1	logistic_regression	0.9989983203230698	0.9982327242364352	0.9980059697691874	0.9963866846126814	0.9930966469428008	0.9912280701754386	6234	2028	2028	5649	12307	0	38.0	honest_60_20_20	rnacompete_eukarya
ZNF638	random_forest	0.9850577825929938	0.9680127624287064	0.9880200105318588	0.9721114633132344	0.9319327731092436	0.8867132867132868	3598	1177	1190	3450	7552	0	38.0	honest_60_20_20	rnacompete_eukarya
B0280.17	random_forest	0.989849908355657	0.9713044718538928	0.9885271536420616	0.972272434550522	0.942297511911064	0.9168573607932876	5667	1889	1889	3050	6395	0		honest_60_20_20	rnacompete_rbpzoo
BATDEDRAFT_13807	random_forest	0.9858852751429475	0.9654179913250271	0.981814393118509	0.9540263747613495	0.9443436176648518	0.9187279151943464	4957	1653	1653	2691	5572	0		honest_60_20_20	rnacompete_rbpzoo
C44B7.2	random_forest	0.9924097808172	0.9816982933213374	0.9921792821824802	0.98029144385107	0.9403881700554528	0.913770053475936	12984	4328	4328	6889	14751	0		honest_60_20_20	rnacompete_rbpzoo
CBG00421	random_forest	0.9833846653056258	0.9503991816903636	0.9898462744885956	0.9671399480723532	0.9463064295485636	0.9214607303651826	8769	2924	2924	4623	9994	0		honest_60_20_20	rnacompete_rbpzoo
CBG03563	random_forest	0.987012238749986	0.9673501120654334	0.9864810462044622	0.9668525579714836	0.9323403181014897	0.9024745269286754	11880	3960	3961	6296	13505	0		honest_60_20_20	rnacompete_rbpzoo
CBG04067	random_forest	0.9919441144416844	0.975819305598886	0.9955921664722918	0.989329978155228	0.9617910447761194	0.9430604982206404	5023	1675	1675	2682	5691	0		honest_60_20_20	rnacompete_rbpzoo
CBG05471	random_forest	0.9963737992540268	0.9917918999851194	0.9960815569585963	0.9904763502914288	0.9647769204964776	0.9466192170818504	8940	2981	2981	4703	10199	0		honest_60_20_20	rnacompete_rbpzoo
CBG13971	random_forest	0.9834081892695448	0.9576584751607088	0.9821836847194484	0.9517969273481784	0.941508104298802	0.9159067882472138	4254	1419	1419	2313	4779	0		honest_60_20_20	rnacompete_rbpzoo
CBG14639	random_forest	0.9914252268071408	0.9741744415363798	0.9914772881755792	0.975584922271548	0.9534254807692308	0.9311417147934252	9982	3328	3328	5247	11391	0		honest_60_20_20	rnacompete_rbpzoo
CBG15837	logistic_regression	0.9905807976873966	0.97635757187385	0.9909736686386432	0.9774563402435033	0.9590258987243911	0.9359903381642511	7758	2587	2587	4070	8862	0		honest_60_20_20	rnacompete_rbpzoo
CG1316	random_forest	0.9908600335869202	0.9776696109719872	0.9906015729545964	0.9765886022685664	0.9410092395167022	0.913331012878524	12663	4221	4221	6690	14415	0		honest_60_20_20	rnacompete_rbpzoo
CG15440	random_forest	0.9742433188244608	0.9451080241493596	0.9715092279055711	0.9342512124229428	0.9084617804340988	0.867183934276586	9534	3178	3179	5024	10867	0		honest_60_20_20	rnacompete_rbpzoo
CG4806	random_forest	0.9838845483561456	0.9498042809299444	0.9810186778112526	0.951742119110682	0.9429362880886426	0.9176658673061552	5412	1805	1805	2934	6088	0		honest_60_20_20	rnacompete_rbpzoo
CG4887	random_forest	0.9723590842041248	0.941915958556938	0.9754245554122022	0.94023069949004	0.9036295369211514	0.8632326820603907	7188	2396	2397	3888	8093	0		honest_60_20_20	rnacompete_rbpzoo
CPEB1	logistic_regression	0.9972141319488412	0.9936975523208404	0.994780454603014	0.9880530149198536	0.9807280513918628	0.9700499168053244	5602	1868	1868	2979	6359	0		honest_60_20_20	rnacompete_rbpzoo
DDB_G0270634	random_forest	0.987508889687962	0.9675495625737044	0.9914866754564704	0.9782497761406116	0.9420731707317072	0.9148830263812844	8853	2952	2952	4635	10122	0		honest_60_20_20	rnacompete_rbpzoo
DDB_G0286331	random_forest	0.962948637608852	0.9104989671836342	0.9683491295348492	0.9207265024453808	0.8904965471884249	0.8421052631578947	9123	3041	3041	4814	10391	0		honest_60_20_20	rnacompete_rbpzoo
DDX53	random_forest	0.9664421090306992	0.9228861835414084	0.970706876913019	0.9294765758479476	0.8968888888888888	0.8548790658882403	10124	3375	3375	5408	11466	0		honest_60_20_20	rnacompete_rbpzoo
ELAVL2	logistic_regression	0.9719936984688884	0.9303117015448396	0.9733151473205116	0.9385263615771308	0.9138405132905592	0.8720508166969148	9816	3273	3273	5178	11184	0		honest_60_20_20	rnacompete_rbpzoo
ENSGALG00000014089	random_forest	0.9939298230114556	0.985116990943233	0.9936772977589304	0.9840849324588924	0.9529317909852412	0.9305882352941176	7519	2507	2507	3959	8574	0		honest_60_20_20	rnacompete_rbpzoo
ENSMGAG00000016128	random_forest	0.990380647849801	0.9735505841174098	0.9934904935171424	0.9834537613433536	0.9434276206322796	0.9173955296404276	9012	3004	3005	4752	10269	0		honest_60_20_20	rnacompete_rbpzoo
ENSMODG00000011903	logistic_regression	0.994392975461022	0.9862646490636532	0.9937353052785592	0.9855072299233336	0.9682466635987116	0.9508196721311476	6519	2173	2173	3448	7417	0		honest_60_20_20	rnacompete_rbpzoo
ENSMODG00000011916	random_forest	0.987946406674914	0.9668708184832192	0.987405786596764	0.9639330801653498	0.93488824101069	0.906030855539972	12345	4116	4116	6528	14049	0		honest_60_20_20	rnacompete_rbpzoo
ENSTNIG00000011257	logistic_regression	0.9937212670211008	0.9839292442197548	0.992483015346934	0.9829973745647071	0.9625057155921354	0.9411764705882352	6559	2187	2187	3426	7507	0		honest_60_20_20	rnacompete_rbpzoo
ENSXETG00000023721	random_forest	0.9849607182940516	0.9625685637253673	0.98821764655098	0.9734976943500596	0.9428294573643412	0.9152298850574712	6192	2064	2064	3299	7021	0		honest_60_20_20	rnacompete_rbpzoo
ESRP1	random_forest	0.9920057478848664	0.9801972243750994	0.9932324520887404	0.9829966996645868	0.94968394437421	0.9265411590992988	11863	3955	3955	6351	13422	0		honest_60_20_20	rnacompete_rbpzoo
FUBP1	random_forest	0.9924979936726072	0.9789360553755728	0.9935401595804616	0.9828563991600214	0.9496783957623912	0.9259877573734	7928	2643	2643	4167	9047	0		honest_60_20_20	rnacompete_rbpzoo
Imp	random_forest	0.96850892777973	0.9297992781614002	0.9697790468934218	0.9294241629580792	0.8989384288747346	0.8588374851720048	7065	2355	2355	3837	7938	0		honest_60_20_20	rnacompete_rbpzoo
K07H8.9	random_forest	0.9732193076647748	0.9356287581151964	0.972763800642208	0.94533738540487	0.9069130732375086	0.8656126482213439	4380	1460	1461	2383	4918	0		honest_60_20_20	rnacompete_rbpzoo
LmjF.17.0550	random_forest	0.9729082809696348	0.9366235469195714	0.9761528673599228	0.9488269981629808	0.9050728277247614	0.8647100930565498	5973	1991	1991	3211	6744	0		honest_60_20_20	rnacompete_rbpzoo
LmjF.18.0190	random_forest	0.9912537739087572	0.9763601192887382	0.9921599189837748	0.979886208843477	0.950247218788628	0.9261806510774874	9705	3235	3236	5148	11028	0		honest_60_20_20	rnacompete_rbpzoo
LmjF.24.1570	random_forest	0.9911438857275578	0.9733785274515376	0.9937932102349708	0.9834227367590244	0.9598265895953756	0.9379741186970104	10378	3460	3460	5449	11849	0		honest_60_20_20	rnacompete_rbpzoo
LmjF.25.0080	random_forest	0.990568695717173	0.9771013493192268	0.991426511725522	0.9797695693671392	0.9378657007522988	0.9091649694501018	10764	3589	3589	5665	12277	0		honest_60_20_20	rnacompete_rbpzoo
LmjF.25.0500	random_forest	0.9869021663531844	0.9665932494159164	0.984381331381882	0.961434348016967	0.938822184105203	0.910159529806885	10494	3498	3498	5530	11960	0		honest_60_20_20	rnacompete_rbpzoo
LmjF.27.2100	random_forest	0.9817582257922238	0.9556592310795592	0.9838104578215726	0.9604651816306896	0.927009372337404	0.8948014735980352	10560	3521	3521	5635	11967	0		honest_60_20_20	rnacompete_rbpzoo
LmjF.29.0680	random_forest	0.9707459302737492	0.9337133087075886	0.974683744465528	0.9423663657779364	0.908715122287289	0.8659585230146687	8706	2902	2903	4651	9860	0		honest_60_20_20	rnacompete_rbpzoo
LmjF.29.1340	random_forest	0.9915583749902368	0.9784468360986688	0.9876981957353744	0.9708119847897694	0.9495645863570392	0.924415443175639	8267	2756	2756	4341	9438	0		honest_60_20_20	rnacompete_rbpzoo
LmjF.29.1350	random_forest	0.9890270593700056	0.9701414802157045	0.9930060055811316	0.9809011653294386	0.9450061652281134	0.9199856476498026	12162	4054	4055	6416	13855	0		honest_60_20_20	rnacompete_rbpzoo
LmjF.29.1360	random_forest	0.9955920579118928	0.9872174730963128	0.9954957065738465	0.9868623655671084	0.9800944669365722	0.9694774961200208	8889	2964	2964	4683	10134	0		honest_60_20_20	rnacompete_rbpzoo
LmjF.29.1370	random_forest	0.9812182732378898	0.9591499565575954	0.978309179825007	0.9546256364943616	0.9213174748398902	0.8840970350404312	9834	3279	3279	5181	11211	0		honest_60_20_20	rnacompete_rbpzoo
LmjF.30.1110	random_forest	0.9906952199262016	0.9756176165752592	0.991946122202942	0.9789036706751092	0.9390776699029126	0.9108981185658502	12360	4120	4120	6492	14108	0		honest_60_20_20	rnacompete_rbpzoo
LmjF.30.2180	random_forest	0.9978724475348456	0.9934828720597576	0.9964795552592852	0.9872733202365706	0.9660391288298265	0.949171270718232	8126	2709	2709	4297	9247	0		honest_60_20_20	rnacompete_rbpzoo
LmjF.32.2810	random_forest	0.9866832677488112	0.963183991716899	0.9883126332185604	0.968002208050522	0.9487315010570824	0.9256704980842912	5673	1892	1892	3040	6417	0		honest_60_20_20	rnacompete_rbpzoo
LmjF.33.1450	random_forest	0.9983759183299914	0.9952455882311826	0.9983692571254472	0.9954144790403694	0.9889121965837578	0.982718355908454	10011	3337	3337	5258	11427	0		honest_60_20_20	rnacompete_rbpzoo
LmjF.34.4560	random_forest	0.9974379092026152	0.9925441553428982	0.9982370570605864	0.995251154988506	0.9839520958083832	0.975358587716072	12524	4175	4175	6631	14243	0		honest_60_20_20	rnacompete_rbpzoo
LmjF.36.5420	random_forest	0.9831974958192728	0.9545591121956004	0.9839418360748812	0.9575364273502788	0.9269406392694064	0.8969555035128806	7224	2408	2409	3889	8152	0		honest_60_20_20	rnacompete_rbpzoo
MBNL2	random_forest	0.9935320307191504	0.9817168585242424	0.995016434113427	0.9879483313075548	0.9643790849673204	0.9464373464373464	9177	3060	3060	4841	10456	0		honest_60_20_20	rnacompete_rbpzoo
NCU00556	random_forest	0.9971800543194006	0.9905840508808104	0.9973992583970466	0.992803955800676	0.9772230889235568	0.9652546406473108	9612	3205	3205	5069	10953	0		honest_60_20_20	rnacompete_rbpzoo
NCU00707	random_forest	0.9709605072872676	0.922090274985263	0.9733830349573632	0.9275636425579852	0.9063557728469348	0.8669160876536611	7975	2659	2659	4180	9113	0		honest_60_20_20	rnacompete_rbpzoo
NCU04254	random_forest	0.9728299583632928	0.939082678236262	0.9722731301105296	0.9422348454174214	0.9148480958493796	0.8766274023558587	7011	2337	2337	3786	7899	0		honest_60_20_20	rnacompete_rbpzoo
NCU09742	random_forest	0.9795587229196698	0.950387655949694	0.981071220009434	0.954562151688224	0.9157458563535912	0.8783649052841476	8688	2896	2896	4594	9886	0		honest_60_20_20	rnacompete_rbpzoo
NEMVEDRAFT_v1g141408	random_forest	0.9925090400124296	0.9795751618398708	0.9932363133835564	0.980552744361884	0.9524103831891224	0.9297445255474452	9707	3236	3236	5096	11083	0		honest_60_20_20	rnacompete_rbpzoo
NEMVEDRAFT_v1g214798	logistic_regression	0.9752519516268652	0.9459347668512932	0.9772765365056266	0.9464350078439524	0.9176201372997712	0.8758620689655172	9177	3059	3059	4862	10433	0		honest_60_20_20	rnacompete_rbpzoo
PF14_0151	random_forest	0.9874230254350737	0.9668767162607546	0.9863072289156626	0.9650156233068088	0.9338403041825096	0.9039735099337748	7888	2630	2630	4151	8997	0		honest_60_20_20	rnacompete_rbpzoo
PFE0865c	random_forest	0.9750325890245064	0.9354254496256856	0.9771550257854704	0.9410384161119754	0.9064398541919806	0.8684660061496413	12343	4115	4115	6551	14022	0		honest_60_20_20	rnacompete_rbpzoo
PFI0820c	random_forest	0.973433391605907	0.9360604054363854	0.973282261923374	0.9364587145815578	0.9090909090909092	0.8685555039479795	9337	3113	3113	4990	10573	0		honest_60_20_20	rnacompete_rbpzoo
PFI1175c	random_forest	0.9941749894868038	0.9846616816101476	0.9964132850315076	0.9909176538176048	0.962592877273892	0.943846153846154	11709	3903	3903	6143	13372	0		honest_60_20_20	rnacompete_rbpzoo
PGTG_00837	random_forest	0.9967504635020944	0.9910402339763178	0.997646793759891	0.9945984909310386	0.9735501091967969	0.9599706206390012	12363	4121	4121	6555	14050	0		honest_60_20_20	rnacompete_rbpzoo
PGTG_09691	random_forest	0.9872290784060906	0.9736305665485414	0.9844834562093728	0.968294464892513	0.947831184056272	0.9215859030837004	5118	1706	1706	2744	5786	0		honest_60_20_20	rnacompete_rbpzoo
PK00353.1	random_forest	0.983545104912127	0.9588462117651756	0.9887586246575584	0.9711505556378904	0.9251297257227576	0.8935721812434141	8091	2698	2698	4303	9184	0		honest_60_20_20	rnacompete_rbpzoo
PK00513.1	random_forest	0.99360526434455	0.9830507827319134	0.9950623420450898	0.9847204365552148	0.9549596459255404	0.9332819128422676	11520	3840	3841	6082	13119	0		honest_60_20_20	rnacompete_rbpzoo
PK00840.1	logistic_regression	0.9941235940856818	0.9852893101775888	0.9952203614606464	0.9873344387546472	0.9682022013860578	0.9499358151476252	7356	2452	2453	3860	8401	0		honest_60_20_20	rnacompete_rbpzoo
PK01594.1	random_forest	0.9916978032398456	0.9803616913544202	0.9912175159541584	0.9790016952028362	0.9477911646586346	0.92315959161741	8214	2739	2739	4341	9351	0		honest_60_20_20	rnacompete_rbpzoo
PK03611.1	logistic_regression	0.9812207050878344	0.960379759817976	0.9827857803266828	0.9623441834936204	0.9282800815771584	0.8899321857068336	8826	2942	2942	4624	10086	0		honest_60_20_20	rnacompete_rbpzoo
PK04894.1	random_forest	0.9960215167509224	0.9885002672992468	0.997924693227624	0.993180719910956	0.971518987341772	0.9567307692307692	9477	3160	3160	4980	10817	0		honest_60_20_20	rnacompete_rbpzoo
PK05280.1	random_forest	0.9728017536648856	0.9370690921467444	0.9753183479532164	0.938772553392792	0.9027543563799888	0.860032362459547	10671	3557	3558	5626	12160	0		honest_60_20_20	rnacompete_rbpzoo
PK05405.1	random_forest	0.982134356301007	0.9475448929983076	0.9837194011625796	0.9553764485688502	0.9366298607777244	0.9070422535211268	6249	2083	2083	3286	7129	0		honest_60_20_20	rnacompete_rbpzoo
PK07890.1	random_forest	0.989413623037443	0.9752513021327622	0.9895566656641456	0.977356153783661	0.9512307338394296	0.9260808926080892	13041	4347	4347	6884	14851	0		honest_60_20_20	rnacompete_rbpzoo
PK10695.1	logistic_regression	0.9844051803551492	0.961492500680386	0.9881884039513844	0.974219502415806	0.9454976303317536	0.9173086800205444	8859	2954	2954	4658	10109	0		honest_60_20_20	rnacompete_rbpzoo
PK11774.1	random_forest	0.9945304971411116	0.9836870458147644	0.9946359350849704	0.9856988946760886	0.9694133759415658	0.95376121463078	13140	4381	4381	6908	14994	0		honest_60_20_20	rnacompete_rbpzoo
PK13173.1	random_forest	0.988200287879648	0.973707653277436	0.987166913445218	0.9701624580290102	0.9392865579966928	0.909919383105503	12699	4233	4233	6702	14463	0		honest_60_20_20	rnacompete_rbpzoo
PK14112.1	random_forest	0.9894469052261838	0.9778465066830392	0.9888231159077576	0.9763058859950166	0.9421425905188504	0.913552704963748	8037	2679	2679	4218	9177	0		honest_60_20_20	rnacompete_rbpzoo
PK15111.1	random_forest	0.9933438930868236	0.9831690487459764	0.9908538528543204	0.9759856206733872	0.95325737657026	0.93085566119274	10268	3423	3423	5444	11670	0		honest_60_20_20	rnacompete_rbpzoo
PK15181.1	logistic_regression	0.9781569472210596	0.9509546711835244	0.9771237879750596	0.94193235279118	0.9202535869202536	0.87886467308667	8990	2997	2997	4709	10275	0		honest_60_20_20	rnacompete_rbpzoo
PK16782.1	random_forest	0.9948469210019854	0.985900118311908	0.9963538206454388	0.9906778492070102	0.9612291786329696	0.9421841541755888	10445	3482	3482	5525	11884	0		honest_60_20_20	rnacompete_rbpzoo
PK20300.1	random_forest	0.994588281445027	0.9871007588985894	0.9944101869249268	0.9854568835884964	0.951033386327504	0.9268755935422602	9433	3145	3145	4937	10786	0		honest_60_20_20	rnacompete_rbpzoo
PK20656.1	random_forest	0.9850583457947614	0.9601851933280816	0.9820511583646514	0.9529040716313718	0.9341784495368112	0.9049964813511612	6150	2051	2051	3260	6992	0		honest_60_20_20	rnacompete_rbpzoo
PK20770.1	logistic_regression	0.9951629303821414	0.9861792427052763	0.9967591278849792	0.991884919609294	0.9782220635487326	0.9659408151870464	8403	2801	2801	4405	9600	0		honest_60_20_20	rnacompete_rbpzoo
PK21151.1	random_forest	0.9965141258461768	0.9910369898302144	0.9949483273558852	0.9846289626719398	0.964731814842028	0.9463087248322148	8163	2721	2722	4299	9307	0		honest_60_20_20	rnacompete_rbpzoo
PK21303.1	random_forest	0.9833864128187968	0.9554133474686228	0.980349233837465	0.9489363010470078	0.9279148524431544	0.8956582633053222	12401	4134	4134	6594	14075	0		honest_60_20_20	rnacompete_rbpzoo
PK21582.1	random_forest	0.9936792005757524	0.984647660547119	0.99285290664601	0.9812694691995796	0.958055290753098	0.9377358490566038	9440	3147	3147	5005	10729	0		honest_60_20_20	rnacompete_rbpzoo
PK22404.1	random_forest	0.9922410734025576	0.981387604010604	0.9925341522821136	0.9806649609479422	0.9430379746835444	0.9165120593692022	9477	3160	3160	4969	10828	0		honest_60_20_20	rnacompete_rbpzoo
PK23097.1	random_forest	0.9885464847875952	0.972338533801761	0.9845055794406068	0.9604440168076648	0.9519230769230768	0.9284380833851898	7175	2392	2392	3807	8152	0		honest_60_20_20	rnacompete_rbpzoo
PK23225.1	random_forest	0.9967007316744724	0.991082830212152	0.9973884389218132	0.9929911489752584	0.9696290764251928	0.9538228614685844	12050	4017	4017	6304	13780	0		honest_60_20_20	rnacompete_rbpzoo
PK23842.1	random_forest	0.9880320140131188	0.9742908504957012	0.9824952482110914	0.960568060440326	0.9343724364232978	0.9029126213592232	7312	2438	2438	3871	8317	0		honest_60_20_20	rnacompete_rbpzoo
PK25912.1	random_forest	0.9876945441237764	0.9680457752004108	0.9874112936092584	0.9666145952039854	0.9326588681631364	0.902872777017784	9487	3163	3163	5006	10807	0		honest_60_20_20	rnacompete_rbpzoo
PK26404.1	random_forest	0.994727481555708	0.984537525605447	0.9970296012562556	0.9931079229663384	0.9554176072234764	0.9344398340248964	5313	1771	1772	2828	6028	0		honest_60_20_20	rnacompete_rbpzoo
PK27183.1	random_forest	0.9865054125215342	0.9656602183292866	0.9895549642469238	0.9742348811138732	0.9299926308032423	0.8995417694747974	12210	4071	4071	6430	13922	0		honest_60_20_20	rnacompete_rbpzoo
PK27602.1	random_forest	0.9941605472860536	0.9853009160078025	0.9946330540141388	0.9857397053836968	0.9588614631976874	0.9383127709236412	13490	4497	4497	7134	15350	0		honest_60_20_20	rnacompete_rbpzoo
PK27672.1	random_forest	0.9912511106452224	0.9792230001230748	0.988097377379776	0.9692138178453296	0.9463992107859256	0.9207583859990276	9121	3041	3041	4826	10377	0		honest_60_20_20	rnacompete_rbpzoo
PK27686.1	random_forest	0.9946984699812674	0.9807925196327336	0.9959841646484844	0.9887061077425872	0.975287356321839	0.962280701754386	10438	3480	3480	5486	11912	0		honest_60_20_20	rnacompete_rbpzoo
PRR3	random_forest	0.9830965015407924	0.957275448672676	0.9838515821686228	0.9604979106725376	0.9321648815319702	0.897095027080256	9241	3081	3081	4891	10512	0		honest_60_20_20	rnacompete_rbpzoo
PTBP2	random_forest	0.9874811189656212	0.9739135841421614	0.9872190899579928	0.9668327147818606	0.9432071269487752	0.9137055837563453	8079	2694	2694	4274	9193	0		honest_60_20_20	rnacompete_rbpzoo
PUB1	random_forest	0.9914162008356951	0.976469235170926	0.9937369090749422	0.98302127154467	0.9432687978388112	0.9182879377431906	6661	2221	2221	3537	7566	0		honest_60_20_20	rnacompete_rbpzoo
PUF60	random_forest	0.9953108156665468	0.9872076258627988	0.9953076238112571	0.9869465534417052	0.957201339784146	0.9364289662797124	8058	2686	2687	4235	9196	0		honest_60_20_20	rnacompete_rbpzoo
RBFOX2	random_forest	0.9987552713740824	0.9968896074608092	0.9987253378715898	0.9967483449613976	0.9832368180432794	0.9740198393953708	9841	3281	3281	5167	11236	0		honest_60_20_20	rnacompete_rbpzoo
RBM24	random_forest	0.9977967195384312	0.9947092267664658	0.9972265509174294	0.992110882007496	0.9766454352441614	0.9639934533551556	11302	3768	3768	5930	12908	0		honest_60_20_20	rnacompete_rbpzoo
RBM34	random_forest	0.9793983822042468	0.9424199802927868	0.9811464050989456	0.9479073547546024	0.9287128712871288	0.8977272727272727	6059	2020	2020	3221	6878	0		honest_60_20_20	rnacompete_rbpzoo
RBM38	random_forest	0.97972085907433	0.954742229087521	0.9802264148945744	0.9561981560459616	0.9196765498652292	0.8833202819107283	5564	1855	1855	3021	6253	0		honest_60_20_20	rnacompete_rbpzoo
RBM45	random_forest	0.9943618931048552	0.9860006563109616	0.993642390860873	0.9820690321719248	0.9557428872497366	0.9353049907578558	14233	4745	4745	7598	16125	0		honest_60_20_20	rnacompete_rbpzoo
RBM47	random_forest	0.9933520599250936	0.9826155299642008	0.9929672254342268	0.9815736326194752	0.9590373783922173	0.9388379204892966	11718	3906	3906	6181	13349	0		honest_60_20_20	rnacompete_rbpzoo
RBPMS2	random_forest	0.9896837132405016	0.96861156286776	0.988125947040778	0.961087749200803	0.9447442816756618	0.9193850768653918	11673	3891	3891	6162	13293	0		honest_60_20_20	rnacompete_rbpzoo
RNPC3	random_forest	0.9879562557522604	0.9664596042470142	0.9890888419684912	0.9679646161146148	0.9278450363196126	0.8978752570253599	6193	2065	2065	3273	7050	0		honest_60_20_20	rnacompete_rbpzoo
RS31A	random_forest	0.9871972836299094	0.9671984947136884	0.9870650996795814	0.9688849171885888	0.9483378256963164	0.9223497636731938	6675	2225	2226	3545	7581	0		honest_60_20_20	rnacompete_rbpzoo
SCHCODRAFT_104251	random_forest	0.986604269122312	0.9660471199483244	0.988102669996158	0.9677249981243364	0.9353997682502896	0.9057879171947611	10354	3452	3452	5482	11776	0		honest_60_20_20	rnacompete_rbpzoo
SCHCODRAFT_35516	random_forest	0.9931580651496572	0.9826924922553346	0.9905732885639804	0.972707086493868	0.9539800995024876	0.931098696461825	4821	1607	1608	2595	5441	0		honest_60_20_20	rnacompete_rbpzoo
SCHCODRAFT_72118	random_forest	0.9938011485189596	0.9830271629158158	0.992767746630135	0.9808255995142934	0.9580936729663106	0.937956204379562	7300	2434	2434	3856	8312	0		honest_60_20_20	rnacompete_rbpzoo
SCHCODRAFT_80278	random_forest	0.9939052051570106	0.9833178953135552	0.9964848874783953	0.9890305394043234	0.9717687074829932	0.957282552753474	8820	2940	2940	4648	10052	0		honest_60_20_20	rnacompete_rbpzoo
SCL30	random_forest	0.9951225854156976	0.9867092246751116	0.9964172705031868	0.9903569553708658	0.9615280411812516	0.94264943457189	11071	3691	3691	5866	12587	0		honest_60_20_20	rnacompete_rbpzoo
SNRPB2	random_forest	0.9892828786581812	0.9761848966811908	0.9860821640800428	0.9600925105968744	0.9353899883585564	0.9075770191507078	5154	1718	1718	2769	5821	0		honest_60_20_20	rnacompete_rbpzoo
SRSF3	random_forest	0.9857618174426034	0.965613557262316	0.9872162172093304	0.9714861288564728	0.9410569105691056	0.9130434782608696	5902	1968	1968	3153	6685	0		honest_60_20_20	rnacompete_rbpzoo
Smp_006320	random_forest	0.992291111956384	0.9823963177480404	0.9886306110852832	0.9720559252714152	0.9490608086596626	0.9240986717267552	9423	3141	3141	4950	10755	0		honest_60_20_20	rnacompete_rbpzoo
Smp_024140	random_forest	0.9860124779578748	0.95338236041628	0.9898129301635804	0.9709656444248652	0.9549278846153846	0.934036939313984	4992	1664	1664	2666	5654	0		honest_60_20_20	rnacompete_rbpzoo
Smp_032060	logistic_regression	0.9866975130133024	0.9661792119424928	0.9871216193245772	0.971347209429532	0.945137157107232	0.9162861491628614	6013	2005	2005	3182	6841	0		honest_60_20_20	rnacompete_rbpzoo
Smp_036270	random_forest	0.9733243611845036	0.9404251037988604	0.9761155308217055	0.9468893500727632	0.9062034739454096	0.8686587908269632	6042	2014	2015	3257	6814	0		honest_60_20_20	rnacompete_rbpzoo
T07F10.3	random_forest	0.988260975758686	0.9706576436888302	0.990056731447096	0.9740928164921108	0.9362286970863112	0.9074960127591708	5454	1819	1819	2915	6177	0		honest_60_20_20	rnacompete_rbpzoo
TBPH	random_forest	0.9883744051379484	0.968452146722898	0.9884632321598716	0.9705082084875408	0.94235807860262	0.9163144547759932	10302	3434	3435	5442	11729	0		honest_60_20_20	rnacompete_rbpzoo
TIA1	logistic_regression	0.9874535762310304	0.9701687246363232	0.9879683397899724	0.9711809200031568	0.9521152952115296	0.9253081943437274	6452	2151	2151	3395	7359	0		honest_60_20_20	rnacompete_rbpzoo
TRNAU1AP	random_forest	0.9938205384185858	0.9847181107168408	0.9922951318973248	0.9798482985783604	0.9615849969751966	0.9426118391323994	9915	3306	3306	5231	11296	0		honest_60_20_20	rnacompete_rbpzoo
TVAG_371220	random_forest	0.9933322355147288	0.9835203662980412	0.9931430843362056	0.9824529402990156	0.9501698754246886	0.926605504587156	10596	3532	3532	5579	12081	0		honest_60_20_20	rnacompete_rbpzoo
Tb10.389.1650	random_forest	0.995941146626078	0.988467081407944	0.9966876163703848	0.9860346067410942	0.9738846572361264	0.9605263157894736	8271	2757	2757	4379	9406	0		honest_60_20_20	rnacompete_rbpzoo
Tb11.01.3940	random_forest	0.9958302532543454	0.9882021603179464	0.9964035729570776	0.9894376091010356	0.95995995995996	0.9411764705882352	5991	1997	1998	3206	6780	0		honest_60_20_20	rnacompete_rbpzoo
Tb11.01.5690	random_forest	0.9861770160433904	0.9678218036646872	0.9879781417226572	0.9720929550811188	0.9316556291390728	0.9004629629629629	11323	3775	3775	5994	12879	0		honest_60_20_20	rnacompete_rbpzoo
Tb11.03.0550	random_forest	0.981365475727596	0.9524263728284365	0.9807318442994774	0.9533172725925778	0.9135135135135136	0.8781725888324873	8322	2775	2775	4393	9479	0		honest_60_20_20	rnacompete_rbpzoo
Tb927.3.3960	random_forest	0.9898944981249508	0.9718297778734218	0.9888172877283002	0.9669228388209858	0.9394760614272808	0.9128738621586476	9961	3321	3321	5262	11341	0		honest_60_20_20	rnacompete_rbpzoo
Tb927.5.810	random_forest	0.9947765646624634	0.9848950613170384	0.994560049208058	0.9843358095656604	0.9659714599341384	0.9495387954422138	8198	2733	2733	4374	9290	0		honest_60_20_20	rnacompete_rbpzoo
Tb927.6.4960	random_forest	0.9915081943636376	0.9788908417996476	0.9917145243216036	0.979323598931118	0.9381320642474718	0.9107296137339056	10086	3362	3362	5329	11481	0		honest_60_20_20	rnacompete_rbpzoo
Tb927.7.2140	random_forest	0.9647572299781136	0.9273904742526888	0.9603879303746116	0.9130190064697082	0.9035314384151594	0.8587641866330391	6963	2321	2322	3734	7872	0		honest_60_20_20	rnacompete_rbpzoo
Tb927.7.320	random_forest	0.9962730038826096	0.9890942471174826	0.9967403598176952	0.989572018568702	0.9752839011356046	0.9623983739837398	8982	2994	2994	4744	10226	0		honest_60_20_20	rnacompete_rbpzoo
U2B''	random_forest	0.9939249305427964	0.9846102305940366	0.9940282562717238	0.9812406984361464	0.9587548638132296	0.9393592677345538	7710	2570	2570	4108	8742	0		honest_60_20_20	rnacompete_rbpzoo
UBA2B	random_forest	0.9959318586320874	0.9876074110562064	0.996571640010832	0.9898572478690504	0.9782971619365608	0.9666837519220912	8985	2995	2995	4714	10261	0		honest_60_20_20	rnacompete_rbpzoo
Y57G11C.36	random_forest	0.9888154909773728	0.9762263672300456	0.9874150408567564	0.9735730693960823	0.9371598218703612	0.9085673146148308	6061	2021	2021	3245	6858	0		honest_60_20_20	rnacompete_rbpzoo
Y59A8B.10	logistic_regression	0.9885230603502266	0.9725386655683236	0.9909098411690228	0.979085933944614	0.9528795811518324	0.9273661041819516	6300	2101	2101	3342	7160	0		honest_60_20_20	rnacompete_rbpzoo
Y69A2AR.32	random_forest	0.9926854989716029	0.980560857262062	0.992408501975109	0.9798927894453606	0.9384667114996638	0.910862152946907	8922	2974	2974	4689	10181	0		honest_60_20_20	rnacompete_rbpzoo
cpb-2	random_forest	0.9881210317460316	0.9711132843365616	0.9859570105820106	0.9636922109083008	0.9318181818181818	0.9012074643249176	7918	2640	2640	4198	9000	0		honest_60_20_20	rnacompete_rbpzoo
csx1	random_forest	0.9928282442363218	0.9831193408646816	0.99167561580938	0.9803588303543084	0.944810829573065	0.9174025974025974	8640	2880	2881	4510	9891	0		honest_60_20_20	rnacompete_rbpzoo
cwf2	random_forest	0.98490182802979	0.9641966650597338	0.9869081837670516	0.9675855687412462	0.933161123668066	0.9025882352941176	9288	3096	3097	4932	10549	0		honest_60_20_20	rnacompete_rbpzoo
e_gw1.13.00.297.1	random_forest	0.9969217510200225	0.9885218584409672	0.9973973352934432	0.99241544944952	0.992	0.987603305785124	6747	2249	2250	3590	7656	0		honest_60_20_20	rnacompete_rbpzoo
estExt_fgenesh1_pg.C_Chr_03.00010087	random_forest	0.9967373013847408	0.989380651810211	0.9976377752660264	0.9946308175299744	0.9768246281563472	0.9645690111052352	8670	2891	2891	4586	9866	0		honest_60_20_20	rnacompete_rbpzoo
fmr1	random_forest	0.9757434566944936	0.946065268049067	0.9725562086456524	0.9367829056751812	0.9129353233830846	0.8733850129198967	8442	2814	2814	4458	9612	0		honest_60_20_20	rnacompete_rbpzoo
grld-1	random_forest	0.9973566267264246	0.9930324267388486	0.9971195768163664	0.99305290937268	0.971974004874086	0.9576427255985268	7383	2462	2462	3901	8406	0		honest_60_20_20	rnacompete_rbpzoo
heph	random_forest	0.9875231617284024	0.966677852639804	0.9899540541011508	0.9743033746108584	0.9444699403396052	0.9200264375413086	6535	2179	2179	3484	7409	0		honest_60_20_20	rnacompete_rbpzoo
hnrnpa0	random_forest	0.9857243088483256	0.9613026713150244	0.9876888431201692	0.9679861902197792	0.9403717993686426	0.9129989764585466	8550	2851	2851	4555	9697	0		honest_60_20_20	rnacompete_rbpzoo
hnrnpa0a	random_forest	0.9896072203284784	0.970720289901466	0.9921554739032272	0.9811782412270011	0.941707147814018	0.9158316633266532	8643	2882	2882	4608	9799	0		honest_60_20_20	rnacompete_rbpzoo
hnrnpa0b	random_forest	0.9854630571504408	0.9646655207043452	0.985337409212821	0.9623053626662816	0.9331983805668016	0.9027504911591356	8890	2964	2964	4734	10084	0		honest_60_20_20	rnacompete_rbpzoo
hnrnpa0l	random_forest	0.994603652243816	0.9859926090114084	0.9947133037489272	0.9838004598987432	0.9634146341463414	0.944558521560575	11070	3690	3690	5839	12611	0		honest_60_20_20	rnacompete_rbpzoo
hnrpkl	logistic_regression	0.9751900624156196	0.9381351438848404	0.9745440189498618	0.940470096824429	0.919815668202765	0.8776371308016878	6507	2170	2170	3402	7445	0		honest_60_20_20	rnacompete_rbpzoo
khdrbs1b	random_forest	0.9872517792840771	0.9661577408222626	0.9875084376435682	0.967089813722791	0.934334763948498	0.9029803424223208	6987	2330	2330	3653	7994	0		honest_60_20_20	rnacompete_rbpzoo
mei2	logistic_regression	0.9963115845887048	0.9918832788030668	0.995888484360962	0.990081306435682	0.9730134932533732	0.9574468085106383	8002	2668	2668	4180	9158	0		honest_60_20_20	rnacompete_rbpzoo
mex3c	random_forest	0.9789408779901346	0.9506645980878328	0.9773856495150762	0.9479020449518334	0.9258169934640524	0.8910225636101776	18360	6120	6120	9781	20819	0		honest_60_20_20	rnacompete_rbpzoo
nop12	random_forest	0.9970738646976296	0.9934115058026532	0.996864365506017	0.9919757469735446	0.9754618937644342	0.9615558570782452	10389	3464	3464	5482	11835	0		honest_60_20_20	rnacompete_rbpzoo
nrd1	logistic_regression	0.984002680989267	0.9608178380183212	0.9841227857097876	0.9623933485929912	0.9381411252719926	0.904921165790731	9651	3217	3217	5026	11059	0		honest_60_20_20	rnacompete_rbpzoo
pab-1	logistic_regression	0.9964119947495904	0.9911489332811584	0.9964038755598856	0.9908160356421176	0.9770378874856488	0.9645390070921984	7836	2613	2613	4138	8924	0		honest_60_20_20	rnacompete_rbpzoo
pabpc1A	logistic_regression	0.997294690913483	0.9934175838986964	0.9966118367639784	0.9908779154637002	0.9789674952198852	0.9671314741035856	9411	3137	3138	4921	10765	0		honest_60_20_20	rnacompete_rbpzoo
pabpc4	random_forest	0.9895344697352404	0.9725572301941372	0.9893510433054764	0.9724021773791148	0.9318427695636496	0.9022245214692188	8318	2773	2773	4383	9481	0		honest_60_20_20	rnacompete_rbpzoo
qkr58E-2	random_forest	0.9923914388476492	0.978880417797251	0.991257941717418	0.9738378358468806	0.950834326579261	0.9267643142476698	10065	3355	3356	5294	11482	0		honest_60_20_20	rnacompete_rbpzoo
rbm-28	random_forest	0.9798501696131056	0.9510344177635512	0.981223944977052	0.9586245212742482	0.9413452343002868	0.9106796116504854	9408	3136	3137	4969	10712	0		honest_60_20_20	rnacompete_rbpzoo
rbm14	random_forest	0.9966818675468768	0.9924959405154348	0.997118592659994	0.9927243781211306	0.9652281900031048	0.947906976744186	9661	3221	3221	5114	10989	0		honest_60_20_20	rnacompete_rbpzoo
rnp-2	random_forest	0.996085598323942	0.990274820115403	0.9958259296858544	0.98895690926558	0.9674626865671642	0.9503868912152936	10050	3350	3350	5294	11456	0		honest_60_20_20	rnacompete_rbpzoo
rnp-3	random_forest	0.9980423957888748	0.9949632951823278	0.9967156474198728	0.9888150443769792	0.9742222222222222	0.9607577807848444	10125	3375	3375	5326	11549	0		honest_60_20_20	rnacompete_rbpzoo
rsp-1	random_forest	0.9778373615679834	0.951014207450947	0.9755139370075192	0.9431827350230492	0.9127340823970036	0.8745288099084545	8009	2670	2670	4286	9063	0		honest_60_20_20	rnacompete_rbpzoo
rsp-2	random_forest	0.927793307005163	0.8603660385497426	0.9266381930109282	0.8516387058009315	0.8456140350877193	0.7821782178217822	5983	1995	1995	3220	6753	0		honest_60_20_20	rnacompete_rbpzoo
rsp-3	random_forest	0.9904000064319116	0.9768664678936728	0.9908659938706876	0.9784057969774698	0.940084388185654	0.9122373300370828	10662	3555	3555	5632	12140	0		honest_60_20_20	rnacompete_rbpzoo
sart3	random_forest	0.9894027777069784	0.972983662287476	0.9913406930504084	0.9776385453866568	0.945310566691413	0.919956537486418	12120	4041	4041	6389	13813	0		honest_60_20_20	rnacompete_rbpzoo
snrpB2	random_forest	0.9978063147589132	0.9947055172171244	0.997492371705964	0.9935022666102452	0.9705179282868526	0.9554037766171152	11293	3765	3765	5949	12874	0		honest_60_20_20	rnacompete_rbpzoo
spo5	random_forest	0.987896179244895	0.9720657598244474	0.9875622223136415	0.9706589006194092	0.9377703826955076	0.9070114370959722	9012	3004	3005	4721	10300	0		honest_60_20_20	rnacompete_rbpzoo
srsf3	random_forest	0.9917973450249664	0.978035005267641	0.9940109609061016	0.9832958338886004	0.9579424134584276	0.9364613880742912	9270	3091	3091	4829	10623	0		honest_60_20_20	rnacompete_rbpzoo
sup-12	random_forest	0.9963034084414348	0.9883274751106192	0.9965437139541732	0.9903147468658596	0.972593353888318	0.9583766909469302	8755	2919	2919	4638	9955	0		honest_60_20_20	rnacompete_rbpzoo
tardbp	random_forest	0.9955015233382148	0.9894664256793444	0.994115703978134	0.9868483826425968	0.9611008203228368	0.9416435093290988	11334	3779	3779	5977	12915	0		honest_60_20_20	rnacompete_rbpzoo
tardbpl	random_forest	0.98833807166538	0.9724717133072248	0.98928743358009	0.9750475270532064	0.9396067415730336	0.911993450675399	10677	3560	3560	5675	12122	0		honest_60_20_20	rnacompete_rbpzoo
tdp-1	random_forest	0.985423341144532	0.9650445339833994	0.9801535875847364	0.955468187122372	0.9360730593607306	0.902706656912948	12483	4161	4161	6574	14231	0		honest_60_20_20	rnacompete_rbpzoo
tia1	logistic_regression	0.9782575432016772	0.9532731962607116	0.9811615293458869	0.9580466196927736	0.9226650803093396	0.8845470692717584	5041	1681	1681	2685	5718	0		honest_60_20_20	rnacompete_rbpzoo
tra2b	random_forest	0.9798980251015136	0.9445937182048764	0.9765826873385012	0.9457142703695596	0.9142572283150548	0.8776671408250356	6018	2006	2006	3152	6878	0		honest_60_20_20	rnacompete_rbpzoo
u2af2b	logistic_regression	0.9853818298840232	0.9650521973462396	0.9868206046290742	0.9688688403019952	0.9429158110882956	0.9127432517263026	7305	2435	2435	3842	8333	0		honest_60_20_20	rnacompete_rbpzoo
